split_seed,source_environment_id,source_environment_key,target_environment_id,target_environment_key,baseline,baseline_method,ptl_method,source_validation_rows,target_excluded_u_only_validation_rows,target_test_rows,target_excluded_u_only_threshold,source_ptl_threshold,target_excluded_u_only_model,source_ptl_model,baseline_aurc,ptl_aurc,baseline_excess_aurc,ptl_excess_aurc,transfer_gain,excess_aurc_gain,risk_at_80_gain,ftr_at_80_gain,same_source_target,same_cell_context,same_perturbation_modality,same_platform,same_condition,same_dataset_family,same_context_modality,prediction_geometry_distance,uq_distribution_distance
20261017,env__v~frangiehizar2021%5Frna__v~patient-derived%5Fmelanoma__v~rna__v~co-culture,frangieh_melanoma_coculture,env__v~frangiehizar2021%5Frna__v~patient-derived%5Fmelanoma__v~rna__v~control,frangieh_melanoma_control,raw_scalar_uq,raw_normalized_uq,ptl_rf,144,807,150,0.26459394263585606,0.11768630650419364,shared_identity_free_random_forest,shared_identity_free_random_forest,0.7122295794709822,0.7086447379241795,0.10240626415546772,0.098821422608665,0.0035848415468027195,0.0035848415468027195,0.005176103679812916,0.025000000000000022,0,1,1,1,0,1,1,0.31620169302385426,0.07335189825038943
20261017,env__v~frangiehizar2021%5Frna__v~patient-derived%5Fmelanoma__v~rna__v~co-culture,frangieh_melanoma_coculture,env__v~frangiehizar2021%5Frna__v~patient-derived%5Fmelanoma__v~rna__v~ifn%CE%B3,frangieh_melanoma_ifng,raw_scalar_uq,raw_normalized_uq,ptl_rf,144,804,150,0.26492753809418446,0.11768630650419364,shared_identity_free_random_forest,shared_identity_free_random_forest,0.7120078242665768,0.7106641120538352,0.08757033624494048,0.08622662403219883,0.0013437122127416545,0.0013437122127416545,0.005766154917714705,0.008333333333333304,0,1,1,1,0,1,1,0.31919080346812667,0.1198060664277381
20261017,env__v~frangiehizar2021%5Frna__v~patient-derived%5Fmelanoma__v~rna__v~co-culture,frangieh_melanoma_coculture,env__v~normanweissman2019%5Ffiltered__v~k562__v~rna__v~baseline,norman_k562,raw_scalar_uq,raw_normalized_uq,ptl_rf,144,810,144,0.22033849654617127,0.11768630650419364,shared_identity_free_random_forest,shared_identity_free_random_forest,0.3825737033269119,0.36657637014394023,0.21010781589031047,0.19411048270733883,0.01599733318297164,0.01599733318297164,0.04194360028344818,0.04310344827586199,0,0,0,0,0,0,0,1.8413367681106119,0.8990245192587839
20261017,env__v~frangiehizar2021%5Frna__v~patient-derived%5Fmelanoma__v~rna__v~co-culture,frangieh_melanoma_coculture,env__v~replogleweissman2022%5Frpe1__v~rpe1__v~rna__v~baseline,replogle_rpe1,raw_scalar_uq,raw_normalized_uq,ptl_rf,144,852,99,0.27467611596069713,0.11768630650419364,shared_identity_free_random_forest,shared_identity_free_random_forest,0.8380333037937346,0.8709311930340589,0.13304729869043697,0.16594518793076118,-0.03289788924032422,-0.03289788924032422,0.0030216205685069664,0.03750000000000009,0,0,0,0,0,0,0,1.164104924987385,3.2222940836288094
20261017,env__v~frangiehizar2021%5Frna__v~patient-derived%5Fmelanoma__v~rna__v~co-culture,frangieh_melanoma_coculture,env__v~tiankampmann2021%5Fcrispra__v~ipsc-induced%5Fneuron__v~rna__v~baseline,tian_neuron_crispra,raw_scalar_uq,raw_normalized_uq,ptl_rf,144,891,60,0.23743937024011375,0.11768630650419364,shared_identity_free_random_forest,shared_identity_free_random_forest,0.5094530379915293,0.49904464059869497,0.09084505966846118,0.08043666227562685,0.010408397392834334,0.010408397392834334,0.0070526844758759255,0.02083333333333326,0,0,0,0,0,0,0,0.5233535555806695,0.23907315879286867
20261017,env__v~frangiehizar2021%5Frna__v~patient-derived%5Fmelanoma__v~rna__v~co-culture,frangieh_melanoma_coculture,env__v~tiankampmann2021%5Fcrispri__v~ipsc-induced%5Fneuron__v~rna__v~baseline,tian_neuron_crispri,raw_scalar_uq,raw_normalized_uq,ptl_rf,144,843,114,0.22702643229703093,0.11768630650419364,shared_identity_free_random_forest,shared_identity_free_random_forest,0.5485573704182582,0.5243467601970956,0.07875896350655603,0.05454835328539337,0.024210610221162665,0.024210610221162665,0.030233700043407863,0.0,0,0,0,0,0,0,0,0.6356083197929225,0.24384873788123382
20261017,env__v~frangiehizar2021%5Frna__v~patient-derived%5Fmelanoma__v~rna__v~co-culture,frangieh_melanoma_coculture,env__v~xucao2023__v~hek293__v~rna__v~baseline,xu_he293,raw_scalar_uq,raw_normalized_uq,ptl_rf,144,843,114,0.2577043823921829,0.11768630650419364,shared_identity_free_random_forest,shared_identity_free_random_forest,0.6594490512175285,0.6550250423697465,0.07460376735700647,0.07017975850922442,0.004424008847782046,0.004424008847782046,0.003512294772612279,0.010869565217391242,0,0,0,0,0,0,0,0.9661258081990611,0.7762143390390277
20261017,env__v~frangiehizar2021%5Frna__v~patient-derived%5Fmelanoma__v~rna__v~control,frangieh_melanoma_control,env__v~frangiehizar2021%5Frna__v~patient-derived%5Fmelanoma__v~rna__v~co-culture,frangieh_melanoma_coculture,raw_scalar_uq,raw_normalized_uq,ptl_rf,144,807,150,0.28970438697282314,0.21664752433511786,shared_identity_free_random_forest,shared_identity_free_random_forest,0.8145163212516141,0.8193147089771503,0.06429489479958861,0.06909328252512481,-0.004798387725536202,-0.004798387725536202,0.007280243353587346,0.0,0,1,1,1,0,1,1,0.3210192513609204,0.09716791487660914
20261017,env__v~frangiehizar2021%5Frna__v~patient-derived%5Fmelanoma__v~rna__v~control,frangieh_melanoma_control,env__v~frangiehizar2021%5Frna__v~patient-derived%5Fmelanoma__v~rna__v~ifn%CE%B3,frangieh_melanoma_ifng,raw_scalar_uq,raw_normalized_uq,ptl_rf,144,804,150,0.26492753809418446,0.21664752433511786,shared_identity_free_random_forest,shared_identity_free_random_forest,0.7120078242665768,0.7019505766457178,0.08757033624494048,0.07751308862408146,0.010057247620859022,0.010057247620859022,0.005614064583423395,0.008333333333333304,0,1,1,1,0,1,1,0.04112154347083786,0.11715955010251648
20261017,env__v~frangiehizar2021%5Frna__v~patient-derived%5Fmelanoma__v~rna__v~control,frangieh_melanoma_control,env__v~normanweissman2019%5Ffiltered__v~k562__v~rna__v~baseline,norman_k562,raw_scalar_uq,raw_normalized_uq,ptl_rf,144,810,144,0.22033849654617127,0.21664752433511786,shared_identity_free_random_forest,shared_identity_free_random_forest,0.3825737033269119,0.3708074225772089,0.21010781589031047,0.19834153514060748,0.011766280749702984,0.011766280749702984,0.05230380190345757,0.06034482758620685,0,0,0,0,0,0,0,1.5500568297706772,0.8626239983601692
20261017,env__v~frangiehizar2021%5Frna__v~patient-derived%5Fmelanoma__v~rna__v~control,frangieh_melanoma_control,env__v~replogleweissman2022%5Frpe1__v~rpe1__v~rna__v~baseline,replogle_rpe1,raw_scalar_uq,raw_normalized_uq,ptl_rf,144,852,99,0.27467611596069713,0.21664752433511786,shared_identity_free_random_forest,shared_identity_free_random_forest,0.8380333037937346,0.8693857426844726,0.13304729869043697,0.16439973758117488,-0.03135243889073791,-0.03135243889073791,0.005379234292567148,0.025000000000000022,0,0,0,0,0,0,0,0.9254044443826069,3.1907591382465377
20261017,env__v~frangiehizar2021%5Frna__v~patient-derived%5Fmelanoma__v~rna__v~control,frangieh_melanoma_control,env__v~tiankampmann2021%5Fcrispra__v~ipsc-induced%5Fneuron__v~rna__v~baseline,tian_neuron_crispra,raw_scalar_uq,raw_normalized_uq,ptl_rf,144,891,60,0.23743937024011375,0.21664752433511786,shared_identity_free_random_forest,shared_identity_free_random_forest,0.5094530379915293,0.46667431425783423,0.09084505966846118,0.04806633593476611,0.04277872373369507,0.04277872373369507,0.008883522908987973,0.04166666666666663,0,0,0,0,0,0,0,0.6721899070312658,0.2667625816591925
20261017,env__v~frangiehizar2021%5Frna__v~patient-derived%5Fmelanoma__v~rna__v~control,frangieh_melanoma_control,env__v~tiankampmann2021%5Fcrispri__v~ipsc-induced%5Fneuron__v~rna__v~baseline,tian_neuron_crispri,raw_scalar_uq,raw_normalized_uq,ptl_rf,144,843,114,0.22702643229703093,0.21664752433511786,shared_identity_free_random_forest,shared_identity_free_random_forest,0.5485573704182582,0.5148756376805893,0.07875896350655603,0.04507723076888709,0.033681732737668946,0.033681732737668946,0.010756220569101305,0.0,0,0,0,0,0,0,0,0.9179258358205145,0.27156176919243585
20261017,env__v~frangiehizar2021%5Frna__v~patient-derived%5Fmelanoma__v~rna__v~control,frangieh_melanoma_control,env__v~xucao2023__v~hek293__v~rna__v~baseline,xu_he293,raw_scalar_uq,raw_normalized_uq,ptl_rf,144,843,114,0.2577043823921829,0.21664752433511786,shared_identity_free_random_forest,shared_identity_free_random_forest,0.6594490512175285,0.6491646506449967,0.07460376735700647,0.0643193667844747,0.010284400572531771,0.010284400572531771,-0.004296695981017784,0.0,0,0,0,0,0,0,0,1.039874161700098,0.7223801096837732
20261017,env__v~frangiehizar2021%5Frna__v~patient-derived%5Fmelanoma__v~rna__v~ifn%CE%B3,frangieh_melanoma_ifng,env__v~frangiehizar2021%5Frna__v~patient-derived%5Fmelanoma__v~rna__v~co-culture,frangieh_melanoma_coculture,raw_scalar_uq,raw_normalized_uq,ptl_rf,147,807,150,0.28970438697282314,0.2013493497664589,shared_identity_free_random_forest,shared_identity_free_random_forest,0.8145163212516141,0.8163989906962121,0.06429489479958861,0.06617756424418664,-0.0018826694445980285,-0.0018826694445980285,0.010184263856731657,0.0,0,1,1,1,0,1,1,0.30184648034071243,0.2561870801679237
20261017,env__v~frangiehizar2021%5Frna__v~patient-derived%5Fmelanoma__v~rna__v~ifn%CE%B3,frangieh_melanoma_ifng,env__v~frangiehizar2021%5Frna__v~patient-derived%5Fmelanoma__v~rna__v~control,frangieh_melanoma_control,raw_scalar_uq,raw_normalized_uq,ptl_rf,147,807,150,0.26459394263585606,0.2013493497664589,shared_identity_free_random_forest,shared_identity_free_random_forest,0.7122295794709822,0.695840978452534,0.10240626415546772,0.08601766313701953,0.01638860101844819,0.01638860101844819,0.007079162875950007,0.033333333333333326,0,1,1,1,0,1,1,0.17127434959238533,0.26627366984489853
20261017,env__v~frangiehizar2021%5Frna__v~patient-derived%5Fmelanoma__v~rna__v~ifn%CE%B3,frangieh_melanoma_ifng,env__v~normanweissman2019%5Ffiltered__v~k562__v~rna__v~baseline,norman_k562,raw_scalar_uq,raw_normalized_uq,ptl_rf,147,810,144,0.22033849654617127,0.2013493497664589,shared_identity_free_random_forest,shared_identity_free_random_forest,0.3825737033269119,0.383157478230437,0.21010781589031047,0.2106915907938356,-0.000583774903525125,-0.000583774903525125,0.04505348192030556,0.04310344827586199,0,0,0,0,0,0,0,1.5150478601064254,0.8005467657964056
20261017,env__v~frangiehizar2021%5Frna__v~patient-derived%5Fmelanoma__v~rna__v~ifn%CE%B3,frangieh_melanoma_ifng,env__v~replogleweissman2022%5Frpe1__v~rpe1__v~rna__v~baseline,replogle_rpe1,raw_scalar_uq,raw_normalized_uq,ptl_rf,147,852,99,0.27467611596069713,0.2013493497664589,shared_identity_free_random_forest,shared_identity_free_random_forest,0.8380333037937346,0.8733436234755386,0.13304729869043697,0.16835761837224095,-0.03531031968180398,-0.03531031968180398,-0.0008698743416422072,0.012500000000000067,0,0,0,0,0,0,0,0.8573767351963186,2.9886808893198276
20261017,env__v~frangiehizar2021%5Frna__v~patient-derived%5Fmelanoma__v~rna__v~ifn%CE%B3,frangieh_melanoma_ifng,env__v~tiankampmann2021%5Fcrispra__v~ipsc-induced%5Fneuron__v~rna__v~baseline,tian_neuron_crispra,raw_scalar_uq,raw_normalized_uq,ptl_rf,147,891,60,0.23743937024011375,0.2013493497664589,shared_identity_free_random_forest,shared_identity_free_random_forest,0.5094530379915293,0.5273578643393283,0.09084505966846118,0.10874988601626018,-0.017904826347798997,-0.017904826347798997,0.005303408500426321,0.0,0,0,0,0,0,0,0,0.5524757690070713,0.46886864559081526
20261017,env__v~frangiehizar2021%5Frna__v~patient-derived%5Fmelanoma__v~rna__v~ifn%CE%B3,frangieh_melanoma_ifng,env__v~tiankampmann2021%5Fcrispri__v~ipsc-induced%5Fneuron__v~rna__v~baseline,tian_neuron_crispri,raw_scalar_uq,raw_normalized_uq,ptl_rf,147,843,114,0.22702643229703093,0.2013493497664589,shared_identity_free_random_forest,shared_identity_free_random_forest,0.5485573704182582,0.5148994112178835,0.07875896350655603,0.0451010043061813,0.03365795920037473,0.03365795920037473,0.030011215928653412,0.0,0,0,0,0,0,0,0,0.8244259544452563,0.4737799669400443
20261017,env__v~frangiehizar2021%5Frna__v~patient-derived%5Fmelanoma__v~rna__v~ifn%CE%B3,frangieh_melanoma_ifng,env__v~xucao2023__v~hek293__v~rna__v~baseline,xu_he293,raw_scalar_uq,raw_normalized_uq,ptl_rf,147,843,114,0.2577043823921829,0.2013493497664589,shared_identity_free_random_forest,shared_identity_free_random_forest,0.6594490512175285,0.6511938937008521,0.07460376735700647,0.06634860984033009,0.008255157516676381,0.008255157516676381,0.006794554853338464,0.04347826086956519,0,0,0,0,0,0,0,0.9107482139406556,0.5864330230946838
20261017,env__v~normanweissman2019%5Ffiltered__v~k562__v~rna__v~baseline,norman_k562,env__v~frangiehizar2021%5Frna__v~patient-derived%5Fmelanoma__v~rna__v~co-culture,frangieh_melanoma_coculture,raw_scalar_uq,raw_normalized_uq,ptl_rf,141,807,150,0.28970438697282314,0.6217108237827533,shared_identity_free_random_forest,shared_identity_free_random_forest,0.8145163212516141,0.8177698324014733,0.06429489479958861,0.06754840594944778,-0.0032535111498591673,-0.0032535111498591673,0.0026431803708907298,0.0,0,0,0,0,0,0,0,2.068941433025447,1.0942531600126304
20261017,env__v~normanweissman2019%5Ffiltered__v~k562__v~rna__v~baseline,norman_k562,env__v~frangiehizar2021%5Frna__v~patient-derived%5Fmelanoma__v~rna__v~control,frangieh_melanoma_control,raw_scalar_uq,raw_normalized_uq,ptl_rf,141,807,150,0.26459394263585606,0.6217108237827533,shared_identity_free_random_forest,shared_identity_free_random_forest,0.7122295794709822,0.7107248392327673,0.10240626415546772,0.10090152391725282,0.0015047402382148967,0.0015047402382148967,-0.0007679201673937985,0.008333333333333304,0,0,0,0,0,0,0,1.8799325613421136,1.1149805050213886
20261017,env__v~normanweissman2019%5Ffiltered__v~k562__v~rna__v~baseline,norman_k562,env__v~frangiehizar2021%5Frna__v~patient-derived%5Fmelanoma__v~rna__v~ifn%CE%B3,frangieh_melanoma_ifng,raw_scalar_uq,raw_normalized_uq,ptl_rf,141,804,150,0.26492753809418446,0.6217108237827533,shared_identity_free_random_forest,shared_identity_free_random_forest,0.7120078242665768,0.7083528769413681,0.08757033624494048,0.08391538891973171,0.0036549473252087683,0.0036549473252087683,0.0033793653366875898,0.008333333333333304,0,0,0,0,0,0,0,1.828053129495255,1.0202280364075567
20261017,env__v~normanweissman2019%5Ffiltered__v~k562__v~rna__v~baseline,norman_k562,env__v~replogleweissman2022%5Frpe1__v~rpe1__v~rna__v~baseline,replogle_rpe1,raw_scalar_uq,raw_normalized_uq,ptl_rf,141,852,99,0.27467611596069713,0.6217108237827533,shared_identity_free_random_forest,shared_identity_free_random_forest,0.8380333037937346,0.8720508360356197,0.13304729869043697,0.16706483093232205,-0.034017532241885085,-0.034017532241885085,-0.015106936677610205,-0.012499999999999956,0,0,0,1,1,0,0,0.946323216817946,2.6327430398084486
20261017,env__v~normanweissman2019%5Ffiltered__v~k562__v~rna__v~baseline,norman_k562,env__v~tiankampmann2021%5Fcrispra__v~ipsc-induced%5Fneuron__v~rna__v~baseline,tian_neuron_crispra,raw_scalar_uq,raw_normalized_uq,ptl_rf,141,891,60,0.23743937024011375,0.6217108237827533,shared_identity_free_random_forest,shared_identity_free_random_forest,0.5094530379915293,0.478157007698612,0.09084505966846118,0.059549029375543905,0.031296030292917276,0.031296030292917276,0.014163646060431967,0.04166666666666663,0,0,1,1,1,0,0,1.9235147016272267,1.0941646706502748
20261017,env__v~normanweissman2019%5Ffiltered__v~k562__v~rna__v~baseline,norman_k562,env__v~tiankampmann2021%5Fcrispri__v~ipsc-induced%5Fneuron__v~rna__v~baseline,tian_neuron_crispri,raw_scalar_uq,raw_normalized_uq,ptl_rf,141,843,114,0.22702643229703093,0.6217108237827533,shared_identity_free_random_forest,shared_identity_free_random_forest,0.5485573704182582,0.5019211886207492,0.07875896350655603,0.03212278170904698,0.04663618179750906,0.04663618179750906,0.023465958781428986,0.0,0,0,0,1,1,0,0,2.2940497853785113,1.1348174749613154
20261017,env__v~normanweissman2019%5Ffiltered__v~k562__v~rna__v~baseline,norman_k562,env__v~xucao2023__v~hek293__v~rna__v~baseline,xu_he293,raw_scalar_uq,raw_normalized_uq,ptl_rf,141,843,114,0.2577043823921829,0.6217108237827533,shared_identity_free_random_forest,shared_identity_free_random_forest,0.6594490512175285,0.6511262792208872,0.07460376735700647,0.06628099536036514,0.008322771996641332,0.008322771996641332,0.004808247522950393,0.021739130434782594,0,0,0,1,1,0,0,1.773910048510662,1.2777563198390502
20261017,env__v~replogleweissman2022%5Frpe1__v~rpe1__v~rna__v~baseline,replogle_rpe1,env__v~frangiehizar2021%5Frna__v~patient-derived%5Fmelanoma__v~rna__v~co-culture,frangieh_melanoma_coculture,raw_scalar_uq,raw_normalized_uq,ptl_rf,99,807,150,0.28970438697282314,0.07930440421135888,shared_identity_free_random_forest,shared_identity_free_random_forest,0.8145163212516141,0.8175354857868665,0.06429489479958861,0.06731405933484103,-0.0030191645352524166,-0.0030191645352524166,0.010245305892992218,0.0,0,0,0,0,0,0,0,1.0691852910633213,2.8329276092128723
20261017,env__v~replogleweissman2022%5Frpe1__v~rpe1__v~rna__v~baseline,replogle_rpe1,env__v~frangiehizar2021%5Frna__v~patient-derived%5Fmelanoma__v~rna__v~control,frangieh_melanoma_control,raw_scalar_uq,raw_normalized_uq,ptl_rf,99,807,150,0.26459394263585606,0.07930440421135888,shared_identity_free_random_forest,shared_identity_free_random_forest,0.7122295794709822,0.7238264901110721,0.10240626415546772,0.11400317479555766,-0.011596910640089941,-0.011596910640089941,0.010905498413641856,0.04166666666666663,0,0,0,0,0,0,0,0.8942465931711792,2.861006837482975
20261017,env__v~replogleweissman2022%5Frpe1__v~rpe1__v~rna__v~baseline,replogle_rpe1,env__v~frangiehizar2021%5Frna__v~patient-derived%5Fmelanoma__v~rna__v~ifn%CE%B3,frangieh_melanoma_ifng,raw_scalar_uq,raw_normalized_uq,ptl_rf,99,804,150,0.26492753809418446,0.07930440421135888,shared_identity_free_random_forest,shared_identity_free_random_forest,0.7120078242665768,0.7026933082422095,0.08757033624494048,0.0782558202205732,0.009314516024367281,0.009314516024367281,0.008648833771695674,0.016666666666666607,0,0,0,0,0,0,0,0.8366907549163627,2.8148156549264014
20261017,env__v~replogleweissman2022%5Frpe1__v~rpe1__v~rna__v~baseline,replogle_rpe1,env__v~normanweissman2019%5Ffiltered__v~k562__v~rna__v~baseline,norman_k562,raw_scalar_uq,raw_normalized_uq,ptl_rf,99,810,144,0.22033849654617127,0.07930440421135888,shared_identity_free_random_forest,shared_identity_free_random_forest,0.3825737033269119,0.4125631759597328,0.21010781589031047,0.2400972885231314,-0.029989472632820924,-0.029989472632820924,0.0400221563487132,0.04310344827586199,0,0,0,1,1,0,0,0.7501345910113744,2.4718101231643295
20261017,env__v~replogleweissman2022%5Frpe1__v~rpe1__v~rna__v~baseline,replogle_rpe1,env__v~tiankampmann2021%5Fcrispra__v~ipsc-induced%5Fneuron__v~rna__v~baseline,tian_neuron_crispra,raw_scalar_uq,raw_normalized_uq,ptl_rf,99,891,60,0.23743937024011375,0.07930440421135888,shared_identity_free_random_forest,shared_identity_free_random_forest,0.5094530379915293,0.4685816585340086,0.09084505966846118,0.04997368021094051,0.040871379457520673,0.040871379457520673,0.011447871530739895,0.02083333333333326,0,0,0,1,1,0,0,0.9850826616965696,3.0749075899120952
20261017,env__v~replogleweissman2022%5Frpe1__v~rpe1__v~rna__v~baseline,replogle_rpe1,env__v~tiankampmann2021%5Fcrispri__v~ipsc-induced%5Fneuron__v~rna__v~baseline,tian_neuron_crispri,raw_scalar_uq,raw_normalized_uq,ptl_rf,99,843,114,0.22702643229703093,0.07930440421135888,shared_identity_free_random_forest,shared_identity_free_random_forest,0.5485573704182582,0.4999460826873233,0.07875896350655603,0.030147675775621108,0.04861128773093493,0.04861128773093493,0.032144738279292984,0.0,0,0,1,1,1,0,0,1.3601748603430428,3.085606261203666
20261017,env__v~replogleweissman2022%5Frpe1__v~rpe1__v~rna__v~baseline,replogle_rpe1,env__v~xucao2023__v~hek293__v~rna__v~baseline,xu_he293,raw_scalar_uq,raw_normalized_uq,ptl_rf,99,843,114,0.2577043823921829,0.07930440421135888,shared_identity_free_random_forest,shared_identity_free_random_forest,0.6594490512175285,0.6471495503869071,0.07460376735700647,0.0623042665263851,0.012299500830621368,0.012299500830621368,0.005780622988152739,0.05434782608695654,0,0,1,1,1,0,0,0.9980676928960066,2.111640846925298
20261017,env__v~tiankampmann2021%5Fcrispra__v~ipsc-induced%5Fneuron__v~rna__v~baseline,tian_neuron_crispra,env__v~frangiehizar2021%5Frna__v~patient-derived%5Fmelanoma__v~rna__v~co-culture,frangieh_melanoma_coculture,raw_scalar_uq,raw_normalized_uq,ptl_rf,60,807,150,0.28970438697282314,0.37540901790856457,shared_identity_free_random_forest,shared_identity_free_random_forest,0.8145163212516141,0.8141255917501258,0.06429489479958861,0.06390416529810028,0.0003907295014883294,0.0003907295014883294,0.00836076728919466,0.0,0,0,0,0,0,0,0,0.5369355332170196,0.301047672466642
20261017,env__v~tiankampmann2021%5Fcrispra__v~ipsc-induced%5Fneuron__v~rna__v~baseline,tian_neuron_crispra,env__v~frangiehizar2021%5Frna__v~patient-derived%5Fmelanoma__v~rna__v~control,frangieh_melanoma_control,raw_scalar_uq,raw_normalized_uq,ptl_rf,60,807,150,0.26459394263585606,0.37540901790856457,shared_identity_free_random_forest,shared_identity_free_random_forest,0.7122295794709822,0.7239723784904691,0.10240626415546772,0.11414906317495466,-0.011742799019486938,-0.011742799019486938,0.012643799798905953,0.04166666666666663,0,0,0,0,0,0,0,0.6900033857154766,0.2716524207919313
20261017,env__v~tiankampmann2021%5Fcrispra__v~ipsc-induced%5Fneuron__v~rna__v~baseline,tian_neuron_crispra,env__v~frangiehizar2021%5Frna__v~patient-derived%5Fmelanoma__v~rna__v~ifn%CE%B3,frangieh_melanoma_ifng,raw_scalar_uq,raw_normalized_uq,ptl_rf,60,804,150,0.26492753809418446,0.37540901790856457,shared_identity_free_random_forest,shared_identity_free_random_forest,0.7120078242665768,0.7032769780983362,0.08757033624494048,0.07883949007669988,0.008730846168240602,0.008730846168240602,0.010631948597162322,0.016666666666666607,0,0,0,0,0,0,0,0.6333650753012702,0.3175444507085084
20261017,env__v~tiankampmann2021%5Fcrispra__v~ipsc-induced%5Fneuron__v~rna__v~baseline,tian_neuron_crispra,env__v~normanweissman2019%5Ffiltered__v~k562__v~rna__v~baseline,norman_k562,raw_scalar_uq,raw_normalized_uq,ptl_rf,60,810,144,0.22033849654617127,0.37540901790856457,shared_identity_free_random_forest,shared_identity_free_random_forest,0.3825737033269119,0.37083469453679907,0.21010781589031047,0.19836880710019766,0.011739008790112804,0.011739008790112804,0.04449703852625042,0.04310344827586199,0,0,1,1,1,0,0,1.6891370865392838,0.8701933363870277
20261017,env__v~tiankampmann2021%5Fcrispra__v~ipsc-induced%5Fneuron__v~rna__v~baseline,tian_neuron_crispra,env__v~replogleweissman2022%5Frpe1__v~rpe1__v~rna__v~baseline,replogle_rpe1,raw_scalar_uq,raw_normalized_uq,ptl_rf,60,852,99,0.27467611596069713,0.37540901790856457,shared_identity_free_random_forest,shared_identity_free_random_forest,0.8380333037937346,0.8688136640240854,0.13304729869043697,0.16382765892078777,-0.0307803602303508,-0.0307803602303508,0.002899075221437508,0.03750000000000009,0,0,0,1,1,0,0,0.9693098763624781,3.499863031724806
20261017,env__v~tiankampmann2021%5Fcrispra__v~ipsc-induced%5Fneuron__v~rna__v~baseline,tian_neuron_crispra,env__v~tiankampmann2021%5Fcrispri__v~ipsc-induced%5Fneuron__v~rna__v~baseline,tian_neuron_crispri,raw_scalar_uq,raw_normalized_uq,ptl_rf,60,843,114,0.22702643229703093,0.37540901790856457,shared_identity_free_random_forest,shared_identity_free_random_forest,0.5485573704182582,0.5015190626904851,0.07875896350655603,0.03172065577878286,0.047038307727773176,0.047038307727773176,0.032405802795607674,0.0,0,1,0,1,1,0,0,0.39595609160512363,0.08751052435569515
20261017,env__v~tiankampmann2021%5Fcrispra__v~ipsc-induced%5Fneuron__v~rna__v~baseline,tian_neuron_crispra,env__v~xucao2023__v~hek293__v~rna__v~baseline,xu_he293,raw_scalar_uq,raw_normalized_uq,ptl_rf,60,843,114,0.2577043823921829,0.37540901790856457,shared_identity_free_random_forest,shared_identity_free_random_forest,0.6594490512175285,0.6535358904394506,0.07460376735700647,0.06869060657892856,0.005913160778077908,0.005913160778077908,0.0038132201959506506,0.04347826086956519,0,0,0,1,1,0,0,0.4340084125485057,1.0191569528407154
20261017,env__v~tiankampmann2021%5Fcrispri__v~ipsc-induced%5Fneuron__v~rna__v~baseline,tian_neuron_crispri,env__v~frangiehizar2021%5Frna__v~patient-derived%5Fmelanoma__v~rna__v~co-culture,frangieh_melanoma_coculture,raw_scalar_uq,raw_normalized_uq,ptl_rf,108,807,150,0.28970438697282314,0.39690502941867517,shared_identity_free_random_forest,shared_identity_free_random_forest,0.8145163212516141,0.8239834664896729,0.06429489479958861,0.07376204003764741,-0.009467145238058805,-0.009467145238058805,0.00016101785651223555,0.0,0,0,0,0,0,0,0,0.6730209069303758,0.34329301607560475
20261017,env__v~tiankampmann2021%5Fcrispri__v~ipsc-induced%5Fneuron__v~rna__v~baseline,tian_neuron_crispri,env__v~frangiehizar2021%5Frna__v~patient-derived%5Fmelanoma__v~rna__v~control,frangieh_melanoma_control,raw_scalar_uq,raw_normalized_uq,ptl_rf,108,807,150,0.26459394263585606,0.39690502941867517,shared_identity_free_random_forest,shared_identity_free_random_forest,0.7122295794709822,0.7000883139223373,0.10240626415546772,0.0902649986068228,0.01214126554864492,0.01214126554864492,-0.00044247036501254833,0.0,0,0,0,0,0,0,0,0.933431268742017,0.31403208164524554
20261017,env__v~tiankampmann2021%5Fcrispri__v~ipsc-induced%5Fneuron__v~rna__v~baseline,tian_neuron_crispri,env__v~frangiehizar2021%5Frna__v~patient-derived%5Fmelanoma__v~rna__v~ifn%CE%B3,frangieh_melanoma_ifng,raw_scalar_uq,raw_normalized_uq,ptl_rf,108,804,150,0.26492753809418446,0.39690502941867517,shared_identity_free_random_forest,shared_identity_free_random_forest,0.7120078242665768,0.702809832804939,0.08757033624494048,0.07837234478330268,0.0091979914616378,0.0091979914616378,0.008968281503794251,0.008333333333333304,0,0,0,0,0,0,0,0.9034262971273471,0.3602610373673584
20261017,env__v~tiankampmann2021%5Fcrispri__v~ipsc-induced%5Fneuron__v~rna__v~baseline,tian_neuron_crispri,env__v~normanweissman2019%5Ffiltered__v~k562__v~rna__v~baseline,norman_k562,raw_scalar_uq,raw_normalized_uq,ptl_rf,108,810,144,0.22033849654617127,0.39690502941867517,shared_identity_free_random_forest,shared_identity_free_random_forest,0.3825737033269119,0.3672784588206444,0.21010781589031047,0.194812571384043,0.015295244506267458,0.015295244506267458,0.04445880272646768,0.04310344827586199,0,0,0,1,1,0,0,2.1295428149499087,0.9496870241020335
20261017,env__v~tiankampmann2021%5Fcrispri__v~ipsc-induced%5Fneuron__v~rna__v~baseline,tian_neuron_crispri,env__v~replogleweissman2022%5Frpe1__v~rpe1__v~rna__v~baseline,replogle_rpe1,raw_scalar_uq,raw_normalized_uq,ptl_rf,108,852,99,0.27467611596069713,0.39690502941867517,shared_identity_free_random_forest,shared_identity_free_random_forest,0.8380333037937346,0.8782575765306726,0.13304729869043697,0.17327157142737493,-0.04022427273693796,-0.04022427273693796,-0.013464104433338897,-0.012499999999999956,0,0,1,1,1,0,0,1.4097762776765923,3.548859736744137
20261017,env__v~tiankampmann2021%5Fcrispri__v~ipsc-induced%5Fneuron__v~rna__v~baseline,tian_neuron_crispri,env__v~tiankampmann2021%5Fcrispra__v~ipsc-induced%5Fneuron__v~rna__v~baseline,tian_neuron_crispra,raw_scalar_uq,raw_normalized_uq,ptl_rf,108,891,60,0.23743937024011375,0.39690502941867517,shared_identity_free_random_forest,shared_identity_free_random_forest,0.5094530379915293,0.47354002316392124,0.09084505966846118,0.05493204484085312,0.03591301482760806,0.03591301482760806,0.014091185872533996,0.02083333333333326,0,1,0,1,1,0,0,0.41994328268627934,0.11862505843816193
20261017,env__v~tiankampmann2021%5Fcrispri__v~ipsc-induced%5Fneuron__v~rna__v~baseline,tian_neuron_crispri,env__v~xucao2023__v~hek293__v~rna__v~baseline,xu_he293,raw_scalar_uq,raw_normalized_uq,ptl_rf,108,843,114,0.2577043823921829,0.39690502941867517,shared_identity_free_random_forest,shared_identity_free_random_forest,0.6594490512175285,0.6462830159802244,0.07460376735700647,0.06143773211970238,0.013166035237304086,0.013166035237304086,0.002586587721569278,0.021739130434782594,0,0,1,1,1,0,0,0.700550614469538,1.0705171457508853
20261017,env__v~xucao2023__v~hek293__v~rna__v~baseline,xu_he293,env__v~frangiehizar2021%5Frna__v~patient-derived%5Fmelanoma__v~rna__v~co-culture,frangieh_melanoma_coculture,raw_scalar_uq,raw_normalized_uq,ptl_rf,108,807,150,0.28970438697282314,0.22451578207951123,shared_identity_free_random_forest,shared_identity_free_random_forest,0.8145163212516141,0.8477778217838403,0.06429489479958861,0.09755639533181482,-0.03326150053222621,-0.03326150053222621,0.006717764215894539,0.0,0,0,0,0,0,0,0,1.04231477223821,1.0335917770460346
20261017,env__v~xucao2023__v~hek293__v~rna__v~baseline,xu_he293,env__v~frangiehizar2021%5Frna__v~patient-derived%5Fmelanoma__v~rna__v~control,frangieh_melanoma_control,raw_scalar_uq,raw_normalized_uq,ptl_rf,108,807,150,0.26459394263585606,0.22451578207951123,shared_identity_free_random_forest,shared_identity_free_random_forest,0.7122295794709822,0.724200686894478,0.10240626415546772,0.11437737157896355,-0.01197110742349583,-0.01197110742349583,0.0002508875049318515,0.0,0,0,0,0,0,0,0,1.1340146493161096,1.0477517978837754
20261017,env__v~xucao2023__v~hek293__v~rna__v~baseline,xu_he293,env__v~frangiehizar2021%5Frna__v~patient-derived%5Fmelanoma__v~rna__v~ifn%CE%B3,frangieh_melanoma_ifng,raw_scalar_uq,raw_normalized_uq,ptl_rf,108,804,150,0.26492753809418446,0.22451578207951123,shared_identity_free_random_forest,shared_identity_free_random_forest,0.7120078242665768,0.7293246719219485,0.08757033624494048,0.10488718390031215,-0.01731684765537167,-0.01731684765537167,0.008456295680913106,0.016666666666666607,0,0,0,0,0,0,0,1.0655489403640372,0.9809397753673718
20261017,env__v~xucao2023__v~hek293__v~rna__v~baseline,xu_he293,env__v~normanweissman2019%5Ffiltered__v~k562__v~rna__v~baseline,norman_k562,raw_scalar_uq,raw_normalized_uq,ptl_rf,108,810,144,0.22033849654617127,0.22451578207951123,shared_identity_free_random_forest,shared_identity_free_random_forest,0.3825737033269119,0.42422072378786524,0.21010781589031047,0.25175483635126383,-0.041647020460953366,-0.041647020460953366,0.04028172858751494,0.04310344827586199,0,0,0,1,1,0,0,1.5653863923107474,1.0919835625209784
20261017,env__v~xucao2023__v~hek293__v~rna__v~baseline,xu_he293,env__v~replogleweissman2022%5Frpe1__v~rpe1__v~rna__v~baseline,replogle_rpe1,raw_scalar_uq,raw_normalized_uq,ptl_rf,108,852,99,0.27467611596069713,0.22451578207951123,shared_identity_free_random_forest,shared_identity_free_random_forest,0.8380333037937346,0.8745464412491673,0.13304729869043697,0.16956043614586958,-0.03651313745543261,-0.03651313745543261,-0.004925698972314763,0.0,0,0,1,1,1,0,0,0.9145608087932,2.215489843079127
20261017,env__v~xucao2023__v~hek293__v~rna__v~baseline,xu_he293,env__v~tiankampmann2021%5Fcrispra__v~ipsc-induced%5Fneuron__v~rna__v~baseline,tian_neuron_crispra,raw_scalar_uq,raw_normalized_uq,ptl_rf,108,891,60,0.23743937024011375,0.22451578207951123,shared_identity_free_random_forest,shared_identity_free_random_forest,0.5094530379915293,0.526595271545657,0.09084505966846118,0.10798729322258888,-0.017142233554127695,-0.017142233554127695,0.0100391418226643,0.02083333333333326,0,0,0,1,1,0,0,0.5354054779498492,1.2344898188934958
20261017,env__v~xucao2023__v~hek293__v~rna__v~baseline,xu_he293,env__v~tiankampmann2021%5Fcrispri__v~ipsc-induced%5Fneuron__v~rna__v~baseline,tian_neuron_crispri,raw_scalar_uq,raw_normalized_uq,ptl_rf,108,843,114,0.22702643229703093,0.22451578207951123,shared_identity_free_random_forest,shared_identity_free_random_forest,0.5485573704182582,0.5263789136588871,0.07875896350655603,0.0565805067471849,0.022178456759371135,0.022178456759371135,0.011614539531941914,0.0,0,0,1,1,1,0,0,0.7518461366718201,1.2475879255492675
20261017,env__v~frangiehizar2021%5Frna__v~patient-derived%5Fmelanoma__v~rna__v~co-culture,frangieh_melanoma_coculture,env__v~frangiehizar2021%5Frna__v~patient-derived%5Fmelanoma__v~rna__v~control,frangieh_melanoma_control,u_only_rf,u_only_rf,ptl_rf,144,807,150,0.26459394263585606,0.11768630650419364,shared_identity_free_random_forest,shared_identity_free_random_forest,0.7156867525442108,0.7086447379241795,0.10586343722869629,0.098821422608665,0.007042014620031289,0.007042014620031289,0.005940485300304221,0.01666666666666672,0,1,1,1,0,1,1,0.31620169302385426,0.07335189825038943
20261017,env__v~frangiehizar2021%5Frna__v~patient-derived%5Fmelanoma__v~rna__v~co-culture,frangieh_melanoma_coculture,env__v~frangiehizar2021%5Frna__v~patient-derived%5Fmelanoma__v~rna__v~ifn%CE%B3,frangieh_melanoma_ifng,u_only_rf,u_only_rf,ptl_rf,144,804,150,0.26492753809418446,0.11768630650419364,shared_identity_free_random_forest,shared_identity_free_random_forest,0.7352259166104689,0.7106641120538352,0.11078842858883253,0.08622662403219883,0.024561804556633704,0.024561804556633704,0.01007672638996282,0.04166666666666663,0,1,1,1,0,1,1,0.31919080346812667,0.1198060664277381
20261017,env__v~frangiehizar2021%5Frna__v~patient-derived%5Fmelanoma__v~rna__v~co-culture,frangieh_melanoma_coculture,env__v~normanweissman2019%5Ffiltered__v~k562__v~rna__v~baseline,norman_k562,u_only_rf,u_only_rf,ptl_rf,144,810,144,0.22033849654617127,0.11768630650419364,shared_identity_free_random_forest,shared_identity_free_random_forest,0.3731305034405519,0.36657637014394023,0.20066461600395047,0.19411048270733883,0.006554133296611642,0.006554133296611642,-5.7571093685815367e-05,0.01724137931034475,0,0,0,0,0,0,0,1.8413367681106119,0.8990245192587839
20261017,env__v~frangiehizar2021%5Frna__v~patient-derived%5Fmelanoma__v~rna__v~co-culture,frangieh_melanoma_coculture,env__v~replogleweissman2022%5Frpe1__v~rpe1__v~rna__v~baseline,replogle_rpe1,u_only_rf,u_only_rf,ptl_rf,144,852,99,0.27467611596069713,0.11768630650419364,shared_identity_free_random_forest,shared_identity_free_random_forest,0.8963467191189199,0.8709311930340589,0.19136071401562227,0.16594518793076118,0.025415526084861084,0.025415526084861084,0.03165124833152433,0.08750000000000002,0,0,0,0,0,0,0,1.164104924987385,3.2222940836288094
20261017,env__v~frangiehizar2021%5Frna__v~patient-derived%5Fmelanoma__v~rna__v~co-culture,frangieh_melanoma_coculture,env__v~tiankampmann2021%5Fcrispra__v~ipsc-induced%5Fneuron__v~rna__v~baseline,tian_neuron_crispra,u_only_rf,u_only_rf,ptl_rf,144,891,60,0.23743937024011375,0.11768630650419364,shared_identity_free_random_forest,shared_identity_free_random_forest,0.49166661284794244,0.49904464059869497,0.07305863452487432,0.08043666227562685,-0.007378027750752525,-0.007378027750752525,0.006532508275311044,0.0,0,0,0,0,0,0,0,0.5233535555806695,0.23907315879286867
20261017,env__v~frangiehizar2021%5Frna__v~patient-derived%5Fmelanoma__v~rna__v~co-culture,frangieh_melanoma_coculture,env__v~tiankampmann2021%5Fcrispri__v~ipsc-induced%5Fneuron__v~rna__v~baseline,tian_neuron_crispri,u_only_rf,u_only_rf,ptl_rf,144,843,114,0.22702643229703093,0.11768630650419364,shared_identity_free_random_forest,shared_identity_free_random_forest,0.5091017323283328,0.5243467601970956,0.03930332541663056,0.05454835328539337,-0.015245027868762806,-0.015245027868762806,0.004076507716993749,0.0,0,0,0,0,0,0,0,0.6356083197929225,0.24384873788123382
20261017,env__v~frangiehizar2021%5Frna__v~patient-derived%5Fmelanoma__v~rna__v~co-culture,frangieh_melanoma_coculture,env__v~xucao2023__v~hek293__v~rna__v~baseline,xu_he293,u_only_rf,u_only_rf,ptl_rf,144,843,114,0.2577043823921829,0.11768630650419364,shared_identity_free_random_forest,shared_identity_free_random_forest,0.6478632540132235,0.6550250423697465,0.0630179701527015,0.07017975850922442,-0.0071617883565229246,-0.0071617883565229246,0.0008502223627721017,-0.021739130434782594,0,0,0,0,0,0,0,0.9661258081990611,0.7762143390390277
20261017,env__v~frangiehizar2021%5Frna__v~patient-derived%5Fmelanoma__v~rna__v~control,frangieh_melanoma_control,env__v~frangiehizar2021%5Frna__v~patient-derived%5Fmelanoma__v~rna__v~co-culture,frangieh_melanoma_coculture,u_only_rf,u_only_rf,ptl_rf,144,807,150,0.28970438697282314,0.21664752433511786,shared_identity_free_random_forest,shared_identity_free_random_forest,0.831281565891148,0.8193147089771503,0.08106013943912249,0.06909328252512481,0.011966856913997681,0.011966856913997681,0.00602164536041927,0.0,0,1,1,1,0,1,1,0.3210192513609204,0.09716791487660914
20261017,env__v~frangiehizar2021%5Frna__v~patient-derived%5Fmelanoma__v~rna__v~control,frangieh_melanoma_control,env__v~frangiehizar2021%5Frna__v~patient-derived%5Fmelanoma__v~rna__v~ifn%CE%B3,frangieh_melanoma_ifng,u_only_rf,u_only_rf,ptl_rf,144,804,150,0.26492753809418446,0.21664752433511786,shared_identity_free_random_forest,shared_identity_free_random_forest,0.7352259166104689,0.7019505766457178,0.11078842858883253,0.07751308862408146,0.03327533996475107,0.03327533996475107,0.00992463605567151,0.04166666666666663,0,1,1,1,0,1,1,0.04112154347083786,0.11715955010251648
20261017,env__v~frangiehizar2021%5Frna__v~patient-derived%5Fmelanoma__v~rna__v~control,frangieh_melanoma_control,env__v~normanweissman2019%5Ffiltered__v~k562__v~rna__v~baseline,norman_k562,u_only_rf,u_only_rf,ptl_rf,144,810,144,0.22033849654617127,0.21664752433511786,shared_identity_free_random_forest,shared_identity_free_random_forest,0.3731305034405519,0.3708074225772089,0.20066461600395047,0.19834153514060748,0.0023230808633429856,0.0023230808633429856,0.010302630526323575,0.03448275862068961,0,0,0,0,0,0,0,1.5500568297706772,0.8626239983601692
20261017,env__v~frangiehizar2021%5Frna__v~patient-derived%5Fmelanoma__v~rna__v~control,frangieh_melanoma_control,env__v~replogleweissman2022%5Frpe1__v~rpe1__v~rna__v~baseline,replogle_rpe1,u_only_rf,u_only_rf,ptl_rf,144,852,99,0.27467611596069713,0.21664752433511786,shared_identity_free_random_forest,shared_identity_free_random_forest,0.8963467191189199,0.8693857426844726,0.19136071401562227,0.16439973758117488,0.026960976434447392,0.026960976434447392,0.03400886205558451,0.07499999999999996,0,0,0,0,0,0,0,0.9254044443826069,3.1907591382465377
20261017,env__v~frangiehizar2021%5Frna__v~patient-derived%5Fmelanoma__v~rna__v~control,frangieh_melanoma_control,env__v~tiankampmann2021%5Fcrispra__v~ipsc-induced%5Fneuron__v~rna__v~baseline,tian_neuron_crispra,u_only_rf,u_only_rf,ptl_rf,144,891,60,0.23743937024011375,0.21664752433511786,shared_identity_free_random_forest,shared_identity_free_random_forest,0.49166661284794244,0.46667431425783423,0.07305863452487432,0.04806633593476611,0.02499229859010821,0.02499229859010821,0.008363346708423092,0.02083333333333337,0,0,0,0,0,0,0,0.6721899070312658,0.2667625816591925
20261017,env__v~frangiehizar2021%5Frna__v~patient-derived%5Fmelanoma__v~rna__v~control,frangieh_melanoma_control,env__v~tiankampmann2021%5Fcrispri__v~ipsc-induced%5Fneuron__v~rna__v~baseline,tian_neuron_crispri,u_only_rf,u_only_rf,ptl_rf,144,843,114,0.22702643229703093,0.21664752433511786,shared_identity_free_random_forest,shared_identity_free_random_forest,0.5091017323283328,0.5148756376805893,0.03930332541663056,0.04507723076888709,-0.005773905352256525,-0.005773905352256525,-0.015400971757312809,0.0,0,0,0,0,0,0,0,0.9179258358205145,0.27156176919243585
20261017,env__v~frangiehizar2021%5Frna__v~patient-derived%5Fmelanoma__v~rna__v~control,frangieh_melanoma_control,env__v~xucao2023__v~hek293__v~rna__v~baseline,xu_he293,u_only_rf,u_only_rf,ptl_rf,144,843,114,0.2577043823921829,0.21664752433511786,shared_identity_free_random_forest,shared_identity_free_random_forest,0.6478632540132235,0.6491646506449967,0.0630179701527015,0.0643193667844747,-0.0013013966317731995,-0.0013013966317731995,-0.006958768390857961,-0.032608695652173836,0,0,0,0,0,0,0,1.039874161700098,0.7223801096837732
20261017,env__v~frangiehizar2021%5Frna__v~patient-derived%5Fmelanoma__v~rna__v~ifn%CE%B3,frangieh_melanoma_ifng,env__v~frangiehizar2021%5Frna__v~patient-derived%5Fmelanoma__v~rna__v~co-culture,frangieh_melanoma_coculture,u_only_rf,u_only_rf,ptl_rf,147,807,150,0.28970438697282314,0.2013493497664589,shared_identity_free_random_forest,shared_identity_free_random_forest,0.831281565891148,0.8163989906962121,0.08106013943912249,0.06617756424418664,0.014882575194935854,0.014882575194935854,0.008925665863563581,0.0,0,1,1,1,0,1,1,0.30184648034071243,0.2561870801679237
20261017,env__v~frangiehizar2021%5Frna__v~patient-derived%5Fmelanoma__v~rna__v~ifn%CE%B3,frangieh_melanoma_ifng,env__v~frangiehizar2021%5Frna__v~patient-derived%5Fmelanoma__v~rna__v~control,frangieh_melanoma_control,u_only_rf,u_only_rf,ptl_rf,147,807,150,0.26459394263585606,0.2013493497664589,shared_identity_free_random_forest,shared_identity_free_random_forest,0.7156867525442108,0.695840978452534,0.10586343722869629,0.08601766313701953,0.01984577409167676,0.01984577409167676,0.007843544496441313,0.025000000000000022,0,1,1,1,0,1,1,0.17127434959238533,0.26627366984489853
20261017,env__v~frangiehizar2021%5Frna__v~patient-derived%5Fmelanoma__v~rna__v~ifn%CE%B3,frangieh_melanoma_ifng,env__v~normanweissman2019%5Ffiltered__v~k562__v~rna__v~baseline,norman_k562,u_only_rf,u_only_rf,ptl_rf,147,810,144,0.22033849654617127,0.2013493497664589,shared_identity_free_random_forest,shared_identity_free_random_forest,0.3731305034405519,0.383157478230437,0.20066461600395047,0.2106915907938356,-0.010026974789885124,-0.010026974789885124,0.003052310543171566,0.01724137931034475,0,0,0,0,0,0,0,1.5150478601064254,0.8005467657964056
20261017,env__v~frangiehizar2021%5Frna__v~patient-derived%5Fmelanoma__v~rna__v~ifn%CE%B3,frangieh_melanoma_ifng,env__v~replogleweissman2022%5Frpe1__v~rpe1__v~rna__v~baseline,replogle_rpe1,u_only_rf,u_only_rf,ptl_rf,147,852,99,0.27467611596069713,0.2013493497664589,shared_identity_free_random_forest,shared_identity_free_random_forest,0.8963467191189199,0.8733436234755386,0.19136071401562227,0.16835761837224095,0.02300309564338132,0.02300309564338132,0.027759753421375155,0.0625,0,0,0,0,0,0,0,0.8573767351963186,2.9886808893198276
20261017,env__v~frangiehizar2021%5Frna__v~patient-derived%5Fmelanoma__v~rna__v~ifn%CE%B3,frangieh_melanoma_ifng,env__v~tiankampmann2021%5Fcrispra__v~ipsc-induced%5Fneuron__v~rna__v~baseline,tian_neuron_crispra,u_only_rf,u_only_rf,ptl_rf,147,891,60,0.23743937024011375,0.2013493497664589,shared_identity_free_random_forest,shared_identity_free_random_forest,0.49166661284794244,0.5273578643393283,0.07305863452487432,0.10874988601626018,-0.035691251491385856,-0.035691251491385856,0.00478323229986144,-0.02083333333333326,0,0,0,0,0,0,0,0.5524757690070713,0.46886864559081526
20261017,env__v~frangiehizar2021%5Frna__v~patient-derived%5Fmelanoma__v~rna__v~ifn%CE%B3,frangieh_melanoma_ifng,env__v~tiankampmann2021%5Fcrispri__v~ipsc-induced%5Fneuron__v~rna__v~baseline,tian_neuron_crispri,u_only_rf,u_only_rf,ptl_rf,147,843,114,0.22702643229703093,0.2013493497664589,shared_identity_free_random_forest,shared_identity_free_random_forest,0.5091017323283328,0.5148994112178835,0.03930332541663056,0.0451010043061813,-0.005797678889550739,-0.005797678889550739,0.003854023602239298,0.0,0,0,0,0,0,0,0,0.8244259544452563,0.4737799669400443
20261017,env__v~frangiehizar2021%5Frna__v~patient-derived%5Fmelanoma__v~rna__v~ifn%CE%B3,frangieh_melanoma_ifng,env__v~xucao2023__v~hek293__v~rna__v~baseline,xu_he293,u_only_rf,u_only_rf,ptl_rf,147,843,114,0.2577043823921829,0.2013493497664589,shared_identity_free_random_forest,shared_identity_free_random_forest,0.6478632540132235,0.6511938937008521,0.0630179701527015,0.06634860984033009,-0.0033306396876285893,-0.0033306396876285893,0.0041324824434982865,0.010869565217391353,0,0,0,0,0,0,0,0.9107482139406556,0.5864330230946838
20261017,env__v~normanweissman2019%5Ffiltered__v~k562__v~rna__v~baseline,norman_k562,env__v~frangiehizar2021%5Frna__v~patient-derived%5Fmelanoma__v~rna__v~co-culture,frangieh_melanoma_coculture,u_only_rf,u_only_rf,ptl_rf,141,807,150,0.28970438697282314,0.6217108237827533,shared_identity_free_random_forest,shared_identity_free_random_forest,0.831281565891148,0.8177698324014733,0.08106013943912249,0.06754840594944778,0.013511733489674715,0.013511733489674715,0.001384582377722654,0.0,0,0,0,0,0,0,0,2.068941433025447,1.0942531600126304
20261017,env__v~normanweissman2019%5Ffiltered__v~k562__v~rna__v~baseline,norman_k562,env__v~frangiehizar2021%5Frna__v~patient-derived%5Fmelanoma__v~rna__v~control,frangieh_melanoma_control,u_only_rf,u_only_rf,ptl_rf,141,807,150,0.26459394263585606,0.6217108237827533,shared_identity_free_random_forest,shared_identity_free_random_forest,0.7156867525442108,0.7107248392327673,0.10586343722869629,0.10090152391725282,0.004961913311443467,0.004961913311443467,-3.5385469024928895e-06,0.0,0,0,0,0,0,0,0,1.8799325613421136,1.1149805050213886
20261017,env__v~normanweissman2019%5Ffiltered__v~k562__v~rna__v~baseline,norman_k562,env__v~frangiehizar2021%5Frna__v~patient-derived%5Fmelanoma__v~rna__v~ifn%CE%B3,frangieh_melanoma_ifng,u_only_rf,u_only_rf,ptl_rf,141,804,150,0.26492753809418446,0.6217108237827533,shared_identity_free_random_forest,shared_identity_free_random_forest,0.7352259166104689,0.7083528769413681,0.11078842858883253,0.08391538891973171,0.026873039669100818,0.026873039669100818,0.0076899368089357045,0.04166666666666663,0,0,0,0,0,0,0,1.828053129495255,1.0202280364075567
20261017,env__v~normanweissman2019%5Ffiltered__v~k562__v~rna__v~baseline,norman_k562,env__v~replogleweissman2022%5Frpe1__v~rpe1__v~rna__v~baseline,replogle_rpe1,u_only_rf,u_only_rf,ptl_rf,141,852,99,0.27467611596069713,0.6217108237827533,shared_identity_free_random_forest,shared_identity_free_random_forest,0.8963467191189199,0.8720508360356197,0.19136071401562227,0.16706483093232205,0.024295883083300218,0.024295883083300218,0.013522691085407157,0.03749999999999998,0,0,0,1,1,0,0,0.946323216817946,2.6327430398084486
20261017,env__v~normanweissman2019%5Ffiltered__v~k562__v~rna__v~baseline,norman_k562,env__v~tiankampmann2021%5Fcrispra__v~ipsc-induced%5Fneuron__v~rna__v~baseline,tian_neuron_crispra,u_only_rf,u_only_rf,ptl_rf,141,891,60,0.23743937024011375,0.6217108237827533,shared_identity_free_random_forest,shared_identity_free_random_forest,0.49166661284794244,0.478157007698612,0.07305863452487432,0.059549029375543905,0.013509605149330417,0.013509605149330417,0.013643469859867086,0.02083333333333337,0,0,1,1,1,0,0,1.9235147016272267,1.0941646706502748
20261017,env__v~normanweissman2019%5Ffiltered__v~k562__v~rna__v~baseline,norman_k562,env__v~tiankampmann2021%5Fcrispri__v~ipsc-induced%5Fneuron__v~rna__v~baseline,tian_neuron_crispri,u_only_rf,u_only_rf,ptl_rf,141,843,114,0.22702643229703093,0.6217108237827533,shared_identity_free_random_forest,shared_identity_free_random_forest,0.5091017323283328,0.5019211886207492,0.03930332541663056,0.03212278170904698,0.0071805437075835865,0.0071805437075835865,-0.0026912335449851277,0.0,0,0,0,1,1,0,0,2.2940497853785113,1.1348174749613154
20261017,env__v~normanweissman2019%5Ffiltered__v~k562__v~rna__v~baseline,norman_k562,env__v~xucao2023__v~hek293__v~rna__v~baseline,xu_he293,u_only_rf,u_only_rf,ptl_rf,141,843,114,0.2577043823921829,0.6217108237827533,shared_identity_free_random_forest,shared_identity_free_random_forest,0.6478632540132235,0.6511262792208872,0.0630179701527015,0.06628099536036514,-0.003263025207663639,-0.003263025207663639,0.002146175113110216,-0.010869565217391242,0,0,0,1,1,0,0,1.773910048510662,1.2777563198390502
20261017,env__v~replogleweissman2022%5Frpe1__v~rpe1__v~rna__v~baseline,replogle_rpe1,env__v~frangiehizar2021%5Frna__v~patient-derived%5Fmelanoma__v~rna__v~co-culture,frangieh_melanoma_coculture,u_only_rf,u_only_rf,ptl_rf,99,807,150,0.28970438697282314,0.07930440421135888,shared_identity_free_random_forest,shared_identity_free_random_forest,0.831281565891148,0.8175354857868665,0.08106013943912249,0.06731405933484103,0.013746080104281466,0.013746080104281466,0.008986707899824142,0.0,0,0,0,0,0,0,0,1.0691852910633213,2.8329276092128723
20261017,env__v~replogleweissman2022%5Frpe1__v~rpe1__v~rna__v~baseline,replogle_rpe1,env__v~frangiehizar2021%5Frna__v~patient-derived%5Fmelanoma__v~rna__v~control,frangieh_melanoma_control,u_only_rf,u_only_rf,ptl_rf,99,807,150,0.26459394263585606,0.07930440421135888,shared_identity_free_random_forest,shared_identity_free_random_forest,0.7156867525442108,0.7238264901110721,0.10586343722869629,0.11400317479555766,-0.008139737566861371,-0.008139737566861371,0.011669880034133162,0.033333333333333326,0,0,0,0,0,0,0,0.8942465931711792,2.861006837482975
20261017,env__v~replogleweissman2022%5Frpe1__v~rpe1__v~rna__v~baseline,replogle_rpe1,env__v~frangiehizar2021%5Frna__v~patient-derived%5Fmelanoma__v~rna__v~ifn%CE%B3,frangieh_melanoma_ifng,u_only_rf,u_only_rf,ptl_rf,99,804,150,0.26492753809418446,0.07930440421135888,shared_identity_free_random_forest,shared_identity_free_random_forest,0.7352259166104689,0.7026933082422095,0.11078842858883253,0.0782558202205732,0.03253260836825933,0.03253260836825933,0.012959405243943789,0.04999999999999993,0,0,0,0,0,0,0,0.8366907549163627,2.8148156549264014
20261017,env__v~replogleweissman2022%5Frpe1__v~rpe1__v~rna__v~baseline,replogle_rpe1,env__v~normanweissman2019%5Ffiltered__v~k562__v~rna__v~baseline,norman_k562,u_only_rf,u_only_rf,ptl_rf,99,810,144,0.22033849654617127,0.07930440421135888,shared_identity_free_random_forest,shared_identity_free_random_forest,0.3731305034405519,0.4125631759597328,0.20066461600395047,0.2400972885231314,-0.03943267251918092,-0.03943267251918092,-0.001979015028420794,0.01724137931034475,0,0,0,1,1,0,0,0.7501345910113744,2.4718101231643295
20261017,env__v~replogleweissman2022%5Frpe1__v~rpe1__v~rna__v~baseline,replogle_rpe1,env__v~tiankampmann2021%5Fcrispra__v~ipsc-induced%5Fneuron__v~rna__v~baseline,tian_neuron_crispra,u_only_rf,u_only_rf,ptl_rf,99,891,60,0.23743937024011375,0.07930440421135888,shared_identity_free_random_forest,shared_identity_free_random_forest,0.49166661284794244,0.4685816585340086,0.07305863452487432,0.04997368021094051,0.023084954313933814,0.023084954313933814,0.010927695330175013,0.0,0,0,0,1,1,0,0,0.9850826616965696,3.0749075899120952
20261017,env__v~replogleweissman2022%5Frpe1__v~rpe1__v~rna__v~baseline,replogle_rpe1,env__v~tiankampmann2021%5Fcrispri__v~ipsc-induced%5Fneuron__v~rna__v~baseline,tian_neuron_crispri,u_only_rf,u_only_rf,ptl_rf,99,843,114,0.22702643229703093,0.07930440421135888,shared_identity_free_random_forest,shared_identity_free_random_forest,0.5091017323283328,0.4999460826873233,0.03930332541663056,0.030147675775621108,0.009155649641009456,0.009155649641009456,0.00598754595287887,0.0,0,0,1,1,1,0,0,1.3601748603430428,3.085606261203666
20261017,env__v~replogleweissman2022%5Frpe1__v~rpe1__v~rna__v~baseline,replogle_rpe1,env__v~xucao2023__v~hek293__v~rna__v~baseline,xu_he293,u_only_rf,u_only_rf,ptl_rf,99,843,114,0.2577043823921829,0.07930440421135888,shared_identity_free_random_forest,shared_identity_free_random_forest,0.6478632540132235,0.6471495503869071,0.0630179701527015,0.0623042665263851,0.0007137036263163976,0.0007137036263163976,0.003118550578312562,0.021739130434782705,0,0,1,1,1,0,0,0.9980676928960066,2.111640846925298
20261017,env__v~tiankampmann2021%5Fcrispra__v~ipsc-induced%5Fneuron__v~rna__v~baseline,tian_neuron_crispra,env__v~frangiehizar2021%5Frna__v~patient-derived%5Fmelanoma__v~rna__v~co-culture,frangieh_melanoma_coculture,u_only_rf,u_only_rf,ptl_rf,60,807,150,0.28970438697282314,0.37540901790856457,shared_identity_free_random_forest,shared_identity_free_random_forest,0.831281565891148,0.8141255917501258,0.08106013943912249,0.06390416529810028,0.017155974141022212,0.017155974141022212,0.007102169296026584,0.0,0,0,0,0,0,0,0,0.5369355332170196,0.301047672466642
20261017,env__v~tiankampmann2021%5Fcrispra__v~ipsc-induced%5Fneuron__v~rna__v~baseline,tian_neuron_crispra,env__v~frangiehizar2021%5Frna__v~patient-derived%5Fmelanoma__v~rna__v~control,frangieh_melanoma_control,u_only_rf,u_only_rf,ptl_rf,60,807,150,0.26459394263585606,0.37540901790856457,shared_identity_free_random_forest,shared_identity_free_random_forest,0.7156867525442108,0.7239723784904691,0.10586343722869629,0.11414906317495466,-0.008285625946258368,-0.008285625946258368,0.013408181419397258,0.033333333333333326,0,0,0,0,0,0,0,0.6900033857154766,0.2716524207919313
20261017,env__v~tiankampmann2021%5Fcrispra__v~ipsc-induced%5Fneuron__v~rna__v~baseline,tian_neuron_crispra,env__v~frangiehizar2021%5Frna__v~patient-derived%5Fmelanoma__v~rna__v~ifn%CE%B3,frangieh_melanoma_ifng,u_only_rf,u_only_rf,ptl_rf,60,804,150,0.26492753809418446,0.37540901790856457,shared_identity_free_random_forest,shared_identity_free_random_forest,0.7352259166104689,0.7032769780983362,0.11078842858883253,0.07883949007669988,0.03194893851213265,0.03194893851213265,0.014942520069410437,0.04999999999999993,0,0,0,0,0,0,0,0.6333650753012702,0.3175444507085084
20261017,env__v~tiankampmann2021%5Fcrispra__v~ipsc-induced%5Fneuron__v~rna__v~baseline,tian_neuron_crispra,env__v~normanweissman2019%5Ffiltered__v~k562__v~rna__v~baseline,norman_k562,u_only_rf,u_only_rf,ptl_rf,60,810,144,0.22033849654617127,0.37540901790856457,shared_identity_free_random_forest,shared_identity_free_random_forest,0.3731305034405519,0.37083469453679907,0.20066461600395047,0.19836880710019766,0.002295808903752805,0.002295808903752805,0.0024958671491164264,0.01724137931034475,0,0,1,1,1,0,0,1.6891370865392838,0.8701933363870277
20261017,env__v~tiankampmann2021%5Fcrispra__v~ipsc-induced%5Fneuron__v~rna__v~baseline,tian_neuron_crispra,env__v~replogleweissman2022%5Frpe1__v~rpe1__v~rna__v~baseline,replogle_rpe1,u_only_rf,u_only_rf,ptl_rf,60,852,99,0.27467611596069713,0.37540901790856457,shared_identity_free_random_forest,shared_identity_free_random_forest,0.8963467191189199,0.8688136640240854,0.19136071401562227,0.16382765892078777,0.027533055094834502,0.027533055094834502,0.03152870298445487,0.08750000000000002,0,0,0,1,1,0,0,0.9693098763624781,3.499863031724806
20261017,env__v~tiankampmann2021%5Fcrispra__v~ipsc-induced%5Fneuron__v~rna__v~baseline,tian_neuron_crispra,env__v~tiankampmann2021%5Fcrispri__v~ipsc-induced%5Fneuron__v~rna__v~baseline,tian_neuron_crispri,u_only_rf,u_only_rf,ptl_rf,60,843,114,0.22702643229703093,0.37540901790856457,shared_identity_free_random_forest,shared_identity_free_random_forest,0.5091017323283328,0.5015190626904851,0.03930332541663056,0.03172065577878286,0.007582669637847705,0.007582669637847705,0.006248610469193561,0.0,0,1,0,1,1,0,0,0.39595609160512363,0.08751052435569515
20261017,env__v~tiankampmann2021%5Fcrispra__v~ipsc-induced%5Fneuron__v~rna__v~baseline,tian_neuron_crispra,env__v~xucao2023__v~hek293__v~rna__v~baseline,xu_he293,u_only_rf,u_only_rf,ptl_rf,60,843,114,0.2577043823921829,0.37540901790856457,shared_identity_free_random_forest,shared_identity_free_random_forest,0.6478632540132235,0.6535358904394506,0.0630179701527015,0.06869060657892856,-0.005672636426227062,-0.005672636426227062,0.0011511477861104735,0.010869565217391353,0,0,0,1,1,0,0,0.4340084125485057,1.0191569528407154
20261017,env__v~tiankampmann2021%5Fcrispri__v~ipsc-induced%5Fneuron__v~rna__v~baseline,tian_neuron_crispri,env__v~frangiehizar2021%5Frna__v~patient-derived%5Fmelanoma__v~rna__v~co-culture,frangieh_melanoma_coculture,u_only_rf,u_only_rf,ptl_rf,108,807,150,0.28970438697282314,0.39690502941867517,shared_identity_free_random_forest,shared_identity_free_random_forest,0.831281565891148,0.8239834664896729,0.08106013943912249,0.07376204003764741,0.007298099401475078,0.007298099401475078,-0.0010975801366558402,0.0,0,0,0,0,0,0,0,0.6730209069303758,0.34329301607560475
20261017,env__v~tiankampmann2021%5Fcrispri__v~ipsc-induced%5Fneuron__v~rna__v~baseline,tian_neuron_crispri,env__v~frangiehizar2021%5Frna__v~patient-derived%5Fmelanoma__v~rna__v~control,frangieh_melanoma_control,u_only_rf,u_only_rf,ptl_rf,108,807,150,0.26459394263585606,0.39690502941867517,shared_identity_free_random_forest,shared_identity_free_random_forest,0.7156867525442108,0.7000883139223373,0.10586343722869629,0.0902649986068228,0.01559843862187349,0.01559843862187349,0.0003219112554787573,-0.008333333333333304,0,0,0,0,0,0,0,0.933431268742017,0.31403208164524554
20261017,env__v~tiankampmann2021%5Fcrispri__v~ipsc-induced%5Fneuron__v~rna__v~baseline,tian_neuron_crispri,env__v~frangiehizar2021%5Frna__v~patient-derived%5Fmelanoma__v~rna__v~ifn%CE%B3,frangieh_melanoma_ifng,u_only_rf,u_only_rf,ptl_rf,108,804,150,0.26492753809418446,0.39690502941867517,shared_identity_free_random_forest,shared_identity_free_random_forest,0.7352259166104689,0.702809832804939,0.11078842858883253,0.07837234478330268,0.03241608380552985,0.03241608380552985,0.013278852976042366,0.04166666666666663,0,0,0,0,0,0,0,0.9034262971273471,0.3602610373673584
20261017,env__v~tiankampmann2021%5Fcrispri__v~ipsc-induced%5Fneuron__v~rna__v~baseline,tian_neuron_crispri,env__v~normanweissman2019%5Ffiltered__v~k562__v~rna__v~baseline,norman_k562,u_only_rf,u_only_rf,ptl_rf,108,810,144,0.22033849654617127,0.39690502941867517,shared_identity_free_random_forest,shared_identity_free_random_forest,0.3731305034405519,0.3672784588206444,0.20066461600395047,0.194812571384043,0.005852044619907459,0.005852044619907459,0.0024576313493336888,0.01724137931034475,0,0,0,1,1,0,0,2.1295428149499087,0.9496870241020335
20261017,env__v~tiankampmann2021%5Fcrispri__v~ipsc-induced%5Fneuron__v~rna__v~baseline,tian_neuron_crispri,env__v~replogleweissman2022%5Frpe1__v~rpe1__v~rna__v~baseline,replogle_rpe1,u_only_rf,u_only_rf,ptl_rf,108,852,99,0.27467611596069713,0.39690502941867517,shared_identity_free_random_forest,shared_identity_free_random_forest,0.8963467191189199,0.8782575765306726,0.19136071401562227,0.17327157142737493,0.018089142588247342,0.018089142588247342,0.015165523329678465,0.03749999999999998,0,0,1,1,1,0,0,1.4097762776765923,3.548859736744137
20261017,env__v~tiankampmann2021%5Fcrispri__v~ipsc-induced%5Fneuron__v~rna__v~baseline,tian_neuron_crispri,env__v~tiankampmann2021%5Fcrispra__v~ipsc-induced%5Fneuron__v~rna__v~baseline,tian_neuron_crispra,u_only_rf,u_only_rf,ptl_rf,108,891,60,0.23743937024011375,0.39690502941867517,shared_identity_free_random_forest,shared_identity_free_random_forest,0.49166661284794244,0.47354002316392124,0.07305863452487432,0.05493204484085312,0.0181265896840212,0.0181265896840212,0.013571009671969114,0.0,0,1,0,1,1,0,0,0.41994328268627934,0.11862505843816193
20261017,env__v~tiankampmann2021%5Fcrispri__v~ipsc-induced%5Fneuron__v~rna__v~baseline,tian_neuron_crispri,env__v~xucao2023__v~hek293__v~rna__v~baseline,xu_he293,u_only_rf,u_only_rf,ptl_rf,108,843,114,0.2577043823921829,0.39690502941867517,shared_identity_free_random_forest,shared_identity_free_random_forest,0.6478632540132235,0.6462830159802244,0.0630179701527015,0.06143773211970238,0.001580238032999115,0.001580238032999115,-7.548468827089927e-05,-0.010869565217391242,0,0,1,1,1,0,0,0.700550614469538,1.0705171457508853
20261017,env__v~xucao2023__v~hek293__v~rna__v~baseline,xu_he293,env__v~frangiehizar2021%5Frna__v~patient-derived%5Fmelanoma__v~rna__v~co-culture,frangieh_melanoma_coculture,u_only_rf,u_only_rf,ptl_rf,108,807,150,0.28970438697282314,0.22451578207951123,shared_identity_free_random_forest,shared_identity_free_random_forest,0.831281565891148,0.8477778217838403,0.08106013943912249,0.09755639533181482,-0.016496255892692324,-0.016496255892692324,0.005459166222726464,0.0,0,0,0,0,0,0,0,1.04231477223821,1.0335917770460346
20261017,env__v~xucao2023__v~hek293__v~rna__v~baseline,xu_he293,env__v~frangiehizar2021%5Frna__v~patient-derived%5Fmelanoma__v~rna__v~control,frangieh_melanoma_control,u_only_rf,u_only_rf,ptl_rf,108,807,150,0.26459394263585606,0.22451578207951123,shared_identity_free_random_forest,shared_identity_free_random_forest,0.7156867525442108,0.724200686894478,0.10586343722869629,0.11437737157896355,-0.00851393435026726,-0.00851393435026726,0.0010152691254231572,-0.008333333333333304,0,0,0,0,0,0,0,1.1340146493161096,1.0477517978837754
20261017,env__v~xucao2023__v~hek293__v~rna__v~baseline,xu_he293,env__v~frangiehizar2021%5Frna__v~patient-derived%5Fmelanoma__v~rna__v~ifn%CE%B3,frangieh_melanoma_ifng,u_only_rf,u_only_rf,ptl_rf,108,804,150,0.26492753809418446,0.22451578207951123,shared_identity_free_random_forest,shared_identity_free_random_forest,0.7352259166104689,0.7293246719219485,0.11078842858883253,0.10488718390031215,0.0059012446885203795,0.0059012446885203795,0.012766867153161221,0.04999999999999993,0,0,0,0,0,0,0,1.0655489403640372,0.9809397753673718
20261017,env__v~xucao2023__v~hek293__v~rna__v~baseline,xu_he293,env__v~normanweissman2019%5Ffiltered__v~k562__v~rna__v~baseline,norman_k562,u_only_rf,u_only_rf,ptl_rf,108,810,144,0.22033849654617127,0.22451578207951123,shared_identity_free_random_forest,shared_identity_free_random_forest,0.3731305034405519,0.42422072378786524,0.20066461600395047,0.25175483635126383,-0.051090220347313364,-0.051090220347313364,-0.0017194427896190523,0.01724137931034475,0,0,0,1,1,0,0,1.5653863923107474,1.0919835625209784
20261017,env__v~xucao2023__v~hek293__v~rna__v~baseline,xu_he293,env__v~replogleweissman2022%5Frpe1__v~rpe1__v~rna__v~baseline,replogle_rpe1,u_only_rf,u_only_rf,ptl_rf,108,852,99,0.27467611596069713,0.22451578207951123,shared_identity_free_random_forest,shared_identity_free_random_forest,0.8963467191189199,0.8745464412491673,0.19136071401562227,0.16956043614586958,0.021800277869752693,0.021800277869752693,0.0237039287907026,0.04999999999999993,0,0,1,1,1,0,0,0.9145608087932,2.215489843079127
20261017,env__v~xucao2023__v~hek293__v~rna__v~baseline,xu_he293,env__v~tiankampmann2021%5Fcrispra__v~ipsc-induced%5Fneuron__v~rna__v~baseline,tian_neuron_crispra,u_only_rf,u_only_rf,ptl_rf,108,891,60,0.23743937024011375,0.22451578207951123,shared_identity_free_random_forest,shared_identity_free_random_forest,0.49166661284794244,0.526595271545657,0.07305863452487432,0.10798729322258888,-0.034928658697714554,-0.034928658697714554,0.009518965622099418,0.0,0,0,0,1,1,0,0,0.5354054779498492,1.2344898188934958
20261017,env__v~xucao2023__v~hek293__v~rna__v~baseline,xu_he293,env__v~tiankampmann2021%5Fcrispri__v~ipsc-induced%5Fneuron__v~rna__v~baseline,tian_neuron_crispri,u_only_rf,u_only_rf,ptl_rf,108,843,114,0.22702643229703093,0.22451578207951123,shared_identity_free_random_forest,shared_identity_free_random_forest,0.5091017323283328,0.5263789136588871,0.03930332541663056,0.0565805067471849,-0.017277181330554336,-0.017277181330554336,-0.0145426527944722,0.0,0,0,1,1,1,0,0,0.7518461366718201,1.2475879255492675
