baseline,source_environment_id,target_environment_id,split_seed_count,transfer_gain_mean,transfer_gain_std,transfer_gain_median,negative_transfer_rate
raw_scalar_uq,env__v~frangiehizar2021%5Frna__v~patient-derived%5Fmelanoma__v~rna__v~co-culture,env__v~frangiehizar2021%5Frna__v~patient-derived%5Fmelanoma__v~rna__v~control,5,0.0025913600683272397,0.0066541195984601295,0.0035848415468027,0.2
raw_scalar_uq,env__v~frangiehizar2021%5Frna__v~patient-derived%5Fmelanoma__v~rna__v~co-culture,env__v~frangiehizar2021%5Frna__v~patient-derived%5Fmelanoma__v~rna__v~ifn%CE%B3,5,0.01397516714910646,0.01747779433501171,0.0126328330704201,0.2
raw_scalar_uq,env__v~frangiehizar2021%5Frna__v~patient-derived%5Fmelanoma__v~rna__v~co-culture,env__v~normanweissman2019%5Ffiltered__v~k562__v~rna__v~baseline,5,0.0025041519790384194,0.022164745151973395,0.0157135839730072,0.4
raw_scalar_uq,env__v~frangiehizar2021%5Frna__v~patient-derived%5Fmelanoma__v~rna__v~co-culture,env__v~replogleweissman2022%5Frpe1__v~rpe1__v~rna__v~baseline,5,-0.01035829784448814,0.025466121293320106,-0.0096805107185071,0.6
raw_scalar_uq,env__v~frangiehizar2021%5Frna__v~patient-derived%5Fmelanoma__v~rna__v~co-culture,env__v~tiankampmann2021%5Fcrispra__v~ipsc-induced%5Fneuron__v~rna__v~baseline,5,0.02061629312746104,0.014057307914569769,0.0188325903247664,0.0
raw_scalar_uq,env__v~frangiehizar2021%5Frna__v~patient-derived%5Fmelanoma__v~rna__v~co-culture,env__v~tiankampmann2021%5Fcrispri__v~ipsc-induced%5Fneuron__v~rna__v~baseline,5,0.019305097504889922,0.009806139147391152,0.0242106102211626,0.0
raw_scalar_uq,env__v~frangiehizar2021%5Frna__v~patient-derived%5Fmelanoma__v~rna__v~co-culture,env__v~xucao2023__v~hek293__v~rna__v~baseline,5,0.01275114028237626,0.010986599326911062,0.0111837208657931,0.0
raw_scalar_uq,env__v~frangiehizar2021%5Frna__v~patient-derived%5Fmelanoma__v~rna__v~control,env__v~frangiehizar2021%5Frna__v~patient-derived%5Fmelanoma__v~rna__v~co-culture,5,0.00261960731047282,0.015100263409899051,-0.00048050279162,0.6
raw_scalar_uq,env__v~frangiehizar2021%5Frna__v~patient-derived%5Fmelanoma__v~rna__v~control,env__v~frangiehizar2021%5Frna__v~patient-derived%5Fmelanoma__v~rna__v~ifn%CE%B3,5,0.0174857389360444,0.016317173657508278,0.010057247620859,0.0
raw_scalar_uq,env__v~frangiehizar2021%5Frna__v~patient-derived%5Fmelanoma__v~rna__v~control,env__v~normanweissman2019%5Ffiltered__v~k562__v~rna__v~baseline,5,-0.007246816127790159,0.03209974945488265,-0.0023877811600901,0.6
raw_scalar_uq,env__v~frangiehizar2021%5Frna__v~patient-derived%5Fmelanoma__v~rna__v~control,env__v~replogleweissman2022%5Frpe1__v~rpe1__v~rna__v~baseline,5,-0.009504243126808622,0.025116686158446085,-0.0104603387341239,0.6
raw_scalar_uq,env__v~frangiehizar2021%5Frna__v~patient-derived%5Fmelanoma__v~rna__v~control,env__v~tiankampmann2021%5Fcrispra__v~ipsc-induced%5Fneuron__v~rna__v~baseline,5,0.018768386805383043,0.014803550221351864,0.0147470170008691,0.0
raw_scalar_uq,env__v~frangiehizar2021%5Frna__v~patient-derived%5Fmelanoma__v~rna__v~control,env__v~tiankampmann2021%5Fcrispri__v~ipsc-induced%5Fneuron__v~rna__v~baseline,5,0.02019783975290504,0.008031721611462718,0.0184343246896859,0.0
raw_scalar_uq,env__v~frangiehizar2021%5Frna__v~patient-derived%5Fmelanoma__v~rna__v~control,env__v~xucao2023__v~hek293__v~rna__v~baseline,5,-0.0006582174255798396,0.023161178654506235,0.0092669474995917,0.2
raw_scalar_uq,env__v~frangiehizar2021%5Frna__v~patient-derived%5Fmelanoma__v~rna__v~ifn%CE%B3,env__v~frangiehizar2021%5Frna__v~patient-derived%5Fmelanoma__v~rna__v~co-culture,5,0.0004073050100054801,0.017891041502606713,-0.001882669444598,0.6
raw_scalar_uq,env__v~frangiehizar2021%5Frna__v~patient-derived%5Fmelanoma__v~rna__v~ifn%CE%B3,env__v~frangiehizar2021%5Frna__v~patient-derived%5Fmelanoma__v~rna__v~control,5,0.005960220155447759,0.014603627296039852,0.0046194723133126,0.2
raw_scalar_uq,env__v~frangiehizar2021%5Frna__v~patient-derived%5Fmelanoma__v~rna__v~ifn%CE%B3,env__v~normanweissman2019%5Ffiltered__v~k562__v~rna__v~baseline,5,-0.009901261539423261,0.014378200391661728,-0.0059243575153072,0.8
raw_scalar_uq,env__v~frangiehizar2021%5Frna__v~patient-derived%5Fmelanoma__v~rna__v~ifn%CE%B3,env__v~replogleweissman2022%5Frpe1__v~rpe1__v~rna__v~baseline,5,-0.010784423128017081,0.026585726551586458,-0.0111840579255617,0.6
raw_scalar_uq,env__v~frangiehizar2021%5Frna__v~patient-derived%5Fmelanoma__v~rna__v~ifn%CE%B3,env__v~tiankampmann2021%5Fcrispra__v~ipsc-induced%5Fneuron__v~rna__v~baseline,5,-0.00156436340725536,0.012690240649438259,0.0004772069179863,0.4
raw_scalar_uq,env__v~frangiehizar2021%5Frna__v~patient-derived%5Fmelanoma__v~rna__v~ifn%CE%B3,env__v~tiankampmann2021%5Fcrispri__v~ipsc-induced%5Fneuron__v~rna__v~baseline,5,0.01148968344570318,0.015529853513001428,0.011075657099772,0.4
raw_scalar_uq,env__v~frangiehizar2021%5Frna__v~patient-derived%5Fmelanoma__v~rna__v~ifn%CE%B3,env__v~xucao2023__v~hek293__v~rna__v~baseline,5,0.01356152824186872,0.006624988304358732,0.0128337609529259,0.0
raw_scalar_uq,env__v~normanweissman2019%5Ffiltered__v~k562__v~rna__v~baseline,env__v~frangiehizar2021%5Frna__v~patient-derived%5Fmelanoma__v~rna__v~co-culture,5,-0.012407412122867879,0.027009193149062395,-0.0032535111498591,0.6
raw_scalar_uq,env__v~normanweissman2019%5Ffiltered__v~k562__v~rna__v~baseline,env__v~frangiehizar2021%5Frna__v~patient-derived%5Fmelanoma__v~rna__v~control,5,-0.024756108590436678,0.05989773181367481,-0.0095858426334811,0.6
raw_scalar_uq,env__v~normanweissman2019%5Ffiltered__v~k562__v~rna__v~baseline,env__v~frangiehizar2021%5Frna__v~patient-derived%5Fmelanoma__v~rna__v~ifn%CE%B3,5,-0.02226059196609168,0.05761166775137055,-0.009338514794811,0.6
raw_scalar_uq,env__v~normanweissman2019%5Ffiltered__v~k562__v~rna__v~baseline,env__v~replogleweissman2022%5Frpe1__v~rpe1__v~rna__v~baseline,5,-0.02382986715968912,0.013436912446954876,-0.0156671423485095,1.0
raw_scalar_uq,env__v~normanweissman2019%5Ffiltered__v~k562__v~rna__v~baseline,env__v~tiankampmann2021%5Fcrispra__v~ipsc-induced%5Fneuron__v~rna__v~baseline,5,0.022483306145722783,0.017197669010456103,0.0225399968372125,0.2
raw_scalar_uq,env__v~normanweissman2019%5Ffiltered__v~k562__v~rna__v~baseline,env__v~tiankampmann2021%5Fcrispri__v~ipsc-induced%5Fneuron__v~rna__v~baseline,5,0.01433855040718266,0.039596509923188854,0.0235132935603774,0.2
raw_scalar_uq,env__v~normanweissman2019%5Ffiltered__v~k562__v~rna__v~baseline,env__v~xucao2023__v~hek293__v~rna__v~baseline,5,-0.023531002393727123,0.04660524851577657,0.0044594612365512,0.4
raw_scalar_uq,env__v~replogleweissman2022%5Frpe1__v~rpe1__v~rna__v~baseline,env__v~frangiehizar2021%5Frna__v~patient-derived%5Fmelanoma__v~rna__v~co-culture,5,-0.01383436920043028,0.022766134177611728,-0.0122947021340151,0.8
raw_scalar_uq,env__v~replogleweissman2022%5Frpe1__v~rpe1__v~rna__v~baseline,env__v~frangiehizar2021%5Frna__v~patient-derived%5Fmelanoma__v~rna__v~control,5,-0.0078864688412549,0.01657528521098016,-0.0115969106400899,0.6
raw_scalar_uq,env__v~replogleweissman2022%5Frpe1__v~rpe1__v~rna__v~baseline,env__v~frangiehizar2021%5Frna__v~patient-derived%5Fmelanoma__v~rna__v~ifn%CE%B3,5,-0.003822585532714481,0.021925567109758213,0.0046962827735393,0.4
raw_scalar_uq,env__v~replogleweissman2022%5Frpe1__v~rpe1__v~rna__v~baseline,env__v~normanweissman2019%5Ffiltered__v~k562__v~rna__v~baseline,5,-0.007821996746609942,0.05240208559109455,-0.0271766502331057,0.8
raw_scalar_uq,env__v~replogleweissman2022%5Frpe1__v~rpe1__v~rna__v~baseline,env__v~tiankampmann2021%5Fcrispra__v~ipsc-induced%5Fneuron__v~rna__v~baseline,5,0.02427610972668702,0.014132685410685254,0.0259283168685517,0.0
raw_scalar_uq,env__v~replogleweissman2022%5Frpe1__v~rpe1__v~rna__v~baseline,env__v~tiankampmann2021%5Fcrispri__v~ipsc-induced%5Fneuron__v~rna__v~baseline,5,0.011554965723369939,0.03284265265356201,0.0180035868390652,0.4
raw_scalar_uq,env__v~replogleweissman2022%5Frpe1__v~rpe1__v~rna__v~baseline,env__v~xucao2023__v~hek293__v~rna__v~baseline,5,-0.01591751561303724,0.01693789980018839,-0.0198630610721602,0.8
raw_scalar_uq,env__v~tiankampmann2021%5Fcrispra__v~ipsc-induced%5Fneuron__v~rna__v~baseline,env__v~frangiehizar2021%5Frna__v~patient-derived%5Fmelanoma__v~rna__v~co-culture,5,-0.0176489194371379,0.02052998864533895,-0.0171061055715606,0.6
raw_scalar_uq,env__v~tiankampmann2021%5Fcrispra__v~ipsc-induced%5Fneuron__v~rna__v~baseline,env__v~frangiehizar2021%5Frna__v~patient-derived%5Fmelanoma__v~rna__v~control,5,-0.01364400251536752,0.025769430183570648,-0.0117427990194869,0.6
raw_scalar_uq,env__v~tiankampmann2021%5Fcrispra__v~ipsc-induced%5Fneuron__v~rna__v~baseline,env__v~frangiehizar2021%5Frna__v~patient-derived%5Fmelanoma__v~rna__v~ifn%CE%B3,5,0.0020911416269728403,0.019563775091707918,0.0087308461682406,0.4
raw_scalar_uq,env__v~tiankampmann2021%5Fcrispra__v~ipsc-induced%5Fneuron__v~rna__v~baseline,env__v~normanweissman2019%5Ffiltered__v~k562__v~rna__v~baseline,5,-0.0045981526668977405,0.033468333659574453,0.0117390087901128,0.4
raw_scalar_uq,env__v~tiankampmann2021%5Fcrispra__v~ipsc-induced%5Fneuron__v~rna__v~baseline,env__v~replogleweissman2022%5Frpe1__v~rpe1__v~rna__v~baseline,5,-0.01716876725664574,0.018989316971176118,-0.0245476557696455,0.6
raw_scalar_uq,env__v~tiankampmann2021%5Fcrispra__v~ipsc-induced%5Fneuron__v~rna__v~baseline,env__v~tiankampmann2021%5Fcrispri__v~ipsc-induced%5Fneuron__v~rna__v~baseline,5,0.026422423036161158,0.013998765918899014,0.0214640795418313,0.0
raw_scalar_uq,env__v~tiankampmann2021%5Fcrispra__v~ipsc-induced%5Fneuron__v~rna__v~baseline,env__v~xucao2023__v~hek293__v~rna__v~baseline,5,0.013438948693816921,0.00874932624403208,0.0135420755478989,0.0
raw_scalar_uq,env__v~tiankampmann2021%5Fcrispri__v~ipsc-induced%5Fneuron__v~rna__v~baseline,env__v~frangiehizar2021%5Frna__v~patient-derived%5Fmelanoma__v~rna__v~co-culture,5,0.0025941444119413595,0.011459789651859396,0.0012143689852338,0.4
raw_scalar_uq,env__v~tiankampmann2021%5Fcrispri__v~ipsc-induced%5Fneuron__v~rna__v~baseline,env__v~frangiehizar2021%5Frna__v~patient-derived%5Fmelanoma__v~rna__v~control,5,0.003598163220373621,0.011711872127537486,0.0014974609026842,0.2
raw_scalar_uq,env__v~tiankampmann2021%5Fcrispri__v~ipsc-induced%5Fneuron__v~rna__v~baseline,env__v~frangiehizar2021%5Frna__v~patient-derived%5Fmelanoma__v~rna__v~ifn%CE%B3,5,0.0189341169659184,0.01394034925853002,0.0239876589145289,0.0
raw_scalar_uq,env__v~tiankampmann2021%5Fcrispri__v~ipsc-induced%5Fneuron__v~rna__v~baseline,env__v~normanweissman2019%5Ffiltered__v~k562__v~rna__v~baseline,5,0.00548356079182374,0.010434481042308834,-0.0006176400869037,0.6
raw_scalar_uq,env__v~tiankampmann2021%5Fcrispri__v~ipsc-induced%5Fneuron__v~rna__v~baseline,env__v~replogleweissman2022%5Frpe1__v~rpe1__v~rna__v~baseline,5,-0.01632958649499356,0.027530200141927114,-0.0176294777676686,0.8
raw_scalar_uq,env__v~tiankampmann2021%5Fcrispri__v~ipsc-induced%5Fneuron__v~rna__v~baseline,env__v~tiankampmann2021%5Fcrispra__v~ipsc-induced%5Fneuron__v~rna__v~baseline,5,0.03577333147734324,0.012255467547159227,0.035913014827608,0.0
raw_scalar_uq,env__v~tiankampmann2021%5Fcrispri__v~ipsc-induced%5Fneuron__v~rna__v~baseline,env__v~xucao2023__v~hek293__v~rna__v~baseline,5,0.0137262685360756,0.0075473078360906555,0.013166035237304,0.0
raw_scalar_uq,env__v~xucao2023__v~hek293__v~rna__v~baseline,env__v~frangiehizar2021%5Frna__v~patient-derived%5Fmelanoma__v~rna__v~co-culture,5,-0.01980971132333694,0.01970969403121074,-0.0164598823113043,0.8
raw_scalar_uq,env__v~xucao2023__v~hek293__v~rna__v~baseline,env__v~frangiehizar2021%5Frna__v~patient-derived%5Fmelanoma__v~rna__v~control,5,-0.01664955366400768,0.012778736436101626,-0.0170984510969248,0.8
raw_scalar_uq,env__v~xucao2023__v~hek293__v~rna__v~baseline,env__v~frangiehizar2021%5Frna__v~patient-derived%5Fmelanoma__v~rna__v~ifn%CE%B3,5,-0.012040997307965259,0.018477710106267434,-0.0143003103353385,0.8
raw_scalar_uq,env__v~xucao2023__v~hek293__v~rna__v~baseline,env__v~normanweissman2019%5Ffiltered__v~k562__v~rna__v~baseline,5,-0.03556988455550862,0.015837180054968626,-0.0315382047331719,1.0
raw_scalar_uq,env__v~xucao2023__v~hek293__v~rna__v~baseline,env__v~replogleweissman2022%5Frpe1__v~rpe1__v~rna__v~baseline,5,-0.0111292715850447,0.025173708574185688,-0.0121898031847618,0.6
raw_scalar_uq,env__v~xucao2023__v~hek293__v~rna__v~baseline,env__v~tiankampmann2021%5Fcrispra__v~ipsc-induced%5Fneuron__v~rna__v~baseline,5,0.02372998290579208,0.02768127673631854,0.0219393294326415,0.2
raw_scalar_uq,env__v~xucao2023__v~hek293__v~rna__v~baseline,env__v~tiankampmann2021%5Fcrispri__v~ipsc-induced%5Fneuron__v~rna__v~baseline,5,0.007679112342934741,0.016770028351385496,0.0090594233415943,0.2
u_only_rf,env__v~frangiehizar2021%5Frna__v~patient-derived%5Fmelanoma__v~rna__v~co-culture,env__v~frangiehizar2021%5Frna__v~patient-derived%5Fmelanoma__v~rna__v~control,5,0.01001649349031104,0.01697246592793967,0.0070420146200312,0.4
u_only_rf,env__v~frangiehizar2021%5Frna__v~patient-derived%5Fmelanoma__v~rna__v~co-culture,env__v~frangiehizar2021%5Frna__v~patient-derived%5Fmelanoma__v~rna__v~ifn%CE%B3,5,0.02603198017445324,0.015932899797640326,0.0245618045566337,0.0
u_only_rf,env__v~frangiehizar2021%5Frna__v~patient-derived%5Fmelanoma__v~rna__v~co-culture,env__v~normanweissman2019%5Ffiltered__v~k562__v~rna__v~baseline,5,-0.010302191519337572,0.04233070238143832,-5.668164851146962e-05,0.6
u_only_rf,env__v~frangiehizar2021%5Frna__v~patient-derived%5Fmelanoma__v~rna__v~co-culture,env__v~replogleweissman2022%5Frpe1__v~rpe1__v~rna__v~baseline,5,0.0298094375025146,0.0342707472548874,0.025415526084861,0.2
u_only_rf,env__v~frangiehizar2021%5Frna__v~patient-derived%5Fmelanoma__v~rna__v~co-culture,env__v~tiankampmann2021%5Fcrispra__v~ipsc-induced%5Fneuron__v~rna__v~baseline,5,0.010003681542539899,0.015495843964567229,0.0123635738197415,0.4
u_only_rf,env__v~frangiehizar2021%5Frna__v~patient-derived%5Fmelanoma__v~rna__v~co-culture,env__v~tiankampmann2021%5Fcrispri__v~ipsc-induced%5Fneuron__v~rna__v~baseline,5,-0.0036976104670594203,0.010783941804383378,-0.0070444101975385,0.6
u_only_rf,env__v~frangiehizar2021%5Frna__v~patient-derived%5Fmelanoma__v~rna__v~co-culture,env__v~xucao2023__v~hek293__v~rna__v~baseline,5,0.02211218634366376,0.028815639376853407,0.0194015456191053,0.2
u_only_rf,env__v~frangiehizar2021%5Frna__v~patient-derived%5Fmelanoma__v~rna__v~control,env__v~frangiehizar2021%5Frna__v~patient-derived%5Fmelanoma__v~rna__v~co-culture,5,0.02186007398072444,0.024375694329399747,0.0119668569139976,0.0
u_only_rf,env__v~frangiehizar2021%5Frna__v~patient-derived%5Fmelanoma__v~rna__v~control,env__v~frangiehizar2021%5Frna__v~patient-derived%5Fmelanoma__v~rna__v~ifn%CE%B3,5,0.02954255196139114,0.013765726498129523,0.0215220059716734,0.0
u_only_rf,env__v~frangiehizar2021%5Frna__v~patient-derived%5Fmelanoma__v~rna__v~control,env__v~normanweissman2019%5Ffiltered__v~k562__v~rna__v~baseline,5,-0.02005315962616616,0.05160488156456326,0.0023230808633429,0.4
u_only_rf,env__v~frangiehizar2021%5Frna__v~patient-derived%5Fmelanoma__v~rna__v~control,env__v~replogleweissman2022%5Frpe1__v~rpe1__v~rna__v~baseline,5,0.03066349222019412,0.03287513175825865,0.0269609764344473,0.2
u_only_rf,env__v~frangiehizar2021%5Frna__v~patient-derived%5Fmelanoma__v~rna__v~control,env__v~tiankampmann2021%5Fcrispra__v~ipsc-induced%5Fneuron__v~rna__v~baseline,5,0.00815577522046188,0.01725314813230101,0.0106617244496608,0.2
u_only_rf,env__v~frangiehizar2021%5Frna__v~patient-derived%5Fmelanoma__v~rna__v~control,env__v~tiankampmann2021%5Fcrispri__v~ipsc-induced%5Fneuron__v~rna__v~baseline,5,-0.00280486821904428,0.008852797765601748,-0.0040111009005631,0.8
u_only_rf,env__v~frangiehizar2021%5Frna__v~patient-derived%5Fmelanoma__v~rna__v~control,env__v~xucao2023__v~hek293__v~rna__v~baseline,5,0.00870282863570766,0.04304287006584031,0.0038707975458311,0.4
u_only_rf,env__v~frangiehizar2021%5Frna__v~patient-derived%5Fmelanoma__v~rna__v~ifn%CE%B3,env__v~frangiehizar2021%5Frna__v~patient-derived%5Fmelanoma__v~rna__v~co-culture,5,0.01964777168025712,0.02415524380724869,0.0148825751949358,0.2
u_only_rf,env__v~frangiehizar2021%5Frna__v~patient-derived%5Fmelanoma__v~rna__v~ifn%CE%B3,env__v~frangiehizar2021%5Frna__v~patient-derived%5Fmelanoma__v~rna__v~control,5,0.01338535357743156,0.01974023256063175,0.0198457740916767,0.2
u_only_rf,env__v~frangiehizar2021%5Frna__v~patient-derived%5Fmelanoma__v~rna__v~ifn%CE%B3,env__v~normanweissman2019%5Ffiltered__v~k562__v~rna__v~baseline,5,-0.022707605037799238,0.033257902116707365,-0.0100269747898851,1.0
u_only_rf,env__v~frangiehizar2021%5Frna__v~patient-derived%5Fmelanoma__v~rna__v~ifn%CE%B3,env__v~replogleweissman2022%5Frpe1__v~rpe1__v~rna__v~baseline,5,0.02938331221898564,0.03392384802341282,0.0230030956433813,0.2
u_only_rf,env__v~frangiehizar2021%5Frna__v~patient-derived%5Fmelanoma__v~rna__v~ifn%CE%B3,env__v~tiankampmann2021%5Fcrispra__v~ipsc-induced%5Fneuron__v~rna__v~baseline,5,-0.0121769749921765,0.017735073648015624,-0.0120156856954221,0.8
u_only_rf,env__v~frangiehizar2021%5Frna__v~patient-derived%5Fmelanoma__v~rna__v~ifn%CE%B3,env__v~tiankampmann2021%5Fcrispri__v~ipsc-induced%5Fneuron__v~rna__v~baseline,5,-0.0115130245262462,0.015025361852468624,-0.0203801540852818,0.8
u_only_rf,env__v~frangiehizar2021%5Frna__v~patient-derived%5Fmelanoma__v~rna__v~ifn%CE%B3,env__v~xucao2023__v~hek293__v~rna__v~baseline,5,0.02292257430315624,0.03022560643650011,0.0101873770191315,0.2
u_only_rf,env__v~normanweissman2019%5Ffiltered__v~k562__v~rna__v~baseline,env__v~frangiehizar2021%5Frna__v~patient-derived%5Fmelanoma__v~rna__v~co-culture,5,0.00683305454738376,0.033331679095957883,0.0135117334896747,0.4
u_only_rf,env__v~normanweissman2019%5Ffiltered__v~k562__v~rna__v~baseline,env__v~frangiehizar2021%5Frna__v~patient-derived%5Fmelanoma__v~rna__v~control,5,-0.017330975168452924,0.04661097675930045,0.0049619133114434,0.4
u_only_rf,env__v~normanweissman2019%5Ffiltered__v~k562__v~rna__v~baseline,env__v~frangiehizar2021%5Frna__v~patient-derived%5Fmelanoma__v~rna__v~ifn%CE%B3,5,-0.010203778940744979,0.055465721080833016,0.0103940062390763,0.2
u_only_rf,env__v~normanweissman2019%5Ffiltered__v~k562__v~rna__v~baseline,env__v~replogleweissman2022%5Frpe1__v~rpe1__v~rna__v~baseline,5,0.01633786818731358,0.040207829926842645,0.0203154593763272,0.4
u_only_rf,env__v~normanweissman2019%5Ffiltered__v~k562__v~rna__v~baseline,env__v~tiankampmann2021%5Fcrispra__v~ipsc-induced%5Fneuron__v~rna__v~baseline,5,0.0118706945608016,0.014227772418059165,0.0135096051493304,0.2
u_only_rf,env__v~normanweissman2019%5Ffiltered__v~k562__v~rna__v~baseline,env__v~tiankampmann2021%5Fcrispri__v~ipsc-induced%5Fneuron__v~rna__v~baseline,5,-0.00866415756476678,0.028560788379198905,0.0019539877721519,0.2
u_only_rf,env__v~normanweissman2019%5Ffiltered__v~k562__v~rna__v~baseline,env__v~xucao2023__v~hek293__v~rna__v~baseline,5,-0.01416995633243964,0.0500721502697163,-0.0015697168838972,0.6
u_only_rf,env__v~replogleweissman2022%5Frpe1__v~rpe1__v~rna__v~baseline,env__v~frangiehizar2021%5Frna__v~patient-derived%5Fmelanoma__v~rna__v~co-culture,5,0.00540609746982136,0.02104839445360262,0.0116990452853789,0.4
u_only_rf,env__v~replogleweissman2022%5Frpe1__v~rpe1__v~rna__v~baseline,env__v~frangiehizar2021%5Frna__v~patient-derived%5Fmelanoma__v~rna__v~control,5,-0.0004613354192711399,0.01927304712281913,-0.0081397375668613,0.6
u_only_rf,env__v~replogleweissman2022%5Frpe1__v~rpe1__v~rna__v~baseline,env__v~frangiehizar2021%5Frna__v~patient-derived%5Fmelanoma__v~rna__v~ifn%CE%B3,5,0.00823422749263234,0.02386011371657867,0.0164943659729376,0.4
u_only_rf,env__v~replogleweissman2022%5Frpe1__v~rpe1__v~rna__v~baseline,env__v~normanweissman2019%5Ffiltered__v~k562__v~rna__v~baseline,5,-0.02062834024498592,0.03824999852341774,-0.0086520106800996,0.8
u_only_rf,env__v~replogleweissman2022%5Frpe1__v~rpe1__v~rna__v~baseline,env__v~tiankampmann2021%5Fcrispra__v~ipsc-induced%5Fneuron__v~rna__v~baseline,5,0.013663498141765878,0.02287854423451042,0.0230849543139338,0.2
u_only_rf,env__v~replogleweissman2022%5Frpe1__v~rpe1__v~rna__v~baseline,env__v~tiankampmann2021%5Fcrispri__v~ipsc-induced%5Fneuron__v~rna__v~baseline,5,-0.01144774224857948,0.02999876435616241,0.0082461065101138,0.4
u_only_rf,env__v~replogleweissman2022%5Frpe1__v~rpe1__v~rna__v~baseline,env__v~xucao2023__v~hek293__v~rna__v~baseline,5,-0.006556469551749819,0.029942362087414357,0.0007137036263163,0.4
u_only_rf,env__v~tiankampmann2021%5Fcrispra__v~ipsc-induced%5Fneuron__v~rna__v~baseline,env__v~frangiehizar2021%5Frna__v~patient-derived%5Fmelanoma__v~rna__v~co-culture,5,0.0015915472331137798,0.025690717470394753,-0.0003187072272473,0.6
u_only_rf,env__v~tiankampmann2021%5Fcrispra__v~ipsc-induced%5Fneuron__v~rna__v~baseline,env__v~frangiehizar2021%5Frna__v~patient-derived%5Fmelanoma__v~rna__v~control,5,-0.0062188690933837,0.01777322287193695,-0.0082856259462583,0.8
u_only_rf,env__v~tiankampmann2021%5Fcrispra__v~ipsc-induced%5Fneuron__v~rna__v~baseline,env__v~frangiehizar2021%5Frna__v~patient-derived%5Fmelanoma__v~rna__v~ifn%CE%B3,5,0.01414795465231954,0.021080433138551256,0.0152578004525348,0.2
u_only_rf,env__v~tiankampmann2021%5Fcrispra__v~ipsc-induced%5Fneuron__v~rna__v~baseline,env__v~normanweissman2019%5Ffiltered__v~k562__v~rna__v~baseline,5,-0.01740449616527376,0.05504146048564915,0.0022958089037528,0.2
u_only_rf,env__v~tiankampmann2021%5Fcrispra__v~ipsc-induced%5Fneuron__v~rna__v~baseline,env__v~replogleweissman2022%5Frpe1__v~rpe1__v~rna__v~baseline,5,0.022998968090357043,0.032129760267299065,0.0275330550948345,0.4
u_only_rf,env__v~tiankampmann2021%5Fcrispra__v~ipsc-induced%5Fneuron__v~rna__v~baseline,env__v~tiankampmann2021%5Fcrispri__v~ipsc-induced%5Fneuron__v~rna__v~baseline,5,0.0034197150642117603,0.007897954393201638,0.0052120633122213,0.2
u_only_rf,env__v~tiankampmann2021%5Fcrispra__v~ipsc-induced%5Fneuron__v~rna__v~baseline,env__v~xucao2023__v~hek293__v~rna__v~baseline,5,0.02279999475510442,0.027675955450315995,0.0165925090151702,0.2
u_only_rf,env__v~tiankampmann2021%5Fcrispri__v~ipsc-induced%5Fneuron__v~rna__v~baseline,env__v~frangiehizar2021%5Frna__v~patient-derived%5Fmelanoma__v~rna__v~co-culture,5,0.021834611082193,0.02615390633626141,0.0146860581957171,0.2
u_only_rf,env__v~tiankampmann2021%5Fcrispri__v~ipsc-induced%5Fneuron__v~rna__v~baseline,env__v~frangiehizar2021%5Frna__v~patient-derived%5Fmelanoma__v~rna__v~control,5,0.011023296642357381,0.01817823167411193,0.0155984386218734,0.2
u_only_rf,env__v~tiankampmann2021%5Fcrispri__v~ipsc-induced%5Fneuron__v~rna__v~baseline,env__v~frangiehizar2021%5Frna__v~patient-derived%5Fmelanoma__v~rna__v~ifn%CE%B3,5,0.03099092999126516,0.007540363213786708,0.0324160838055298,0.0
u_only_rf,env__v~tiankampmann2021%5Fcrispri__v~ipsc-induced%5Fneuron__v~rna__v~baseline,env__v~normanweissman2019%5Ffiltered__v~k562__v~rna__v~baseline,5,-0.00732278270655228,0.022546748104880946,0.0023504411304595,0.4
u_only_rf,env__v~tiankampmann2021%5Fcrispri__v~ipsc-induced%5Fneuron__v~rna__v~baseline,env__v~replogleweissman2022%5Frpe1__v~rpe1__v~rna__v~baseline,5,0.02383814885200914,0.03373177160693384,0.0180891425882473,0.2
u_only_rf,env__v~tiankampmann2021%5Fcrispri__v~ipsc-induced%5Fneuron__v~rna__v~baseline,env__v~tiankampmann2021%5Fcrispra__v~ipsc-induced%5Fneuron__v~rna__v~baseline,5,0.02516071989242208,0.01996521071433159,0.0231744979169191,0.0
u_only_rf,env__v~tiankampmann2021%5Fcrispri__v~ipsc-induced%5Fneuron__v~rna__v~baseline,env__v~xucao2023__v~hek293__v~rna__v~baseline,5,0.02308731459736308,0.027851730662358243,0.0144652587699426,0.0
u_only_rf,env__v~xucao2023__v~hek293__v~rna__v~baseline,env__v~frangiehizar2021%5Frna__v~patient-derived%5Fmelanoma__v~rna__v~co-culture,5,-0.0005692446530853005,0.019731001877954773,0.0087475939964463,0.4
u_only_rf,env__v~xucao2023__v~hek293__v~rna__v~baseline,env__v~frangiehizar2021%5Frna__v~patient-derived%5Fmelanoma__v~rna__v~control,5,-0.00922442024202386,0.018494328358116874,-0.0085139343502672,0.8
u_only_rf,env__v~xucao2023__v~hek293__v~rna__v~baseline,env__v~frangiehizar2021%5Frna__v~patient-derived%5Fmelanoma__v~rna__v~ifn%CE%B3,5,1.581571738143925e-05,0.026816046620630345,0.0059012446885203,0.2
u_only_rf,env__v~xucao2023__v~hek293__v~rna__v~baseline,env__v~normanweissman2019%5Ffiltered__v~k562__v~rna__v~baseline,5,-0.04837622805388462,0.023722392202407915,-0.0510902203473133,1.0
u_only_rf,env__v~xucao2023__v~hek293__v~rna__v~baseline,env__v~replogleweissman2022%5Frpe1__v~rpe1__v~rna__v~baseline,5,0.02903846376195806,0.03290062581152147,0.0218002778697526,0.2
u_only_rf,env__v~xucao2023__v~hek293__v~rna__v~baseline,env__v~tiankampmann2021%5Fcrispra__v~ipsc-induced%5Fneuron__v~rna__v~baseline,5,0.013117371320870898,0.03437879293132822,0.0185199877692258,0.2
u_only_rf,env__v~xucao2023__v~hek293__v~rna__v~baseline,env__v~tiankampmann2021%5Fcrispri__v~ipsc-induced%5Fneuron__v~rna__v~baseline,5,-0.015323595629014619,0.020971439230123054,-0.0142906647295579,0.6
