n,mean_fidelity,median_fidelity,mean_spearman,mean_rmse,mean_true_norm,mean_pred_norm,mean_top_deg_overlap_at_50,aggregation_level,environment_id,environment_key,dataset_id,predictor,seed,split_id,split_seed,uncertainty_source,linear_embedding_source,linear_reference_release,slim_embedding_path,training_gene_space_policy,training_gene_count,evaluation_gene_space,evaluation_gene_count,uq_mean_gene_variance,uq_median_gene_variance,uq_top_effect_variance,uq_cosine_disagreement,uq_effect_norm_variance
50.0,0.20001647733401615,0.23531415133130978,0.1526160372252378,0.035747785491753246,2.9221608638763428,0.633110761642456,0.06779072525472749,environment_predictor_ensemble_mean,env__v~frangiehizar2021%5Frna__v~patient-derived%5Fmelanoma__v~rna__v~co-culture,frangieh_melanoma_coculture,FrangiehIzar2021_RNA,mean_matching,ensemble_mean,ptl_biological_instance_split_v1,20260927,training_bootstrap_disagreement,not_applicable,not_applicable,not_applicable,native_predictor_gene_space,23712,ptl_context_v2_intersection,8229,5.126392818742295e-06,1.8797373271049753e-06,5.102912858779277e-05,0.031536600257994325,0.002377894172038274
50.0,0.11492440262343225,0.07605411562129896,0.07791487767100932,0.04187603521919928,2.9221608638763428,1.9576141834259033,0.060233228536231434,environment_predictor_ensemble_mean,env__v~frangiehizar2021%5Frna__v~patient-derived%5Fmelanoma__v~rna__v~co-culture,frangieh_melanoma_coculture,FrangiehIzar2021_RNA,slim_string,ensemble_mean,ptl_biological_instance_split_v1,20260927,training_bootstrap_disagreement,not_applicable,not_applicable,data/external/slim/gene_string_embeddings.v0.3.h5,native_predictor_gene_space,23712,ptl_context_v2_intersection,8229,0.0008565153891564736,0.0003246759516807854,0.007346983309673898,0.28519006519074513,0.8769435157325716
50.0,0.13420887829951836,0.1287282420649331,0.0900854973580722,0.038242223504141436,2.9221608638763428,1.3048253059387207,0.05469655308243803,environment_predictor_ensemble_mean,env__v~frangiehizar2021%5Frna__v~patient-derived%5Fmelanoma__v~rna__v~co-culture,frangieh_melanoma_coculture,FrangiehIzar2021_RNA,strong_linear,ensemble_mean,ptl_biological_instance_split_v1,20260927,training_bootstrap_disagreement,native_post_expression_X_train_only,const-ae/linear_perturbation_prediction-Paper_publication_runner,not_applicable,native_predictor_gene_space,23712,ptl_context_v2_intersection,8229,0.000289892381260904,0.0001184706818663924,0.0020075973876520774,0.213439294411019,0.3984100152546348
50.0,0.34180658670851394,0.39461942792043125,0.2523924230763756,0.035237814259271735,3.1523547172546387,1.0090179443359375,0.13612415752410936,environment_predictor_ensemble_mean,env__v~frangiehizar2021%5Frna__v~patient-derived%5Fmelanoma__v~rna__v~control,frangieh_melanoma_control,FrangiehIzar2021_RNA,mean_matching,ensemble_mean,ptl_biological_instance_split_v1,20260927,training_bootstrap_disagreement,not_applicable,not_applicable,not_applicable,native_predictor_gene_space,23712,ptl_context_v2_intersection,8229,5.963410720882262e-06,2.7721178786429526e-06,2.024010992908249e-05,0.015407035793812973,0.0009825343791995509
50.0,0.14035506449521812,0.10974159590523826,0.09981993841058039,0.04669180139070898,3.1523547172546387,2.7163591384887695,0.0757396775060723,environment_predictor_ensemble_mean,env__v~frangiehizar2021%5Frna__v~patient-derived%5Fmelanoma__v~rna__v~control,frangieh_melanoma_control,FrangiehIzar2021_RNA,slim_string,ensemble_mean,ptl_biological_instance_split_v1,20260927,training_bootstrap_disagreement,not_applicable,not_applicable,data/external/slim/gene_string_embeddings.v0.3.h5,native_predictor_gene_space,23712,ptl_context_v2_intersection,8229,0.0014481754890530503,0.0006107304040298405,0.008164181649980898,0.25178546717613426,1.04604002856027
50.0,0.27894120998587313,0.3092614625941776,0.19945288430639224,0.03698462043279023,3.1523547172546387,1.3919250965118408,0.10586408429108041,environment_predictor_ensemble_mean,env__v~frangiehizar2021%5Frna__v~patient-derived%5Fmelanoma__v~rna__v~control,frangieh_melanoma_control,FrangiehIzar2021_RNA,strong_linear,ensemble_mean,ptl_biological_instance_split_v1,20260927,training_bootstrap_disagreement,native_post_expression_X_train_only,const-ae/linear_perturbation_prediction-Paper_publication_runner,not_applicable,native_predictor_gene_space,23712,ptl_context_v2_intersection,8229,0.00018022898038154905,7.712038948898668e-05,0.0011908255338185071,0.12945213598842004,0.16747016692900074
50.0,0.32970789465102285,0.3543389119693626,0.23221953183130523,0.03716349471506394,3.209501266479492,0.9663252830505371,0.10681627349763893,environment_predictor_ensemble_mean,env__v~frangiehizar2021%5Frna__v~patient-derived%5Fmelanoma__v~rna__v~ifn%CE%B3,frangieh_melanoma_ifng,FrangiehIzar2021_RNA,mean_matching,ensemble_mean,ptl_biological_instance_split_v1,20260927,training_bootstrap_disagreement,not_applicable,not_applicable,not_applicable,native_predictor_gene_space,23712,ptl_context_v2_intersection,8229,6.684969182514862e-06,2.304086039454038e-06,4.949922251433409e-05,0.018385253686430514,0.001756700740166704
50.0,0.15185539333319298,0.11454169014679194,0.09630657164960862,0.04775044380105418,3.209501266479492,2.7579479217529297,0.068364749616821,environment_predictor_ensemble_mean,env__v~frangiehizar2021%5Frna__v~patient-derived%5Fmelanoma__v~rna__v~ifn%CE%B3,frangieh_melanoma_ifng,FrangiehIzar2021_RNA,slim_string,ensemble_mean,ptl_biological_instance_split_v1,20260927,training_bootstrap_disagreement,not_applicable,not_applicable,data/external/slim/gene_string_embeddings.v0.3.h5,native_predictor_gene_space,23712,ptl_context_v2_intersection,8229,0.0012158980237260112,0.00043735628697744617,0.016423797750895808,0.24499715852932552,1.034737030815858
50.0,0.23959435372021928,0.23070733378350633,0.15855732064985195,0.038874938141198426,3.209501266479492,1.2423168420791626,0.0728915079102797,environment_predictor_ensemble_mean,env__v~frangiehizar2021%5Frna__v~patient-derived%5Fmelanoma__v~rna__v~ifn%CE%B3,frangieh_melanoma_ifng,FrangiehIzar2021_RNA,strong_linear,ensemble_mean,ptl_biological_instance_split_v1,20260927,training_bootstrap_disagreement,native_post_expression_X_train_only,const-ae/linear_perturbation_prediction-Paper_publication_runner,not_applicable,native_predictor_gene_space,23712,ptl_context_v2_intersection,8229,0.00013065399392693804,4.3807918575546386e-05,0.002638282881816108,0.13622671391606392,0.08666021414632827
48.0,0.7802227127031385,0.8443099401149622,0.633576745535496,0.038514221774466596,5.091416835784912,4.129292011260986,0.405576000594623,environment_predictor_ensemble_mean,env__v~normanweissman2019%5Ffiltered__v~k562__v~rna__v~baseline,norman_k562,NormanWeissman2019_filtered,mean_matching,ensemble_mean,ptl_biological_instance_split_v1,20260927,training_bootstrap_disagreement,not_applicable,not_applicable,not_applicable,native_predictor_gene_space,33694,ptl_context_v2_intersection,8229,0.00039944137931194394,6.708334184701983e-05,0.0091155259482675,0.04069297739450815,1.5808210309606867
48.0,0.6067611839844474,0.7268579643952433,0.4948598948020689,0.051718218863077516,5.091416835784912,4.926037311553955,0.30211322353240466,environment_predictor_ensemble_mean,env__v~normanweissman2019%5Ffiltered__v~k562__v~rna__v~baseline,norman_k562,NormanWeissman2019_filtered,slim_string,ensemble_mean,ptl_biological_instance_split_v1,20260927,training_bootstrap_disagreement,not_applicable,not_applicable,data/external/slim/gene_string_embeddings.v0.3.h5,native_predictor_gene_space,33694,ptl_context_v2_intersection,8229,0.001359247995085251,0.0002443889122655777,0.021223480292956776,0.11488525589369532,2.950712411449363
48.0,0.6503448107074654,0.766168453467168,0.5298403034904003,0.04623498534346442,5.091416835784912,4.119250774383545,0.3018896923462704,environment_predictor_ensemble_mean,env__v~normanweissman2019%5Ffiltered__v~k562__v~rna__v~baseline,norman_k562,NormanWeissman2019_filtered,strong_linear,ensemble_mean,ptl_biological_instance_split_v1,20260927,training_bootstrap_disagreement,native_post_expression_X_train_only,const-ae/linear_perturbation_prediction-Paper_publication_runner,not_applicable,native_predictor_gene_space,33694,ptl_context_v2_intersection,8229,0.0006251566557950868,7.211859091038326e-05,0.014187572605353999,0.06359926970280579,1.7212971048464591
33.0,0.10761221910957848,0.06919348310632382,0.1194727242552441,0.09610020258504216,7.960604667663574,1.6133800745010376,0.06607169441724096,environment_predictor_ensemble_mean,env__v~replogleweissman2022%5Frpe1__v~rpe1__v~rna__v~baseline,replogle_rpe1,ReplogleWeissman2022_rpe1,mean_matching,ensemble_mean,ptl_biological_instance_split_v1,20260927,training_bootstrap_disagreement,not_applicable,not_applicable,not_applicable,native_predictor_gene_space,8749,ptl_context_v2_intersection,8229,5.032467136312442e-05,7.91411854804773e-06,0.0017897589632765568,0.034241070258189565,0.12942990088588752
33.0,0.024105298766288547,0.01089925980140138,0.014677546487405341,0.122144636970356,7.960604667663574,6.380878448486328,0.03747977868494366,environment_predictor_ensemble_mean,env__v~replogleweissman2022%5Frpe1__v~rpe1__v~rna__v~baseline,replogle_rpe1,ReplogleWeissman2022_rpe1,slim_string,ensemble_mean,ptl_biological_instance_split_v1,20260927,training_bootstrap_disagreement,not_applicable,not_applicable,data/external/slim/gene_string_embeddings.v0.3.h5,native_predictor_gene_space,8749,ptl_context_v2_intersection,8229,0.010211407966128948,0.00406257375038679,0.07465369693739775,0.3381109319608489,5.31501664967712
33.0,0.1308759091459668,0.06732715682599417,0.09844054315041423,0.09769098656486945,7.960604667663574,2.6134610176086426,0.07743277869696913,environment_predictor_ensemble_mean,env__v~replogleweissman2022%5Frpe1__v~rpe1__v~rna__v~baseline,replogle_rpe1,ReplogleWeissman2022_rpe1,strong_linear,ensemble_mean,ptl_biological_instance_split_v1,20260927,training_bootstrap_disagreement,native_post_expression_X_train_only,const-ae/linear_perturbation_prediction-Paper_publication_runner,not_applicable,native_predictor_gene_space,8749,ptl_context_v2_intersection,8229,0.0007979300872296343,0.00032033511746024725,0.008908918839987973,0.19412225012491727,0.9405376291480099
20.0,0.514779663174654,0.5440213327248051,0.47746952972233797,0.036204139198468085,3.5897369384765625,2.036442279815674,0.09647698021882867,environment_predictor_ensemble_mean,env__v~tiankampmann2021%5Fcrispra__v~ipsc-induced%5Fneuron__v~rna__v~baseline,tian_neuron_crispra,TianKampmann2021_CRISPRa,mean_matching,ensemble_mean,ptl_biological_instance_split_v1,20260927,training_bootstrap_disagreement,not_applicable,not_applicable,not_applicable,native_predictor_gene_space,33538,ptl_context_v2_intersection,8229,2.1186344249876154e-05,8.823193091427503e-06,0.00011455859013568897,0.013301344976340168,0.005017955401346004
20.0,0.39412189574240736,0.38491039339395927,0.3714443901275998,0.04059522442960311,3.5897369384765625,2.4861528873443604,0.05407219657712118,environment_predictor_ensemble_mean,env__v~tiankampmann2021%5Fcrispra__v~ipsc-induced%5Fneuron__v~rna__v~baseline,tian_neuron_crispra,TianKampmann2021_CRISPRa,slim_string,ensemble_mean,ptl_biological_instance_split_v1,20260927,training_bootstrap_disagreement,not_applicable,not_applicable,data/external/slim/gene_string_embeddings.v0.3.h5,native_predictor_gene_space,33538,ptl_context_v2_intersection,8229,0.0007007295658452044,0.00023363972316140348,0.011103409055755025,0.1832700094001289,0.8255085694600446
20.0,0.4757014458894158,0.4727962758273321,0.4393340159392346,0.037891422417581484,3.5897369384765625,2.20218825340271,0.08342101721763692,environment_predictor_ensemble_mean,env__v~tiankampmann2021%5Fcrispra__v~ipsc-induced%5Fneuron__v~rna__v~baseline,tian_neuron_crispra,TianKampmann2021_CRISPRa,strong_linear,ensemble_mean,ptl_biological_instance_split_v1,20260927,training_bootstrap_disagreement,native_post_expression_X_train_only,const-ae/linear_perturbation_prediction-Paper_publication_runner,not_applicable,native_predictor_gene_space,33538,ptl_context_v2_intersection,8229,0.00029795152434821336,9.80758843000924e-05,0.003495052403229477,0.08744536087897925,0.4983456545708382
38.0,0.49688128266507564,0.4975608086674788,0.47029194505075944,0.031863060294806615,3.10978364944458,1.5424360036849976,0.07176041371174012,environment_predictor_ensemble_mean,env__v~tiankampmann2021%5Fcrispri__v~ipsc-induced%5Fneuron__v~rna__v~baseline,tian_neuron_crispri,TianKampmann2021_CRISPRi,mean_matching,ensemble_mean,ptl_biological_instance_split_v1,20260927,training_bootstrap_disagreement,not_applicable,not_applicable,not_applicable,native_predictor_gene_space,33538,ptl_context_v2_intersection,8229,6.163329866606287e-06,3.095899668806301e-06,1.5102456568985295e-05,0.007027724823462811,4.296747524963653e-05
38.0,0.3895942090185943,0.39022238661643216,0.3664006716362553,0.03495688500120573,3.10978364944458,2.0081193447113037,0.04781515165024719,environment_predictor_ensemble_mean,env__v~tiankampmann2021%5Fcrispri__v~ipsc-induced%5Fneuron__v~rna__v~baseline,tian_neuron_crispri,TianKampmann2021_CRISPRi,slim_string,ensemble_mean,ptl_biological_instance_split_v1,20260927,training_bootstrap_disagreement,not_applicable,not_applicable,data/external/slim/gene_string_embeddings.v0.3.h5,native_predictor_gene_space,33538,ptl_context_v2_intersection,8229,0.00048037760373746403,0.00022683507327667663,0.0015281433693904612,0.19035323796325862,0.22265583123801908
38.0,0.48336410575587757,0.48418249693524856,0.4567780012938469,0.03216077433053645,3.10978364944458,1.5756652355194092,0.07074694376191716,environment_predictor_ensemble_mean,env__v~tiankampmann2021%5Fcrispri__v~ipsc-induced%5Fneuron__v~rna__v~baseline,tian_neuron_crispri,TianKampmann2021_CRISPRi,strong_linear,ensemble_mean,ptl_biological_instance_split_v1,20260927,training_bootstrap_disagreement,native_post_expression_X_train_only,const-ae/linear_perturbation_prediction-Paper_publication_runner,not_applicable,native_predictor_gene_space,33538,ptl_context_v2_intersection,8229,5.027885800815038e-05,2.3819520510392465e-05,0.00012365872705374093,0.048974793778853574,0.004614263025069613
38.0,0.3596470074025504,0.3456900166750137,0.32902676042683615,0.07405561366441964,6.345592498779297,2.1488046646118164,0.0534989066060105,environment_predictor_ensemble_mean,env__v~xucao2023__v~hek293__v~rna__v~baseline,xu_he293,XuCao2023,mean_matching,ensemble_mean,ptl_biological_instance_split_v1,20260927,training_bootstrap_disagreement,not_applicable,not_applicable,not_applicable,native_predictor_gene_space,59429,ptl_context_v2_intersection,8229,2.3892223690822116e-05,1.0360166696574136e-05,9.30213253196906e-05,0.013814527211544636,0.0013570462322424683
38.0,0.19928568760134782,0.1891908088137465,0.1736539561130005,0.08781245594185971,6.345592498779297,4.656373023986816,0.029754781035171273,environment_predictor_ensemble_mean,env__v~xucao2023__v~hek293__v~rna__v~baseline,xu_he293,XuCao2023,slim_string,ensemble_mean,ptl_biological_instance_split_v1,20260927,training_bootstrap_disagreement,not_applicable,not_applicable,data/external/slim/gene_string_embeddings.v0.3.h5,native_predictor_gene_space,59429,ptl_context_v2_intersection,8229,0.002995141202293389,0.0012127759419154184,0.012919761952734046,0.2373012544209721,1.7639365680136692
38.0,0.28808694026472087,0.27210836799528915,0.26142719496500655,0.0769847485033331,6.345592498779297,2.8741695880889893,0.04331280446786867,environment_predictor_ensemble_mean,env__v~xucao2023__v~hek293__v~rna__v~baseline,xu_he293,XuCao2023,strong_linear,ensemble_mean,ptl_biological_instance_split_v1,20260927,training_bootstrap_disagreement,native_post_expression_X_train_only,const-ae/linear_perturbation_prediction-Paper_publication_runner,not_applicable,native_predictor_gene_space,59429,ptl_context_v2_intersection,8229,0.000659964439100051,0.0002581130767803785,0.002647402629386119,0.13600923590748343,0.3566709637324396
50.0,0.189335828172045,0.21647925020201172,0.14490304391485898,0.035836081633453955,2.9221608638763428,0.7003347277641296,0.0665537272938842,environment_predictor_seed,env__v~frangiehizar2021%5Frna__v~patient-derived%5Fmelanoma__v~rna__v~co-culture,frangieh_melanoma_coculture,FrangiehIzar2021_RNA,mean_matching,0,ptl_biological_instance_split_v1,20260927,training_bootstrap_disagreement,not_applicable,not_applicable,not_applicable,native_predictor_gene_space,23712,ptl_context_v2_intersection,8229,,,,,
50.0,0.19467753008537322,0.22642066075800932,0.14577808154298766,0.035751631524500144,2.9221608638763428,0.6030623912811279,0.06093208536110304,environment_predictor_seed,env__v~frangiehizar2021%5Frna__v~patient-derived%5Fmelanoma__v~rna__v~co-culture,frangieh_melanoma_coculture,FrangiehIzar2021_RNA,mean_matching,1,ptl_biological_instance_split_v1,20260927,training_bootstrap_disagreement,not_applicable,not_applicable,not_applicable,native_predictor_gene_space,23712,ptl_context_v2_intersection,8229,,,,,
50.0,0.19747033826794078,0.2260854390772543,0.14927200887012573,0.03579890202902235,2.9221608638763428,0.6578032970428467,0.0713609405943639,environment_predictor_seed,env__v~frangiehizar2021%5Frna__v~patient-derived%5Fmelanoma__v~rna__v~co-culture,frangieh_melanoma_coculture,FrangiehIzar2021_RNA,mean_matching,2,ptl_biological_instance_split_v1,20260927,training_bootstrap_disagreement,not_applicable,not_applicable,not_applicable,native_predictor_gene_space,23712,ptl_context_v2_intersection,8229,,,,,
50.0,0.10172356535153032,0.05661072381299923,0.0644256989634233,0.04735412963925948,2.9221608638763428,2.665553331375122,0.056332272892058964,environment_predictor_seed,env__v~frangiehizar2021%5Frna__v~patient-derived%5Fmelanoma__v~rna__v~co-culture,frangieh_melanoma_coculture,FrangiehIzar2021_RNA,slim_string,0,ptl_biological_instance_split_v1,20260927,training_bootstrap_disagreement,not_applicable,not_applicable,data/external/slim/gene_string_embeddings.v0.3.h5,native_predictor_gene_space,23712,ptl_context_v2_intersection,8229,,,,,
50.0,0.08604012187567504,0.06359157355462755,0.057802044455116365,0.050780829863328415,2.9221608638763428,2.926468849182129,0.0524973194066813,environment_predictor_seed,env__v~frangiehizar2021%5Frna__v~patient-derived%5Fmelanoma__v~rna__v~co-culture,frangieh_melanoma_coculture,FrangiehIzar2021_RNA,slim_string,1,ptl_biological_instance_split_v1,20260927,training_bootstrap_disagreement,not_applicable,not_applicable,data/external/slim/gene_string_embeddings.v0.3.h5,native_predictor_gene_space,23712,ptl_context_v2_intersection,8229,,,,,
50.0,0.07494998144073398,0.05609017997917777,0.05474028975297923,0.04639753744442808,2.9221608638763428,2.4499917030334473,0.052162195289730116,environment_predictor_seed,env__v~frangiehizar2021%5Frna__v~patient-derived%5Fmelanoma__v~rna__v~co-culture,frangieh_melanoma_coculture,FrangiehIzar2021_RNA,slim_string,2,ptl_biological_instance_split_v1,20260927,training_bootstrap_disagreement,not_applicable,not_applicable,data/external/slim/gene_string_embeddings.v0.3.h5,native_predictor_gene_space,23712,ptl_context_v2_intersection,8229,,,,,
50.0,0.10052616947766223,0.08144764517526895,0.06947973755774826,0.04242968728953404,2.9221608638763428,1.8706169128417969,0.04238335419393837,environment_predictor_seed,env__v~frangiehizar2021%5Frna__v~patient-derived%5Fmelanoma__v~rna__v~co-culture,frangieh_melanoma_coculture,FrangiehIzar2021_RNA,strong_linear,0,ptl_biological_instance_split_v1,20260927,training_bootstrap_disagreement,native_post_expression_X_train_only,const-ae/linear_perturbation_prediction-Paper_publication_runner,not_applicable,native_predictor_gene_space,23712,ptl_context_v2_intersection,8229,,,,,
50.0,0.10895417304823266,0.11156139045308902,0.06996840166135822,0.04153740724927163,2.9221608638763428,1.7735460996627808,0.05099283075935786,environment_predictor_seed,env__v~frangiehizar2021%5Frna__v~patient-derived%5Fmelanoma__v~rna__v~co-culture,frangieh_melanoma_coculture,FrangiehIzar2021_RNA,strong_linear,1,ptl_biological_instance_split_v1,20260927,training_bootstrap_disagreement,native_post_expression_X_train_only,const-ae/linear_perturbation_prediction-Paper_publication_runner,not_applicable,native_predictor_gene_space,23712,ptl_context_v2_intersection,8229,,,,,
50.0,0.135759749504403,0.1371002763782887,0.09148921397230554,0.037967791237606845,2.9221608638763428,1.3093500137329102,0.05811630477342989,environment_predictor_seed,env__v~frangiehizar2021%5Frna__v~patient-derived%5Fmelanoma__v~rna__v~co-culture,frangieh_melanoma_coculture,FrangiehIzar2021_RNA,strong_linear,2,ptl_biological_instance_split_v1,20260927,training_bootstrap_disagreement,native_post_expression_X_train_only,const-ae/linear_perturbation_prediction-Paper_publication_runner,not_applicable,native_predictor_gene_space,23712,ptl_context_v2_intersection,8229,,,,,
50.0,0.33549670211517113,0.386324852691165,0.2451040284434148,0.035310204847172566,3.1523547172546387,1.0428800582885742,0.13224084787067558,environment_predictor_seed,env__v~frangiehizar2021%5Frna__v~patient-derived%5Fmelanoma__v~rna__v~control,frangieh_melanoma_control,FrangiehIzar2021_RNA,mean_matching,0,ptl_biological_instance_split_v1,20260927,training_bootstrap_disagreement,not_applicable,not_applicable,not_applicable,native_predictor_gene_space,23712,ptl_context_v2_intersection,8229,,,,,
50.0,0.33954236170248175,0.39476499321705105,0.24866264705767693,0.035274261840880505,3.1523547172546387,1.0428779125213623,0.13887391229987922,environment_predictor_seed,env__v~frangiehizar2021%5Frna__v~patient-derived%5Fmelanoma__v~rna__v~control,frangieh_melanoma_control,FrangiehIzar2021_RNA,mean_matching,1,ptl_biological_instance_split_v1,20260927,training_bootstrap_disagreement,not_applicable,not_applicable,not_applicable,native_predictor_gene_space,23712,ptl_context_v2_intersection,8229,,,,,
50.0,0.33450053717659783,0.3879268511476076,0.24474094344156494,0.03529806466550648,3.1523547172546387,0.9885872006416321,0.12916784618711755,environment_predictor_seed,env__v~frangiehizar2021%5Frna__v~patient-derived%5Fmelanoma__v~rna__v~control,frangieh_melanoma_control,FrangiehIzar2021_RNA,mean_matching,2,ptl_biological_instance_split_v1,20260927,training_bootstrap_disagreement,not_applicable,not_applicable,not_applicable,native_predictor_gene_space,23712,ptl_context_v2_intersection,8229,,,,,
50.0,0.12363944090809513,0.12247105832504007,0.08663751067224157,0.05440038406832773,3.1523547172546387,3.540987014770508,0.0708331636305485,environment_predictor_seed,env__v~frangiehizar2021%5Frna__v~patient-derived%5Fmelanoma__v~rna__v~control,frangieh_melanoma_control,FrangiehIzar2021_RNA,slim_string,0,ptl_biological_instance_split_v1,20260927,training_bootstrap_disagreement,not_applicable,not_applicable,data/external/slim/gene_string_embeddings.v0.3.h5,native_predictor_gene_space,23712,ptl_context_v2_intersection,8229,,,,,
50.0,0.1300180476211815,0.12967860943052217,0.09331600468596973,0.054501949749040594,3.1523547172546387,3.5023818016052246,0.06938297926904424,environment_predictor_seed,env__v~frangiehizar2021%5Frna__v~patient-derived%5Fmelanoma__v~rna__v~control,frangieh_melanoma_control,FrangiehIzar2021_RNA,slim_string,1,ptl_biological_instance_split_v1,20260927,training_bootstrap_disagreement,not_applicable,not_applicable,data/external/slim/gene_string_embeddings.v0.3.h5,native_predictor_gene_space,23712,ptl_context_v2_intersection,8229,,,,,
50.0,0.09583048561932793,0.06820428131167694,0.06783372907633951,0.05921874378624095,3.1523547172546387,3.998887062072754,0.058448402803049616,environment_predictor_seed,env__v~frangiehizar2021%5Frna__v~patient-derived%5Fmelanoma__v~rna__v~control,frangieh_melanoma_control,FrangiehIzar2021_RNA,slim_string,2,ptl_biological_instance_split_v1,20260927,training_bootstrap_disagreement,not_applicable,not_applicable,data/external/slim/gene_string_embeddings.v0.3.h5,native_predictor_gene_space,23712,ptl_context_v2_intersection,8229,,,,,
50.0,0.2514050498199736,0.27616728260975887,0.1778013387226907,0.03879410203464726,3.1523547172546387,1.6729483604431152,0.0986529049404827,environment_predictor_seed,env__v~frangiehizar2021%5Frna__v~patient-derived%5Fmelanoma__v~rna__v~control,frangieh_melanoma_control,FrangiehIzar2021_RNA,strong_linear,0,ptl_biological_instance_split_v1,20260927,training_bootstrap_disagreement,native_post_expression_X_train_only,const-ae/linear_perturbation_prediction-Paper_publication_runner,not_applicable,native_predictor_gene_space,23712,ptl_context_v2_intersection,8229,,,,,
50.0,0.26495895251209167,0.2948278497351633,0.187196874945995,0.038620161597213806,3.1523547172546387,1.6793290376663208,0.10263278612997835,environment_predictor_seed,env__v~frangiehizar2021%5Frna__v~patient-derived%5Fmelanoma__v~rna__v~control,frangieh_melanoma_control,FrangiehIzar2021_RNA,strong_linear,1,ptl_biological_instance_split_v1,20260927,training_bootstrap_disagreement,native_post_expression_X_train_only,const-ae/linear_perturbation_prediction-Paper_publication_runner,not_applicable,native_predictor_gene_space,23712,ptl_context_v2_intersection,8229,,,,,
50.0,0.23991191537063508,0.2517052663405897,0.1723516696680173,0.03830855220387637,3.1523547172546387,1.5150471925735474,0.08986037578413379,environment_predictor_seed,env__v~frangiehizar2021%5Frna__v~patient-derived%5Fmelanoma__v~rna__v~control,frangieh_melanoma_control,FrangiehIzar2021_RNA,strong_linear,2,ptl_biological_instance_split_v1,20260927,training_bootstrap_disagreement,native_post_expression_X_train_only,const-ae/linear_perturbation_prediction-Paper_publication_runner,not_applicable,native_predictor_gene_space,23712,ptl_context_v2_intersection,8229,,,,,
50.0,0.3236498793848183,0.33999616412812705,0.22667205836743132,0.037214576445540375,3.209501266479492,1.0273195505142212,0.10182971984770081,environment_predictor_seed,env__v~frangiehizar2021%5Frna__v~patient-derived%5Fmelanoma__v~rna__v~ifn%CE%B3,frangieh_melanoma_ifng,FrangiehIzar2021_RNA,mean_matching,0,ptl_biological_instance_split_v1,20260927,training_bootstrap_disagreement,not_applicable,not_applicable,not_applicable,native_predictor_gene_space,23712,ptl_context_v2_intersection,8229,,,,,
50.0,0.32320713625716097,0.3522348003734157,0.22539251071315683,0.03723515492900942,3.209501266479492,0.9826992750167847,0.1014340716296162,environment_predictor_seed,env__v~frangiehizar2021%5Frna__v~patient-derived%5Fmelanoma__v~rna__v~ifn%CE%B3,frangieh_melanoma_ifng,FrangiehIzar2021_RNA,mean_matching,1,ptl_biological_instance_split_v1,20260927,training_bootstrap_disagreement,not_applicable,not_applicable,not_applicable,native_predictor_gene_space,23712,ptl_context_v2_intersection,8229,,,,,
50.0,0.32399671841057043,0.349835343097472,0.2252887747402663,0.03722048491455806,3.209501266479492,0.94355309009552,0.10816397923548936,environment_predictor_seed,env__v~frangiehizar2021%5Frna__v~patient-derived%5Fmelanoma__v~rna__v~ifn%CE%B3,frangieh_melanoma_ifng,FrangiehIzar2021_RNA,mean_matching,2,ptl_biological_instance_split_v1,20260927,training_bootstrap_disagreement,not_applicable,not_applicable,not_applicable,native_predictor_gene_space,23712,ptl_context_v2_intersection,8229,,,,,
50.0,0.12790977374862306,0.09539791011902385,0.08412463266895832,0.05485244927764791,3.209501266479492,3.597064733505249,0.061585903996040824,environment_predictor_seed,env__v~frangiehizar2021%5Frna__v~patient-derived%5Fmelanoma__v~rna__v~ifn%CE%B3,frangieh_melanoma_ifng,FrangiehIzar2021_RNA,slim_string,0,ptl_biological_instance_split_v1,20260927,training_bootstrap_disagreement,not_applicable,not_applicable,data/external/slim/gene_string_embeddings.v0.3.h5,native_predictor_gene_space,23712,ptl_context_v2_intersection,8229,,,,,
50.0,0.11116370970362409,0.08441152536011778,0.0703123045807368,0.058933082535298706,3.209501266479492,3.8962137699127197,0.04925092166218579,environment_predictor_seed,env__v~frangiehizar2021%5Frna__v~patient-derived%5Fmelanoma__v~rna__v~ifn%CE%B3,frangieh_melanoma_ifng,FrangiehIzar2021_RNA,slim_string,1,ptl_biological_instance_split_v1,20260927,training_bootstrap_disagreement,not_applicable,not_applicable,data/external/slim/gene_string_embeddings.v0.3.h5,native_predictor_gene_space,23712,ptl_context_v2_intersection,8229,,,,,
50.0,0.12794339059714957,0.08437479805989302,0.08083465736559475,0.052822450622058655,3.209501266479492,3.3295066356658936,0.0631280695515315,environment_predictor_seed,env__v~frangiehizar2021%5Frna__v~patient-derived%5Fmelanoma__v~rna__v~ifn%CE%B3,frangieh_melanoma_ifng,FrangiehIzar2021_RNA,slim_string,2,ptl_biological_instance_split_v1,20260927,training_bootstrap_disagreement,not_applicable,not_applicable,data/external/slim/gene_string_embeddings.v0.3.h5,native_predictor_gene_space,23712,ptl_context_v2_intersection,8229,,,,,
50.0,0.23950188714106982,0.23198500239311662,0.1620146233974749,0.03942986432700561,3.209501266479492,1.3985905647277832,0.07278638652847248,environment_predictor_seed,env__v~frangiehizar2021%5Frna__v~patient-derived%5Fmelanoma__v~rna__v~ifn%CE%B3,frangieh_melanoma_ifng,FrangiehIzar2021_RNA,strong_linear,0,ptl_biological_instance_split_v1,20260927,training_bootstrap_disagreement,native_post_expression_X_train_only,const-ae/linear_perturbation_prediction-Paper_publication_runner,not_applicable,native_predictor_gene_space,23712,ptl_context_v2_intersection,8229,,,,,
50.0,0.20407227672468475,0.19232813506848923,0.13123237391573686,0.04037244138774525,3.209501266479492,1.527732253074646,0.06905901282883148,environment_predictor_seed,env__v~frangiehizar2021%5Frna__v~patient-derived%5Fmelanoma__v~rna__v~ifn%CE%B3,frangieh_melanoma_ifng,FrangiehIzar2021_RNA,strong_linear,1,ptl_biological_instance_split_v1,20260927,training_bootstrap_disagreement,native_post_expression_X_train_only,const-ae/linear_perturbation_prediction-Paper_publication_runner,not_applicable,native_predictor_gene_space,23712,ptl_context_v2_intersection,8229,,,,,
50.0,0.19934495063393068,0.17600902530815668,0.13201155744159215,0.0401303153052807,3.209501266479492,1.4208505153656006,0.06187474102752767,environment_predictor_seed,env__v~frangiehizar2021%5Frna__v~patient-derived%5Fmelanoma__v~rna__v~ifn%CE%B3,frangieh_melanoma_ifng,FrangiehIzar2021_RNA,strong_linear,2,ptl_biological_instance_split_v1,20260927,training_bootstrap_disagreement,native_post_expression_X_train_only,const-ae/linear_perturbation_prediction-Paper_publication_runner,not_applicable,native_predictor_gene_space,23712,ptl_context_v2_intersection,8229,,,,,
48.0,0.7695212937824905,0.8333898434069482,0.6223800389155524,0.0393864418158834,5.091416835784912,3.9812991619110107,0.3880948010518554,environment_predictor_seed,env__v~normanweissman2019%5Ffiltered__v~k562__v~rna__v~baseline,norman_k562,NormanWeissman2019_filtered,mean_matching,0,ptl_biological_instance_split_v1,20260927,training_bootstrap_disagreement,not_applicable,not_applicable,not_applicable,native_predictor_gene_space,33694,ptl_context_v2_intersection,8229,,,,,
48.0,0.7418666561420993,0.8188612674601019,0.6001455875184031,0.04329764728815184,5.091416835784912,4.609250545501709,0.3717105352702496,environment_predictor_seed,env__v~normanweissman2019%5Ffiltered__v~k562__v~rna__v~baseline,norman_k562,NormanWeissman2019_filtered,mean_matching,1,ptl_biological_instance_split_v1,20260927,training_bootstrap_disagreement,not_applicable,not_applicable,not_applicable,native_predictor_gene_space,33694,ptl_context_v2_intersection,8229,,,,,
48.0,0.7563885236620705,0.8206294812677815,0.6112427383794901,0.0426959076924462,5.091416835784912,4.190256595611572,0.3777983289742742,environment_predictor_seed,env__v~normanweissman2019%5Ffiltered__v~k562__v~rna__v~baseline,norman_k562,NormanWeissman2019_filtered,mean_matching,2,ptl_biological_instance_split_v1,20260927,training_bootstrap_disagreement,not_applicable,not_applicable,not_applicable,native_predictor_gene_space,33694,ptl_context_v2_intersection,8229,,,,,
48.0,0.5684137095907803,0.7350385595749609,0.466552251157373,0.05768195844207225,5.091416835784912,5.269369125366211,0.28793095954671694,environment_predictor_seed,env__v~normanweissman2019%5Ffiltered__v~k562__v~rna__v~baseline,norman_k562,NormanWeissman2019_filtered,slim_string,0,ptl_biological_instance_split_v1,20260927,training_bootstrap_disagreement,not_applicable,not_applicable,data/external/slim/gene_string_embeddings.v0.3.h5,native_predictor_gene_space,33694,ptl_context_v2_intersection,8229,,,,,
48.0,0.592605013401466,0.667260465329351,0.47335145431817205,0.061104083402404884,5.091416835784912,5.757680416107178,0.29200564578450844,environment_predictor_seed,env__v~normanweissman2019%5Ffiltered__v~k562__v~rna__v~baseline,norman_k562,NormanWeissman2019_filtered,slim_string,1,ptl_biological_instance_split_v1,20260927,training_bootstrap_disagreement,not_applicable,not_applicable,data/external/slim/gene_string_embeddings.v0.3.h5,native_predictor_gene_space,33694,ptl_context_v2_intersection,8229,,,,,
48.0,0.5724829604852387,0.6923957611902642,0.4537587054919374,0.06067867124434304,5.091416835784912,5.2729010581970215,0.28424649607422103,environment_predictor_seed,env__v~normanweissman2019%5Ffiltered__v~k562__v~rna__v~baseline,norman_k562,NormanWeissman2019_filtered,slim_string,2,ptl_biological_instance_split_v1,20260927,training_bootstrap_disagreement,not_applicable,not_applicable,data/external/slim/gene_string_embeddings.v0.3.h5,native_predictor_gene_space,33694,ptl_context_v2_intersection,8229,,,,,
48.0,0.6480272999921951,0.7617389467199512,0.5315332266618585,0.04622800245894318,5.091416835784912,3.9136695861816406,0.29293534564987844,environment_predictor_seed,env__v~normanweissman2019%5Ffiltered__v~k562__v~rna__v~baseline,norman_k562,NormanWeissman2019_filtered,strong_linear,0,ptl_biological_instance_split_v1,20260927,training_bootstrap_disagreement,native_post_expression_X_train_only,const-ae/linear_perturbation_prediction-Paper_publication_runner,not_applicable,native_predictor_gene_space,33694,ptl_context_v2_intersection,8229,,,,,
48.0,0.5920865068442691,0.7293433312191874,0.47823430019181995,0.05493366064555827,5.091416835784912,4.871366500854492,0.2805051745149953,environment_predictor_seed,env__v~normanweissman2019%5Ffiltered__v~k562__v~rna__v~baseline,norman_k562,NormanWeissman2019_filtered,strong_linear,1,ptl_biological_instance_split_v1,20260927,training_bootstrap_disagreement,native_post_expression_X_train_only,const-ae/linear_perturbation_prediction-Paper_publication_runner,not_applicable,native_predictor_gene_space,33694,ptl_context_v2_intersection,8229,,,,,
48.0,0.6385636435839749,0.7251159841961574,0.5121734523904609,0.05008592251110153,5.091416835784912,4.336130142211914,0.27535215948584263,environment_predictor_seed,env__v~normanweissman2019%5Ffiltered__v~k562__v~rna__v~baseline,norman_k562,NormanWeissman2019_filtered,strong_linear,2,ptl_biological_instance_split_v1,20260927,training_bootstrap_disagreement,native_post_expression_X_train_only,const-ae/linear_perturbation_prediction-Paper_publication_runner,not_applicable,native_predictor_gene_space,33694,ptl_context_v2_intersection,8229,,,,,
33.0,0.08770373316803548,0.05057742880690931,0.10490689554722049,0.09619933155310416,7.960604667663574,1.2946887016296387,0.05579434847378169,environment_predictor_seed,env__v~replogleweissman2022%5Frpe1__v~rpe1__v~rna__v~baseline,replogle_rpe1,ReplogleWeissman2022_rpe1,mean_matching,0,ptl_biological_instance_split_v1,20260927,training_bootstrap_disagreement,not_applicable,not_applicable,not_applicable,native_predictor_gene_space,8749,ptl_context_v2_intersection,8229,,,,,
33.0,0.10206963367105669,0.05717654450162418,0.12095491172501006,0.09630681148615189,7.960604667663574,1.7073177099227905,0.08028304206013762,environment_predictor_seed,env__v~replogleweissman2022%5Frpe1__v~rpe1__v~rna__v~baseline,replogle_rpe1,ReplogleWeissman2022_rpe1,mean_matching,1,ptl_biological_instance_split_v1,20260927,training_bootstrap_disagreement,not_applicable,not_applicable,not_applicable,native_predictor_gene_space,8749,ptl_context_v2_intersection,8229,,,,,
33.0,0.11585657595012777,0.08850646506610604,0.11517857133764693,0.09631761438590852,7.960604667663574,2.011486053466797,0.06915124356612906,environment_predictor_seed,env__v~replogleweissman2022%5Frpe1__v~rpe1__v~rna__v~baseline,replogle_rpe1,ReplogleWeissman2022_rpe1,mean_matching,2,ptl_biological_instance_split_v1,20260927,training_bootstrap_disagreement,not_applicable,not_applicable,not_applicable,native_predictor_gene_space,8749,ptl_context_v2_intersection,8229,,,,,
33.0,0.006425247019467795,0.002066210679008844,0.004447762530433026,0.1458181593575605,7.960604667663574,8.992323875427246,0.03506957233017655,environment_predictor_seed,env__v~replogleweissman2022%5Frpe1__v~rpe1__v~rna__v~baseline,replogle_rpe1,ReplogleWeissman2022_rpe1,slim_string,0,ptl_biological_instance_split_v1,20260927,training_bootstrap_disagreement,not_applicable,not_applicable,data/external/slim/gene_string_embeddings.v0.3.h5,native_predictor_gene_space,8749,ptl_context_v2_intersection,8229,,,,,
33.0,0.020337409029078525,0.02064701466839354,0.010508780056075268,0.14424778396322163,7.960604667663574,9.163142204284668,0.05329166957035441,environment_predictor_seed,env__v~replogleweissman2022%5Frpe1__v~rpe1__v~rna__v~baseline,replogle_rpe1,ReplogleWeissman2022_rpe1,slim_string,1,ptl_biological_instance_split_v1,20260927,training_bootstrap_disagreement,not_applicable,not_applicable,data/external/slim/gene_string_embeddings.v0.3.h5,native_predictor_gene_space,8749,ptl_context_v2_intersection,8229,,,,,
33.0,0.030258085349541976,0.016464596970143637,0.020703146980032526,0.15202103194706254,7.960604667663574,10.049210548400879,0.03702308905809963,environment_predictor_seed,env__v~replogleweissman2022%5Frpe1__v~rpe1__v~rna__v~baseline,replogle_rpe1,ReplogleWeissman2022_rpe1,slim_string,2,ptl_biological_instance_split_v1,20260927,training_bootstrap_disagreement,not_applicable,not_applicable,data/external/slim/gene_string_embeddings.v0.3.h5,native_predictor_gene_space,8749,ptl_context_v2_intersection,8229,,,,,
33.0,0.056251284209533896,0.0220022548316804,0.039050342338497496,0.10016432107891354,7.960604667663574,2.5902328491210938,0.04220708941052917,environment_predictor_seed,env__v~replogleweissman2022%5Frpe1__v~rpe1__v~rna__v~baseline,replogle_rpe1,ReplogleWeissman2022_rpe1,strong_linear,0,ptl_biological_instance_split_v1,20260927,training_bootstrap_disagreement,native_post_expression_X_train_only,const-ae/linear_perturbation_prediction-Paper_publication_runner,not_applicable,native_predictor_gene_space,8749,ptl_context_v2_intersection,8229,,,,,
33.0,0.13087549655858044,0.06065182303058556,0.09570662056944612,0.09826019288664418,7.960604667663574,2.9584810733795166,0.08888535791564509,environment_predictor_seed,env__v~replogleweissman2022%5Frpe1__v~rpe1__v~rna__v~baseline,replogle_rpe1,ReplogleWeissman2022_rpe1,strong_linear,1,ptl_biological_instance_split_v1,20260927,training_bootstrap_disagreement,native_post_expression_X_train_only,const-ae/linear_perturbation_prediction-Paper_publication_runner,not_applicable,native_predictor_gene_space,8749,ptl_context_v2_intersection,8229,,,,,
33.0,0.12615696000096285,0.06688542838170496,0.0956894692193112,0.10265714793179562,7.960604667663574,4.078805446624756,0.0718276825047419,environment_predictor_seed,env__v~replogleweissman2022%5Frpe1__v~rpe1__v~rna__v~baseline,replogle_rpe1,ReplogleWeissman2022_rpe1,strong_linear,2,ptl_biological_instance_split_v1,20260927,training_bootstrap_disagreement,native_post_expression_X_train_only,const-ae/linear_perturbation_prediction-Paper_publication_runner,not_applicable,native_predictor_gene_space,8749,ptl_context_v2_intersection,8229,,,,,
20.0,0.5060395659477323,0.5311460754504956,0.46929066458394253,0.03644238226853285,3.5897369384765625,2.08677339553833,0.09367791384321707,environment_predictor_seed,env__v~tiankampmann2021%5Fcrispra__v~ipsc-induced%5Fneuron__v~rna__v~baseline,tian_neuron_crispra,TianKampmann2021_CRISPRa,mean_matching,0,ptl_biological_instance_split_v1,20260927,training_bootstrap_disagreement,not_applicable,not_applicable,not_applicable,native_predictor_gene_space,33538,ptl_context_v2_intersection,8229,,,,,
20.0,0.5143285626742267,0.5521501818992087,0.47563658475821624,0.03624424894576965,3.5897369384765625,1.984541893005371,0.09287212764658463,environment_predictor_seed,env__v~tiankampmann2021%5Fcrispra__v~ipsc-induced%5Fneuron__v~rna__v~baseline,tian_neuron_crispra,TianKampmann2021_CRISPRa,mean_matching,1,ptl_biological_instance_split_v1,20260927,training_bootstrap_disagreement,not_applicable,not_applicable,not_applicable,native_predictor_gene_space,33538,ptl_context_v2_intersection,8229,,,,,
20.0,0.5037538837668286,0.5272803757670448,0.46662242126871584,0.03650888886373317,3.5897369384765625,2.120601177215576,0.09200513798143026,environment_predictor_seed,env__v~tiankampmann2021%5Fcrispra__v~ipsc-induced%5Fneuron__v~rna__v~baseline,tian_neuron_crispra,TianKampmann2021_CRISPRa,mean_matching,2,ptl_biological_instance_split_v1,20260927,training_bootstrap_disagreement,not_applicable,not_applicable,not_applicable,native_predictor_gene_space,33538,ptl_context_v2_intersection,8229,,,,,
20.0,0.3239179026416952,0.3351931252179874,0.3139008517269709,0.049346221468769096,3.5897369384765625,3.3089842796325684,0.05300832619088215,environment_predictor_seed,env__v~tiankampmann2021%5Fcrispra__v~ipsc-induced%5Fneuron__v~rna__v~baseline,tian_neuron_crispra,TianKampmann2021_CRISPRa,slim_string,0,ptl_biological_instance_split_v1,20260927,training_bootstrap_disagreement,not_applicable,not_applicable,data/external/slim/gene_string_embeddings.v0.3.h5,native_predictor_gene_space,33538,ptl_context_v2_intersection,8229,,,,,
20.0,0.33426882062777685,0.35732104588068253,0.31269098975944837,0.04463570101837562,3.5897369384765625,2.9042325019836426,0.04954381553816821,environment_predictor_seed,env__v~tiankampmann2021%5Fcrispra__v~ipsc-induced%5Fneuron__v~rna__v~baseline,tian_neuron_crispra,TianKampmann2021_CRISPRa,slim_string,1,ptl_biological_instance_split_v1,20260927,training_bootstrap_disagreement,not_applicable,not_applicable,data/external/slim/gene_string_embeddings.v0.3.h5,native_predictor_gene_space,33538,ptl_context_v2_intersection,8229,,,,,
20.0,0.3501310967045981,0.32964635388886343,0.325136244288433,0.04379475415571449,3.5897369384765625,2.9161267280578613,0.06083994323947769,environment_predictor_seed,env__v~tiankampmann2021%5Fcrispra__v~ipsc-induced%5Fneuron__v~rna__v~baseline,tian_neuron_crispra,TianKampmann2021_CRISPRa,slim_string,2,ptl_biological_instance_split_v1,20260927,training_bootstrap_disagreement,not_applicable,not_applicable,data/external/slim/gene_string_embeddings.v0.3.h5,native_predictor_gene_space,33538,ptl_context_v2_intersection,8229,,,,,
20.0,0.44454538171762675,0.4473143104994347,0.41245382678968695,0.03887701174334921,3.5897369384765625,2.2656900882720947,0.07024107289172875,environment_predictor_seed,env__v~tiankampmann2021%5Fcrispra__v~ipsc-induced%5Fneuron__v~rna__v~baseline,tian_neuron_crispra,TianKampmann2021_CRISPRa,strong_linear,0,ptl_biological_instance_split_v1,20260927,training_bootstrap_disagreement,native_post_expression_X_train_only,const-ae/linear_perturbation_prediction-Paper_publication_runner,not_applicable,native_predictor_gene_space,33538,ptl_context_v2_intersection,8229,,,,,
20.0,0.4577608111865204,0.46781182513575215,0.42473970023744634,0.038373628214263406,3.5897369384765625,2.1880574226379395,0.07228391535498926,environment_predictor_seed,env__v~tiankampmann2021%5Fcrispra__v~ipsc-induced%5Fneuron__v~rna__v~baseline,tian_neuron_crispra,TianKampmann2021_CRISPRa,strong_linear,1,ptl_biological_instance_split_v1,20260927,training_bootstrap_disagreement,native_post_expression_X_train_only,const-ae/linear_perturbation_prediction-Paper_publication_runner,not_applicable,native_predictor_gene_space,33538,ptl_context_v2_intersection,8229,,,,,
20.0,0.4203044516804296,0.39539065046837263,0.3843006386990402,0.0438089641569362,3.5897369384765625,2.864176034927368,0.06774832103773781,environment_predictor_seed,env__v~tiankampmann2021%5Fcrispra__v~ipsc-induced%5Fneuron__v~rna__v~baseline,tian_neuron_crispra,TianKampmann2021_CRISPRa,strong_linear,2,ptl_biological_instance_split_v1,20260927,training_bootstrap_disagreement,native_post_expression_X_train_only,const-ae/linear_perturbation_prediction-Paper_publication_runner,not_applicable,native_predictor_gene_space,33538,ptl_context_v2_intersection,8229,,,,,
38.0,0.4940957749108296,0.4956115160389265,0.46730233299250973,0.03191520698094466,3.10978364944458,1.548167109489441,0.06636575640053413,environment_predictor_seed,env__v~tiankampmann2021%5Fcrispri__v~ipsc-induced%5Fneuron__v~rna__v~baseline,tian_neuron_crispri,TianKampmann2021_CRISPRi,mean_matching,0,ptl_biological_instance_split_v1,20260927,training_bootstrap_disagreement,not_applicable,not_applicable,not_applicable,native_predictor_gene_space,33538,ptl_context_v2_intersection,8229,,,,,
38.0,0.49322721344127096,0.49490817514613167,0.46636818778903344,0.03193560028357524,3.10978364944458,1.5607178211212158,0.07148852927766329,environment_predictor_seed,env__v~tiankampmann2021%5Fcrispri__v~ipsc-induced%5Fneuron__v~rna__v~baseline,tian_neuron_crispri,TianKampmann2021_CRISPRi,mean_matching,1,ptl_biological_instance_split_v1,20260927,training_bootstrap_disagreement,not_applicable,not_applicable,not_applicable,native_predictor_gene_space,33538,ptl_context_v2_intersection,8229,,,,,
38.0,0.49285104595762247,0.4892278273432406,0.4667869462024665,0.031931606470224395,3.10978364944458,1.5511623620986938,0.06939024413026144,environment_predictor_seed,env__v~tiankampmann2021%5Fcrispri__v~ipsc-induced%5Fneuron__v~rna__v~baseline,tian_neuron_crispri,TianKampmann2021_CRISPRi,mean_matching,2,ptl_biological_instance_split_v1,20260927,training_bootstrap_disagreement,not_applicable,not_applicable,not_applicable,native_predictor_gene_space,33538,ptl_context_v2_intersection,8229,,,,,
38.0,0.3166949153520609,0.31252204632204783,0.29723023309836605,0.04083957690845524,3.10978364944458,2.6932785511016846,0.03780616082440995,environment_predictor_seed,env__v~tiankampmann2021%5Fcrispri__v~ipsc-induced%5Fneuron__v~rna__v~baseline,tian_neuron_crispri,TianKampmann2021_CRISPRi,slim_string,0,ptl_biological_instance_split_v1,20260927,training_bootstrap_disagreement,not_applicable,not_applicable,data/external/slim/gene_string_embeddings.v0.3.h5,native_predictor_gene_space,33538,ptl_context_v2_intersection,8229,,,,,
38.0,0.3284746788571769,0.32921839394198193,0.30813719494558084,0.03874555898731321,3.10978364944458,2.464862823486328,0.04263172880092468,environment_predictor_seed,env__v~tiankampmann2021%5Fcrispri__v~ipsc-induced%5Fneuron__v~rna__v~baseline,tian_neuron_crispri,TianKampmann2021_CRISPRi,slim_string,1,ptl_biological_instance_split_v1,20260927,training_bootstrap_disagreement,not_applicable,not_applicable,data/external/slim/gene_string_embeddings.v0.3.h5,native_predictor_gene_space,33538,ptl_context_v2_intersection,8229,,,,,
38.0,0.3289478966649781,0.3325688987287023,0.3104854316237594,0.038178753922483086,3.10978364944458,2.371105909347534,0.03257391293740055,environment_predictor_seed,env__v~tiankampmann2021%5Fcrispri__v~ipsc-induced%5Fneuron__v~rna__v~baseline,tian_neuron_crispri,TianKampmann2021_CRISPRi,slim_string,2,ptl_biological_instance_split_v1,20260927,training_bootstrap_disagreement,not_applicable,not_applicable,data/external/slim/gene_string_embeddings.v0.3.h5,native_predictor_gene_space,33538,ptl_context_v2_intersection,8229,,,,,
38.0,0.4573558839384598,0.46302479154231757,0.43157232593745454,0.032781308758454954,3.10978364944458,1.6640788316726685,0.05919316635028449,environment_predictor_seed,env__v~tiankampmann2021%5Fcrispri__v~ipsc-induced%5Fneuron__v~rna__v~baseline,tian_neuron_crispri,TianKampmann2021_CRISPRi,strong_linear,0,ptl_biological_instance_split_v1,20260927,training_bootstrap_disagreement,native_post_expression_X_train_only,const-ae/linear_perturbation_prediction-Paper_publication_runner,not_applicable,native_predictor_gene_space,33538,ptl_context_v2_intersection,8229,,,,,
38.0,0.46203335749246355,0.4714633409923239,0.4358526583093886,0.03264530882263858,3.10978364944458,1.6582837104797363,0.058098552975377894,environment_predictor_seed,env__v~tiankampmann2021%5Fcrispri__v~ipsc-induced%5Fneuron__v~rna__v~baseline,tian_neuron_crispri,TianKampmann2021_CRISPRi,strong_linear,1,ptl_biological_instance_split_v1,20260927,training_bootstrap_disagreement,native_post_expression_X_train_only,const-ae/linear_perturbation_prediction-Paper_publication_runner,not_applicable,native_predictor_gene_space,33538,ptl_context_v2_intersection,8229,,,,,
38.0,0.46239573387782346,0.46094760405432145,0.4366314859712611,0.0326063419883536,3.10978364944458,1.6540014743804932,0.060857417298354546,environment_predictor_seed,env__v~tiankampmann2021%5Fcrispri__v~ipsc-induced%5Fneuron__v~rna__v~baseline,tian_neuron_crispri,TianKampmann2021_CRISPRi,strong_linear,2,ptl_biological_instance_split_v1,20260927,training_bootstrap_disagreement,native_post_expression_X_train_only,const-ae/linear_perturbation_prediction-Paper_publication_runner,not_applicable,native_predictor_gene_space,33538,ptl_context_v2_intersection,8229,,,,,
38.0,0.3547766179233469,0.3336755460962493,0.32482348371429043,0.07414986973885614,6.345592498779297,2.149277687072754,0.05319590871927217,environment_predictor_seed,env__v~xucao2023__v~hek293__v~rna__v~baseline,xu_he293,XuCao2023,mean_matching,0,ptl_biological_instance_split_v1,20260927,training_bootstrap_disagreement,not_applicable,not_applicable,not_applicable,native_predictor_gene_space,59429,ptl_context_v2_intersection,8229,,,,,
38.0,0.35293977328396137,0.3498746081967373,0.3225210534130751,0.07419417580809165,6.345592498779297,2.220137596130371,0.054519098557001155,environment_predictor_seed,env__v~xucao2023__v~hek293__v~rna__v~baseline,xu_he293,XuCao2023,mean_matching,1,ptl_biological_instance_split_v1,20260927,training_bootstrap_disagreement,not_applicable,not_applicable,not_applicable,native_predictor_gene_space,59429,ptl_context_v2_intersection,8229,,,,,
38.0,0.3563739168672204,0.3444619106267692,0.32583329405751116,0.07414517710402029,6.345592498779297,2.16723370552063,0.05281681677052339,environment_predictor_seed,env__v~xucao2023__v~hek293__v~rna__v~baseline,xu_he293,XuCao2023,mean_matching,2,ptl_biological_instance_split_v1,20260927,training_bootstrap_disagreement,not_applicable,not_applicable,not_applicable,native_predictor_gene_space,59429,ptl_context_v2_intersection,8229,,,,,
38.0,0.14829978096393331,0.13517830566723027,0.12912270962780692,0.10166928421380397,6.345592498779297,6.406721591949463,0.027097860799579754,environment_predictor_seed,env__v~xucao2023__v~hek293__v~rna__v~baseline,xu_he293,XuCao2023,slim_string,0,ptl_biological_instance_split_v1,20260927,training_bootstrap_disagreement,not_applicable,not_applicable,data/external/slim/gene_string_embeddings.v0.3.h5,native_predictor_gene_space,59429,ptl_context_v2_intersection,8229,,,,,
38.0,0.1612590782156432,0.13973867281027857,0.13805267713470815,0.09666681604893494,6.345592498779297,5.907660961151123,0.032142734011503284,environment_predictor_seed,env__v~xucao2023__v~hek293__v~rna__v~baseline,xu_he293,XuCao2023,slim_string,1,ptl_biological_instance_split_v1,20260927,training_bootstrap_disagreement,not_applicable,not_applicable,data/external/slim/gene_string_embeddings.v0.3.h5,native_predictor_gene_space,59429,ptl_context_v2_intersection,8229,,,,,
38.0,0.1591194708903347,0.15739894005103694,0.1407447350763979,0.09717123021336836,6.345592498779297,5.734536647796631,0.026496397354449315,environment_predictor_seed,env__v~xucao2023__v~hek293__v~rna__v~baseline,xu_he293,XuCao2023,slim_string,2,ptl_biological_instance_split_v1,20260927,training_bootstrap_disagreement,not_applicable,not_applicable,data/external/slim/gene_string_embeddings.v0.3.h5,native_predictor_gene_space,59429,ptl_context_v2_intersection,8229,,,,,
38.0,0.2700105940754063,0.27471642785842526,0.2422609205871986,0.07876990318917336,6.345592498779297,3.194692850112915,0.03819887656124277,environment_predictor_seed,env__v~xucao2023__v~hek293__v~rna__v~baseline,xu_he293,XuCao2023,strong_linear,0,ptl_biological_instance_split_v1,20260927,training_bootstrap_disagreement,native_post_expression_X_train_only,const-ae/linear_perturbation_prediction-Paper_publication_runner,not_applicable,native_predictor_gene_space,59429,ptl_context_v2_intersection,8229,,,,,
38.0,0.23811397256608424,0.22557245640390478,0.21726582737293137,0.08132307929062936,6.345592498779297,3.6006522178649902,0.033045593012932827,environment_predictor_seed,env__v~xucao2023__v~hek293__v~rna__v~baseline,xu_he293,XuCao2023,strong_linear,1,ptl_biological_instance_split_v1,20260927,training_bootstrap_disagreement,native_post_expression_X_train_only,const-ae/linear_perturbation_prediction-Paper_publication_runner,not_applicable,native_predictor_gene_space,59429,ptl_context_v2_intersection,8229,,,,,
38.0,0.2571488196760348,0.23330785558044753,0.23034580122940257,0.07925744455639781,6.345592498779297,3.2993974685668945,0.039928468220757275,environment_predictor_seed,env__v~xucao2023__v~hek293__v~rna__v~baseline,xu_he293,XuCao2023,strong_linear,2,ptl_biological_instance_split_v1,20260927,training_bootstrap_disagreement,native_post_expression_X_train_only,const-ae/linear_perturbation_prediction-Paper_publication_runner,not_applicable,native_predictor_gene_space,59429,ptl_context_v2_intersection,8229,,,,,
