perturbation_label,n_cells_qc,n_cells_with_nonmissing_guide_id,n_unique_guide_strings,n_unique_guide_tokens,median_guide_tokens_per_cell,fraction_multi_token_cells,fraction_cells_containing_target_token,guide_id_missing_fraction,environment_key,status
A2M,436,436,186,219,1.0,0.47477064220183485,1.0,0.0,frangieh_melanoma_coculture,audit_only_not_primary
ACSL3,187,187,80,114,1.0,0.44385026737967914,1.0,0.0,frangieh_melanoma_coculture,audit_only_not_primary
ACTA2,448,448,178,217,1.0,0.4575892857142857,1.0,0.0,frangieh_melanoma_coculture,audit_only_not_primary
AEBP1,384,384,136,164,1.0,0.3932291666666667,1.0,0.0,frangieh_melanoma_coculture,audit_only_not_primary
AGA,381,381,146,179,1.0,0.41732283464566927,1.0,0.0,frangieh_melanoma_coculture,audit_only_not_primary
AHCY,20,20,15,20,2.0,0.65,1.0,0.0,frangieh_melanoma_coculture,audit_only_not_primary
AHNAK,309,309,117,159,1.0,0.4174757281553398,1.0,0.0,frangieh_melanoma_coculture,audit_only_not_primary
APOC2,345,345,135,172,1.0,0.42318840579710143,1.0,0.0,frangieh_melanoma_coculture,audit_only_not_primary
APOD,351,351,145,180,1.0,0.4586894586894587,1.0,0.0,frangieh_melanoma_coculture,audit_only_not_primary
APOE,354,354,129,168,1.0,0.4265536723163842,1.0,0.0,frangieh_melanoma_coculture,audit_only_not_primary
ARMC6,281,281,100,117,1.0,0.4128113879003559,1.0,0.0,frangieh_melanoma_coculture,audit_only_not_primary
ATP1A1,10,10,7,11,1.0,0.4,1.0,0.0,frangieh_melanoma_coculture,audit_only_not_primary
ATP1B1,331,331,128,155,1.0,0.41389728096676737,1.0,0.0,frangieh_melanoma_coculture,audit_only_not_primary
ATP5MD,213,213,5,5,1.0,0.009389671361502348,1.0,0.0,frangieh_melanoma_coculture,audit_only_not_primary
B2M,479,479,186,216,1.0,0.44258872651356995,1.0,0.0,frangieh_melanoma_coculture,audit_only_not_primary
BOLA2,218,218,94,117,1.0,0.45871559633027525,1.0,0.0,frangieh_melanoma_coculture,audit_only_not_primary
BOLA2B,205,205,86,116,1.0,0.45365853658536587,1.0,0.0,frangieh_melanoma_coculture,audit_only_not_primary
BZW2,324,324,130,182,1.0,0.44135802469135804,1.0,0.0,frangieh_melanoma_coculture,audit_only_not_primary
C19orf48,375,375,127,155,1.0,0.384,1.0,0.0,frangieh_melanoma_coculture,audit_only_not_primary
C1QBP,194,194,85,105,1.0,0.4639175257731959,1.0,0.0,frangieh_melanoma_coculture,audit_only_not_primary
C6orf226,331,331,131,154,1.0,0.4501510574018127,1.0,0.0,frangieh_melanoma_coculture,audit_only_not_primary
CCND1,170,170,59,83,1.0,0.3352941176470588,1.0,0.0,frangieh_melanoma_coculture,audit_only_not_primary
CCND2,331,331,129,157,1.0,0.43202416918429004,1.0,0.0,frangieh_melanoma_coculture,audit_only_not_primary
CCR10,328,328,126,154,1.0,0.4268292682926829,1.0,0.0,frangieh_melanoma_coculture,audit_only_not_primary
CCT3,65,65,28,42,1.0,0.4461538461538462,1.0,0.0,frangieh_melanoma_coculture,audit_only_not_primary
CCT6A,21,21,9,11,1.0,0.2857142857142857,1.0,0.0,frangieh_melanoma_coculture,audit_only_not_primary
CD151,349,349,125,150,1.0,0.41260744985673353,1.0,0.0,frangieh_melanoma_coculture,audit_only_not_primary
CD274,371,371,143,178,1.0,0.42318059299191374,1.0,0.0,frangieh_melanoma_coculture,audit_only_not_primary
CD44,418,418,130,165,1.0,0.35645933014354064,1.0,0.0,frangieh_melanoma_coculture,audit_only_not_primary
CD47,306,306,113,134,1.0,0.39215686274509803,1.0,0.0,frangieh_melanoma_coculture,audit_only_not_primary
CD58,465,465,172,186,1.0,0.4258064516129032,1.0,0.0,frangieh_melanoma_coculture,audit_only_not_primary
CD59,403,403,155,199,1.0,0.4267990074441687,1.0,0.0,frangieh_melanoma_coculture,audit_only_not_primary
CD63,290,290,97,124,1.0,0.3896551724137931,1.0,0.0,frangieh_melanoma_coculture,audit_only_not_primary
CDC123,96,96,35,47,1.0,0.4166666666666667,1.0,0.0,frangieh_melanoma_coculture,audit_only_not_primary
CDH19,380,380,126,153,1.0,0.3605263157894737,1.0,0.0,frangieh_melanoma_coculture,audit_only_not_primary
CDK4,242,242,89,109,1.0,0.3925619834710744,1.0,0.0,frangieh_melanoma_coculture,audit_only_not_primary
CDK6,105,105,51,70,2.0,0.5142857142857142,1.0,0.0,frangieh_melanoma_coculture,audit_only_not_primary
CDKN1A,357,357,99,124,1.0,0.2969187675070028,1.0,0.0,frangieh_melanoma_coculture,audit_only_not_primary
CDKN2A,270,270,94,108,1.0,0.37037037037037035,1.0,0.0,frangieh_melanoma_coculture,audit_only_not_primary
CDKN2B,315,315,117,129,1.0,0.4158730158730159,1.0,0.0,frangieh_melanoma_coculture,audit_only_not_primary
CGAS,264,264,47,53,1.0,0.1856060606060606,1.0,0.0,frangieh_melanoma_coculture,audit_only_not_primary
CHCHD2,339,339,116,151,1.0,0.37168141592920356,1.0,0.0,frangieh_melanoma_coculture,audit_only_not_primary
CITED1,349,349,100,134,1.0,0.32664756446991405,1.0,0.0,frangieh_melanoma_coculture,audit_only_not_primary
CKS1B,292,292,98,115,1.0,0.3767123287671233,1.0,0.0,frangieh_melanoma_coculture,audit_only_not_primary
CMSS1,338,338,125,147,1.0,0.39644970414201186,1.0,0.0,frangieh_melanoma_coculture,audit_only_not_primary
CORO1A,260,260,86,102,1.0,0.3576923076923077,1.0,0.0,frangieh_melanoma_coculture,audit_only_not_primary
CSPG4,401,401,134,159,1.0,0.3640897755610973,1.0,0.0,frangieh_melanoma_coculture,audit_only_not_primary
CST3,220,220,63,79,1.0,0.29545454545454547,1.0,0.0,frangieh_melanoma_coculture,audit_only_not_primary
CTPS1,117,117,44,65,1.0,0.39316239316239315,1.0,0.0,frangieh_melanoma_coculture,audit_only_not_primary
CTSA,297,297,96,121,1.0,0.37373737373737376,1.0,0.0,frangieh_melanoma_coculture,audit_only_not_primary
CTSB,371,371,126,152,1.0,0.40700808625336926,1.0,0.0,frangieh_melanoma_coculture,audit_only_not_primary
CTSD,408,408,125,144,1.0,0.3382352941176471,1.0,0.0,frangieh_melanoma_coculture,audit_only_not_primary
CTSL,295,295,93,108,1.0,0.34915254237288135,1.0,0.0,frangieh_melanoma_coculture,audit_only_not_primary
CTSO,325,325,131,149,1.0,0.4246153846153846,1.0,0.0,frangieh_melanoma_coculture,audit_only_not_primary
CXCR4,299,299,92,100,1.0,0.3411371237458194,1.0,0.0,frangieh_melanoma_coculture,audit_only_not_primary
CYP27A1,312,312,87,110,1.0,0.32371794871794873,1.0,0.0,frangieh_melanoma_coculture,audit_only_not_primary
DAG1,279,279,93,112,1.0,0.35842293906810035,1.0,0.0,frangieh_melanoma_coculture,audit_only_not_primary
DDR1,304,304,104,117,1.0,0.3848684210526316,1.0,0.0,frangieh_melanoma_coculture,audit_only_not_primary
DDX17,233,233,89,109,1.0,0.41201716738197425,1.0,0.0,frangieh_melanoma_coculture,audit_only_not_primary
DDX39A,217,217,69,81,1.0,0.35023041474654376,1.0,0.0,frangieh_melanoma_coculture,audit_only_not_primary
DLL3,287,287,96,116,1.0,0.3554006968641115,1.0,0.0,frangieh_melanoma_coculture,audit_only_not_primary
DNAJC9,8,8,4,4,1.0,0.125,1.0,0.0,frangieh_melanoma_coculture,audit_only_not_primary
DNMT1,116,116,43,57,1.0,0.43103448275862066,1.0,0.0,frangieh_melanoma_coculture,audit_only_not_primary
E2F1,177,177,50,59,1.0,0.288135593220339,1.0,0.0,frangieh_melanoma_coculture,audit_only_not_primary
EEA1,279,279,86,102,1.0,0.34408602150537637,1.0,0.0,frangieh_melanoma_coculture,audit_only_not_primary
EEF1G,53,53,24,30,1.0,0.4528301886792453,1.0,0.0,frangieh_melanoma_coculture,audit_only_not_primary
EIF2S3,14,14,6,12,1.0,0.35714285714285715,1.0,0.0,frangieh_melanoma_coculture,audit_only_not_primary
EIF3K,227,227,76,103,1.0,0.3788546255506608,1.0,0.0,frangieh_melanoma_coculture,audit_only_not_primary
EIF4A1,37,37,17,25,1.0,0.4594594594594595,1.0,0.0,frangieh_melanoma_coculture,audit_only_not_primary
EMP1,298,298,107,131,1.0,0.3959731543624161,1.0,0.0,frangieh_melanoma_coculture,audit_only_not_primary
ENPP1,278,278,79,94,1.0,0.29136690647482016,1.0,0.0,frangieh_melanoma_coculture,audit_only_not_primary
EVA1A,282,282,80,100,1.0,0.32269503546099293,1.0,0.0,frangieh_melanoma_coculture,audit_only_not_primary
FARSA,19,19,9,11,1.0,0.3157894736842105,1.0,0.0,frangieh_melanoma_coculture,audit_only_not_primary
FBL,94,94,33,40,1.0,0.3617021276595745,1.0,0.0,frangieh_melanoma_coculture,audit_only_not_primary
FBXO32,390,390,123,139,1.0,0.36666666666666664,1.0,0.0,frangieh_melanoma_coculture,audit_only_not_primary
FGFR1,395,395,129,152,1.0,0.3594936708860759,1.0,0.0,frangieh_melanoma_coculture,audit_only_not_primary
FKBP4,216,216,71,78,1.0,0.35185185185185186,1.0,0.0,frangieh_melanoma_coculture,audit_only_not_primary
FMN1,320,320,81,93,1.0,0.284375,1.0,0.0,frangieh_melanoma_coculture,audit_only_not_primary
FOS,222,222,60,78,1.0,0.2972972972972973,1.0,0.0,frangieh_melanoma_coculture,audit_only_not_primary
FOXM1,76,76,28,35,1.0,0.34210526315789475,1.0,0.0,frangieh_melanoma_coculture,audit_only_not_primary
FRZB,226,226,68,83,1.0,0.336283185840708,1.0,0.0,frangieh_melanoma_coculture,audit_only_not_primary
FSTL3,341,341,88,98,1.0,0.2903225806451613,1.0,0.0,frangieh_melanoma_coculture,audit_only_not_primary
FTH1,23,23,9,10,1.0,0.30434782608695654,1.0,0.0,frangieh_melanoma_coculture,audit_only_not_primary
GAA,330,330,96,107,1.0,0.3090909090909091,1.0,0.0,frangieh_melanoma_coculture,audit_only_not_primary
GAS5,307,307,88,105,1.0,0.30618892508143325,1.0,0.0,frangieh_melanoma_coculture,audit_only_not_primary
GPATCH4,218,218,65,82,1.0,0.3165137614678899,1.0,0.0,frangieh_melanoma_coculture,audit_only_not_primary
GPI,39,39,11,21,1.0,0.20512820512820512,1.0,0.0,frangieh_melanoma_coculture,audit_only_not_primary
GPNMB,286,286,80,95,1.0,0.3181818181818182,1.0,0.0,frangieh_melanoma_coculture,audit_only_not_primary
GRN,272,272,78,92,1.0,0.31985294117647056,1.0,0.0,frangieh_melanoma_coculture,audit_only_not_primary
GSEC,164,164,4,4,1.0,0.006097560975609756,1.0,0.0,frangieh_melanoma_coculture,audit_only_not_primary
GSN,316,316,72,82,1.0,0.22784810126582278,1.0,0.0,frangieh_melanoma_coculture,audit_only_not_primary
HASPIN,161,161,51,58,1.0,0.33540372670807456,1.0,0.0,frangieh_melanoma_coculture,audit_only_not_primary
HLA-A,335,335,76,88,1.0,0.25671641791044775,1.0,0.0,frangieh_melanoma_coculture,audit_only_not_primary
HLA-B,190,190,51,71,1.0,0.2789473684210526,1.0,0.0,frangieh_melanoma_coculture,audit_only_not_primary
HLA-C,212,212,52,57,1.0,0.2830188679245283,1.0,0.0,frangieh_melanoma_coculture,audit_only_not_primary
HLA-DRB5,360,360,90,108,1.0,0.28888888888888886,1.0,0.0,frangieh_melanoma_coculture,audit_only_not_primary
HLA-E,258,258,76,94,1.0,0.31007751937984496,1.0,0.0,frangieh_melanoma_coculture,audit_only_not_primary
HLA-F,305,305,85,95,1.0,0.3114754098360656,1.0,0.0,frangieh_melanoma_coculture,audit_only_not_primary
HLA-H,294,294,62,73,1.0,0.23129251700680273,1.0,0.0,frangieh_melanoma_coculture,audit_only_not_primary
HNRNPA1,239,239,71,82,1.0,0.30962343096234307,1.0,0.0,frangieh_melanoma_coculture,audit_only_not_primary
HNRNPC,55,55,10,12,1.0,0.12727272727272726,1.0,0.0,frangieh_melanoma_coculture,audit_only_not_primary
HSPA1A,229,229,54,66,1.0,0.26200873362445415,1.0,0.0,frangieh_melanoma_coculture,audit_only_not_primary
IDH2,355,355,84,77,1.0,0.27887323943661974,1.0,0.0,frangieh_melanoma_coculture,audit_only_not_primary
IDI2-AS1,276,276,61,71,1.0,0.23550724637681159,1.0,0.0,frangieh_melanoma_coculture,audit_only_not_primary
IFNGR1,414,414,111,111,1.0,0.30676328502415456,1.0,0.0,frangieh_melanoma_coculture,audit_only_not_primary
IFNGR2,603,603,156,164,1.0,0.27860696517412936,1.0,0.0,frangieh_melanoma_coculture,audit_only_not_primary
ILF2,45,45,17,24,1.0,0.37777777777777777,1.0,0.0,frangieh_melanoma_coculture,audit_only_not_primary
IRF3,284,284,65,74,1.0,0.25,1.0,0.0,frangieh_melanoma_coculture,audit_only_not_primary
IRF4,229,229,52,62,1.0,0.26200873362445415,1.0,0.0,frangieh_melanoma_coculture,audit_only_not_primary
ISYNA1,197,197,55,65,1.0,0.3248730964467005,1.0,0.0,frangieh_melanoma_coculture,audit_only_not_primary
ITGA3,265,265,62,69,1.0,0.25660377358490566,1.0,0.0,frangieh_melanoma_coculture,audit_only_not_primary
JAK1,477,477,99,103,1.0,0.24737945492662475,1.0,0.0,frangieh_melanoma_coculture,audit_only_not_primary
JAK2,528,528,114,116,1.0,0.24053030303030304,1.0,0.0,frangieh_melanoma_coculture,audit_only_not_primary
JMJD7,351,351,92,90,1.0,0.2962962962962963,1.0,0.0,frangieh_melanoma_coculture,audit_only_not_primary
JPT1,185,185,54,66,1.0,0.3081081081081081,1.0,0.0,frangieh_melanoma_coculture,audit_only_not_primary
KCNN4,264,264,60,63,1.0,0.2537878787878788,1.0,0.0,frangieh_melanoma_coculture,audit_only_not_primary
KDR,284,284,70,84,1.0,0.25704225352112675,1.0,0.0,frangieh_melanoma_coculture,audit_only_not_primary
KLF4,242,242,67,75,1.0,0.30165289256198347,1.0,0.0,frangieh_melanoma_coculture,audit_only_not_primary
LAMP2,301,301,67,71,1.0,0.2425249169435216,1.0,0.0,frangieh_melanoma_coculture,audit_only_not_primary
LCP1,303,303,61,63,1.0,0.24422442244224424,1.0,0.0,frangieh_melanoma_coculture,audit_only_not_primary
LEF1-AS1,288,288,68,74,1.0,0.2465277777777778,1.0,0.0,frangieh_melanoma_coculture,audit_only_not_primary
LGALS3,196,196,56,61,1.0,0.3112244897959184,1.0,0.0,frangieh_melanoma_coculture,audit_only_not_primary
LGALS3BP,218,218,42,46,1.0,0.2018348623853211,1.0,0.0,frangieh_melanoma_coculture,audit_only_not_primary
LINC00518,290,290,59,66,1.0,0.23103448275862068,1.0,0.0,frangieh_melanoma_coculture,audit_only_not_primary
LRPAP1,284,284,62,67,1.0,0.2323943661971831,1.0,0.0,frangieh_melanoma_coculture,audit_only_not_primary
LRRC75A-AS1,199,199,3,3,1.0,0.0,1.0,0.0,frangieh_melanoma_coculture,audit_only_not_primary
LY96,280,280,53,56,1.0,0.18928571428571428,1.0,0.0,frangieh_melanoma_coculture,audit_only_not_primary
MC1R,241,241,61,61,1.0,0.27385892116182575,1.0,0.0,frangieh_melanoma_coculture,audit_only_not_primary
MDH2,200,200,46,48,1.0,0.255,1.0,0.0,frangieh_melanoma_coculture,audit_only_not_primary
MFGE8,325,325,58,63,1.0,0.20307692307692307,1.0,0.0,frangieh_melanoma_coculture,audit_only_not_primary
MIA,271,271,76,84,1.0,0.3025830258302583,1.0,0.0,frangieh_melanoma_coculture,audit_only_not_primary
MRPL47,107,107,23,25,1.0,0.205607476635514,1.0,0.0,frangieh_melanoma_coculture,audit_only_not_primary
MT2A,183,183,40,42,1.0,0.23497267759562843,1.0,0.0,frangieh_melanoma_coculture,audit_only_not_primary
MYC,75,75,13,16,1.0,0.13333333333333333,1.0,0.0,frangieh_melanoma_coculture,audit_only_not_primary
NACA,31,31,12,15,1.0,0.3870967741935484,1.0,0.0,frangieh_melanoma_coculture,audit_only_not_primary
NCL,45,45,9,12,1.0,0.15555555555555556,1.0,0.0,frangieh_melanoma_coculture,audit_only_not_primary
NDUFA13,97,97,18,22,1.0,0.15463917525773196,1.0,0.0,frangieh_melanoma_coculture,audit_only_not_primary
NEAT1,215,215,38,40,1.0,0.20930232558139536,1.0,0.0,frangieh_melanoma_coculture,audit_only_not_primary
NGFR,203,203,48,51,1.0,0.2413793103448276,1.0,0.0,frangieh_melanoma_coculture,audit_only_not_primary
NME1,205,205,38,43,1.0,0.1902439024390244,1.0,0.0,frangieh_melanoma_coculture,audit_only_not_primary
NMRK1,253,253,55,58,1.0,0.22924901185770752,1.0,0.0,frangieh_melanoma_coculture,audit_only_not_primary
NOLC1,100,100,18,25,1.0,0.17,1.0,0.0,frangieh_melanoma_coculture,audit_only_not_primary
NONO,212,212,42,46,1.0,0.22641509433962265,1.0,0.0,frangieh_melanoma_coculture,audit_only_not_primary
NPC1,284,284,48,51,1.0,0.2007042253521127,1.0,0.0,frangieh_melanoma_coculture,audit_only_not_primary
NPC2,266,266,53,56,1.0,0.20676691729323307,1.0,0.0,frangieh_melanoma_coculture,audit_only_not_primary
NSG1,222,222,41,41,1.0,0.20270270270270271,1.0,0.0,frangieh_melanoma_coculture,audit_only_not_primary
NT5E,297,297,56,60,1.0,0.20875420875420875,1.0,0.0,frangieh_melanoma_coculture,audit_only_not_primary
NUP50-AS1,262,262,3,3,1.0,0.0,1.0,0.0,frangieh_melanoma_coculture,audit_only_not_primary
P2RX4,88,88,14,16,1.0,0.13636363636363635,1.0,0.0,frangieh_melanoma_coculture,audit_only_not_primary
PABPC1,85,85,15,18,1.0,0.15294117647058825,1.0,0.0,frangieh_melanoma_coculture,audit_only_not_primary
PAICS,61,61,10,10,1.0,0.11475409836065574,1.0,0.0,frangieh_melanoma_coculture,audit_only_not_primary
PET100,88,88,19,22,1.0,0.2159090909090909,1.0,0.0,frangieh_melanoma_coculture,audit_only_not_primary
PFDN4,220,220,44,44,1.0,0.20909090909090908,1.0,0.0,frangieh_melanoma_coculture,audit_only_not_primary
PFN1,120,120,27,28,1.0,0.23333333333333334,1.0,0.0,frangieh_melanoma_coculture,audit_only_not_primary
PIK3IP1,218,218,41,41,1.0,0.18807339449541285,1.0,0.0,frangieh_melanoma_coculture,audit_only_not_primary
POLD2,36,36,9,10,1.0,0.16666666666666666,1.0,0.0,frangieh_melanoma_coculture,audit_only_not_primary
PPA1,34,34,9,11,1.0,0.20588235294117646,1.0,0.0,frangieh_melanoma_coculture,audit_only_not_primary
PPIA,209,209,44,45,1.0,0.21052631578947367,1.0,0.0,frangieh_melanoma_coculture,audit_only_not_primary
PRELID3B,21,21,3,3,1.0,0.047619047619047616,1.0,0.0,frangieh_melanoma_coculture,audit_only_not_primary
PROS1,199,199,35,33,1.0,0.19597989949748743,1.0,0.0,frangieh_melanoma_coculture,audit_only_not_primary
PSAP,280,280,30,30,1.0,0.10357142857142858,1.0,0.0,frangieh_melanoma_coculture,audit_only_not_primary
PSMA7,11,11,5,5,1.0,0.18181818181818182,1.0,0.0,frangieh_melanoma_coculture,audit_only_not_primary
PSMB8-AS1,216,216,32,34,1.0,0.1712962962962963,1.0,0.0,frangieh_melanoma_coculture,audit_only_not_primary
PTMA,259,259,40,39,1.0,0.16602316602316602,1.0,0.0,frangieh_melanoma_coculture,audit_only_not_primary
PUF60,70,70,12,12,1.0,0.14285714285714285,1.0,0.0,frangieh_melanoma_coculture,audit_only_not_primary
PYGB,179,179,26,28,1.0,0.13966480446927373,1.0,0.0,frangieh_melanoma_coculture,audit_only_not_primary
RAB27A,249,249,35,35,1.0,0.15261044176706828,1.0,0.0,frangieh_melanoma_coculture,audit_only_not_primary
RACK1,8,8,6,8,2.0,0.625,1.0,0.0,frangieh_melanoma_coculture,audit_only_not_primary
RB1,301,301,50,51,1.0,0.1760797342192691,1.0,0.0,frangieh_melanoma_coculture,audit_only_not_primary
RBP7,240,240,33,33,1.0,0.14166666666666666,1.0,0.0,frangieh_melanoma_coculture,audit_only_not_primary
RNASEH2A,58,58,12,12,1.0,0.15517241379310345,1.0,0.0,frangieh_melanoma_coculture,audit_only_not_primary
RNF213,205,205,37,37,1.0,0.2,1.0,0.0,frangieh_melanoma_coculture,audit_only_not_primary
ROMO1,45,45,9,9,1.0,0.15555555555555556,1.0,0.0,frangieh_melanoma_coculture,audit_only_not_primary
RPSA,120,120,7,8,1.0,0.03333333333333333,1.0,0.0,frangieh_melanoma_coculture,audit_only_not_primary
RRS1,66,66,14,15,1.0,0.19696969696969696,1.0,0.0,frangieh_melanoma_coculture,audit_only_not_primary
RTP4,281,281,47,50,1.0,0.17793594306049823,1.0,0.0,frangieh_melanoma_coculture,audit_only_not_primary
RUVBL2,20,20,5,7,1.0,0.15,1.0,0.0,frangieh_melanoma_coculture,audit_only_not_primary
S100A6,239,239,34,34,1.0,0.13389121338912133,1.0,0.0,frangieh_melanoma_coculture,audit_only_not_primary
S100B,215,215,35,37,1.0,0.1813953488372093,1.0,0.0,frangieh_melanoma_coculture,audit_only_not_primary
SAE1,34,34,6,7,1.0,0.08823529411764706,1.0,0.0,frangieh_melanoma_coculture,audit_only_not_primary
SAT1,212,212,33,30,1.0,0.15566037735849056,1.0,0.0,frangieh_melanoma_coculture,audit_only_not_primary
SCARB2,213,213,36,36,1.0,0.1643192488262911,1.0,0.0,frangieh_melanoma_coculture,audit_only_not_primary
SDC3,269,269,27,27,1.0,0.10037174721189591,1.0,0.0,frangieh_melanoma_coculture,audit_only_not_primary
SDCBP,243,243,32,31,1.0,0.13168724279835392,1.0,0.0,frangieh_melanoma_coculture,audit_only_not_primary
SEC11C,220,220,25,29,1.0,0.10454545454545454,1.0,0.0,frangieh_melanoma_coculture,audit_only_not_primary
SERPINA3,182,182,27,27,1.0,0.14285714285714285,1.0,0.0,frangieh_melanoma_coculture,audit_only_not_primary
SERPINE2,189,189,31,33,1.0,0.19047619047619047,1.0,0.0,frangieh_melanoma_coculture,audit_only_not_primary
SERPINF1,235,235,27,27,1.0,0.10212765957446808,1.0,0.0,frangieh_melanoma_coculture,audit_only_not_primary
SET,166,166,20,21,1.0,0.10843373493975904,1.0,0.0,frangieh_melanoma_coculture,audit_only_not_primary
SGK1,210,210,18,18,1.0,0.09047619047619047,1.0,0.0,frangieh_melanoma_coculture,audit_only_not_primary
SHMT2,156,156,24,26,1.0,0.16025641025641027,1.0,0.0,frangieh_melanoma_coculture,audit_only_not_primary
SINHCAF,125,125,37,52,1.0,0.32,1.0,0.0,frangieh_melanoma_coculture,audit_only_not_primary
SLC19A1,191,191,23,24,1.0,0.1099476439790576,1.0,0.0,frangieh_melanoma_coculture,audit_only_not_primary
SLC22A18,293,293,39,36,1.0,0.13651877133105803,1.0,0.0,frangieh_melanoma_coculture,audit_only_not_primary
SLC25A13,256,256,36,39,1.0,0.15234375,1.0,0.0,frangieh_melanoma_coculture,audit_only_not_primary
SLC26A2,247,247,21,22,1.0,0.08906882591093117,1.0,0.0,frangieh_melanoma_coculture,audit_only_not_primary
SLC5A3,260,260,25,27,1.0,0.09230769230769231,1.0,0.0,frangieh_melanoma_coculture,audit_only_not_primary
SLC7A5P1,197,197,22,24,1.0,0.116751269035533,1.0,0.0,frangieh_melanoma_coculture,audit_only_not_primary
SLIRP,148,148,19,17,1.0,0.10810810810810811,1.0,0.0,frangieh_melanoma_coculture,audit_only_not_primary
SMAD3,272,272,30,28,1.0,0.12867647058823528,1.0,0.0,frangieh_melanoma_coculture,audit_only_not_primary
SMAD4,210,210,27,25,1.0,0.1523809523809524,1.0,0.0,frangieh_melanoma_coculture,audit_only_not_primary
SNHG6,198,198,19,18,1.0,0.1111111111111111,1.0,0.0,frangieh_melanoma_coculture,audit_only_not_primary
SNRPE,11,11,3,3,1.0,0.0,1.0,0.0,frangieh_melanoma_coculture,audit_only_not_primary
SNRPF,12,12,3,3,1.0,0.08333333333333333,1.0,0.0,frangieh_melanoma_coculture,audit_only_not_primary
SNRPG,26,26,6,6,1.0,0.15384615384615385,1.0,0.0,frangieh_melanoma_coculture,audit_only_not_primary
SOX4,220,220,17,16,1.0,0.09545454545454546,1.0,0.0,frangieh_melanoma_coculture,audit_only_not_primary
SP100,237,237,22,25,1.0,0.08860759493670886,1.0,0.0,frangieh_melanoma_coculture,audit_only_not_primary
SPESP1,225,225,12,13,1.0,0.04,1.0,0.0,frangieh_melanoma_coculture,audit_only_not_primary
SPINT1,235,235,16,17,1.0,0.07659574468085106,1.0,0.0,frangieh_melanoma_coculture,audit_only_not_primary
SSR2,152,152,16,17,1.0,0.11842105263157894,1.0,0.0,frangieh_melanoma_coculture,audit_only_not_primary
ST3GAL6-AS1,221,221,23,21,1.0,0.11764705882352941,1.0,0.0,frangieh_melanoma_coculture,audit_only_not_primary
ST6GALNAC2,157,157,18,18,1.0,0.10828025477707007,1.0,0.0,frangieh_melanoma_coculture,audit_only_not_primary
STAT1,384,384,25,25,1.0,0.06770833333333333,1.0,0.0,frangieh_melanoma_coculture,audit_only_not_primary
STAT3,191,191,14,14,1.0,0.07853403141361257,1.0,0.0,frangieh_melanoma_coculture,audit_only_not_primary
STOM,235,235,18,15,1.0,0.07659574468085106,1.0,0.0,frangieh_melanoma_coculture,audit_only_not_primary
STX7,212,212,17,17,1.0,0.08018867924528301,1.0,0.0,frangieh_melanoma_coculture,audit_only_not_primary
TAPBP,168,168,14,14,1.0,0.07738095238095238,1.0,0.0,frangieh_melanoma_coculture,audit_only_not_primary
TAPBPL,235,235,13,14,1.0,0.05106382978723404,1.0,0.0,frangieh_melanoma_coculture,audit_only_not_primary
TFAP2A,234,234,19,19,1.0,0.09401709401709402,1.0,0.0,frangieh_melanoma_coculture,audit_only_not_primary
TGFB1,269,269,22,22,1.0,0.08550185873605948,1.0,0.0,frangieh_melanoma_coculture,audit_only_not_primary
TIMM50,106,106,9,9,1.0,0.0660377358490566,1.0,0.0,frangieh_melanoma_coculture,audit_only_not_primary
TIMP1,239,239,13,13,1.0,0.058577405857740586,1.0,0.0,frangieh_melanoma_coculture,audit_only_not_primary
TIMP2,161,161,16,16,1.0,0.08695652173913043,1.0,0.0,frangieh_melanoma_coculture,audit_only_not_primary
TIMP3,202,202,13,14,1.0,0.04950495049504951,1.0,0.0,frangieh_melanoma_coculture,audit_only_not_primary
TM4SF1,217,217,9,9,1.0,0.03225806451612903,1.0,0.0,frangieh_melanoma_coculture,audit_only_not_primary
TMED10,43,43,6,6,1.0,0.06976744186046512,1.0,0.0,frangieh_melanoma_coculture,audit_only_not_primary
TMEM173,217,217,9,8,1.0,0.027649769585253458,1.0,0.0,frangieh_melanoma_coculture,audit_only_not_primary
TOP1MT,189,189,8,9,1.0,0.037037037037037035,1.0,0.0,frangieh_melanoma_coculture,audit_only_not_primary
TP53,191,191,8,8,1.0,0.031413612565445025,1.0,0.0,frangieh_melanoma_coculture,audit_only_not_primary
TPP1,206,206,12,11,1.0,0.043689320388349516,1.0,0.0,frangieh_melanoma_coculture,audit_only_not_primary
TPRKB,74,74,6,6,1.0,0.04054054054054054,1.0,0.0,frangieh_melanoma_coculture,audit_only_not_primary
TRIM22,161,161,4,4,1.0,0.006211180124223602,1.0,0.0,frangieh_melanoma_coculture,audit_only_not_primary
TSC22D3,257,257,13,11,1.0,0.042801556420233464,1.0,0.0,frangieh_melanoma_coculture,audit_only_not_primary
TTLL1,233,233,9,9,1.0,0.02575107296137339,1.0,0.0,frangieh_melanoma_coculture,audit_only_not_primary
TUBB,5,5,2,2,1.0,0.0,1.0,0.0,frangieh_melanoma_coculture,audit_only_not_primary
TXNDC17,144,144,6,6,1.0,0.020833333333333332,1.0,0.0,frangieh_melanoma_coculture,audit_only_not_primary
TYR,255,255,10,10,1.0,0.027450980392156862,1.0,0.0,frangieh_melanoma_coculture,audit_only_not_primary
UBA52,15,15,1,1,1.0,0.0,1.0,0.0,frangieh_melanoma_coculture,audit_only_not_primary
UBC,75,75,5,5,1.0,0.02666666666666667,1.0,0.0,frangieh_melanoma_coculture,audit_only_not_primary
UBL5,7,7,2,2,1.0,0.0,1.0,0.0,frangieh_melanoma_coculture,audit_only_not_primary
UCN2,170,170,7,7,1.0,0.029411764705882353,1.0,0.0,frangieh_melanoma_coculture,audit_only_not_primary
UQCRFS1,108,108,4,4,1.0,0.009259259259259259,1.0,0.0,frangieh_melanoma_coculture,audit_only_not_primary
UQCRH,75,75,7,7,1.0,0.05333333333333334,1.0,0.0,frangieh_melanoma_coculture,audit_only_not_primary
VAT1,154,154,4,4,1.0,0.01948051948051948,1.0,0.0,frangieh_melanoma_coculture,audit_only_not_primary
VDAC2,235,235,8,7,1.0,0.02553191489361702,1.0,0.0,frangieh_melanoma_coculture,audit_only_not_primary
WBP2,225,225,3,3,1.0,0.0,1.0,0.0,frangieh_melanoma_coculture,audit_only_not_primary
WNT7A,189,189,5,5,1.0,0.010582010582010581,1.0,0.0,frangieh_melanoma_coculture,audit_only_not_primary
XAGE1A,141,141,4,4,1.0,0.014184397163120567,1.0,0.0,frangieh_melanoma_coculture,audit_only_not_primary
control,18192,10733,4498,781,1.0,0.2768249780123131,0.0,0.4100153913808267,frangieh_melanoma_coculture,audit_only_not_primary
A2M,374,374,216,350,2.0,0.6149732620320856,1.0,0.0,frangieh_melanoma_control,audit_only_not_primary
ACSL3,183,183,113,226,2.0,0.6065573770491803,1.0,0.0,frangieh_melanoma_control,audit_only_not_primary
ACTA2,407,407,243,337,2.0,0.6167076167076168,1.0,0.0,frangieh_melanoma_control,audit_only_not_primary
AEBP1,387,387,228,319,2.0,0.6098191214470284,1.0,0.0,frangieh_melanoma_control,audit_only_not_primary
AGA,318,318,178,277,2.0,0.5691823899371069,1.0,0.0,frangieh_melanoma_control,audit_only_not_primary
AHCY,33,33,26,78,2.0,0.696969696969697,1.0,0.0,frangieh_melanoma_control,audit_only_not_primary
AHNAK,320,320,171,242,2.0,0.55,1.0,0.0,frangieh_melanoma_control,audit_only_not_primary
APOC2,323,323,180,266,2.0,0.5727554179566563,1.0,0.0,frangieh_melanoma_control,audit_only_not_primary
APOD,304,304,180,292,2.0,0.6019736842105263,1.0,0.0,frangieh_melanoma_control,audit_only_not_primary
APOE,317,317,177,271,2.0,0.5615141955835962,1.0,0.0,frangieh_melanoma_control,audit_only_not_primary
ARMC6,250,250,123,189,2.0,0.512,1.0,0.0,frangieh_melanoma_control,audit_only_not_primary
ATP1A1,10,10,9,31,2.5,0.7,1.0,0.0,frangieh_melanoma_control,audit_only_not_primary
ATP1B1,343,343,178,243,2.0,0.5393586005830904,1.0,0.0,frangieh_melanoma_control,audit_only_not_primary
ATP5MD,151,151,9,8,1.0,0.039735099337748346,1.0,0.0,frangieh_melanoma_control,audit_only_not_primary
B2M,367,367,227,322,2.0,0.6403269754768393,1.0,0.0,frangieh_melanoma_control,audit_only_not_primary
BOLA2,171,171,86,157,2.0,0.5029239766081871,1.0,0.0,frangieh_melanoma_control,audit_only_not_primary
BOLA2B,203,203,110,175,2.0,0.5320197044334976,1.0,0.0,frangieh_melanoma_control,audit_only_not_primary
BZW2,280,280,146,243,2.0,0.525,1.0,0.0,frangieh_melanoma_control,audit_only_not_primary
C19orf48,303,303,158,227,2.0,0.5478547854785478,1.0,0.0,frangieh_melanoma_control,audit_only_not_primary
C1QBP,177,177,96,148,2.0,0.559322033898305,1.0,0.0,frangieh_melanoma_control,audit_only_not_primary
C6orf226,273,273,158,216,2.0,0.6043956043956044,1.0,0.0,frangieh_melanoma_control,audit_only_not_primary
CCND1,201,201,117,175,2.0,0.572139303482587,1.0,0.0,frangieh_melanoma_control,audit_only_not_primary
CCND2,278,278,177,248,2.0,0.6438848920863309,1.0,0.0,frangieh_melanoma_control,audit_only_not_primary
CCR10,264,264,146,209,2.0,0.5681818181818182,1.0,0.0,frangieh_melanoma_control,audit_only_not_primary
CCT3,52,52,27,46,1.5,0.5,1.0,0.0,frangieh_melanoma_control,audit_only_not_primary
CCT6A,14,14,7,18,1.0,0.2857142857142857,1.0,0.0,frangieh_melanoma_control,audit_only_not_primary
CD151,282,282,154,222,2.0,0.5602836879432624,1.0,0.0,frangieh_melanoma_control,audit_only_not_primary
CD274,338,338,198,257,2.0,0.5857988165680473,1.0,0.0,frangieh_melanoma_control,audit_only_not_primary
CD44,339,339,174,226,2.0,0.5339233038348082,1.0,0.0,frangieh_melanoma_control,audit_only_not_primary
CD47,302,302,165,250,2.0,0.5695364238410596,1.0,0.0,frangieh_melanoma_control,audit_only_not_primary
CD58,288,288,156,224,2.0,0.5590277777777778,1.0,0.0,frangieh_melanoma_control,audit_only_not_primary
CD59,318,318,167,243,2.0,0.5314465408805031,1.0,0.0,frangieh_melanoma_control,audit_only_not_primary
CD63,220,220,116,179,2.0,0.5363636363636364,1.0,0.0,frangieh_melanoma_control,audit_only_not_primary
CDC123,88,88,47,64,2.0,0.5568181818181818,1.0,0.0,frangieh_melanoma_control,audit_only_not_primary
CDH19,335,335,172,215,2.0,0.5343283582089552,1.0,0.0,frangieh_melanoma_control,audit_only_not_primary
CDK4,240,240,118,184,1.0,0.48333333333333334,1.0,0.0,frangieh_melanoma_control,audit_only_not_primary
CDK6,110,110,61,94,2.0,0.5454545454545454,1.0,0.0,frangieh_melanoma_control,audit_only_not_primary
CDKN1A,296,296,149,204,2.0,0.5135135135135135,1.0,0.0,frangieh_melanoma_control,audit_only_not_primary
CDKN2A,224,224,114,164,2.0,0.5178571428571429,1.0,0.0,frangieh_melanoma_control,audit_only_not_primary
CDKN2B,255,255,121,172,1.0,0.4745098039215686,1.0,0.0,frangieh_melanoma_control,audit_only_not_primary
CGAS,195,195,63,71,1.0,0.3282051282051282,1.0,0.0,frangieh_melanoma_control,audit_only_not_primary
CHCHD2,255,255,112,162,1.0,0.45098039215686275,1.0,0.0,frangieh_melanoma_control,audit_only_not_primary
CITED1,340,340,190,246,2.0,0.5705882352941176,1.0,0.0,frangieh_melanoma_control,audit_only_not_primary
CKS1B,264,264,131,167,1.0,0.4962121212121212,1.0,0.0,frangieh_melanoma_control,audit_only_not_primary
CMSS1,257,257,127,176,2.0,0.5175097276264592,1.0,0.0,frangieh_melanoma_control,audit_only_not_primary
CORO1A,264,264,129,176,1.0,0.48863636363636365,1.0,0.0,frangieh_melanoma_control,audit_only_not_primary
CSPG4,329,329,180,236,2.0,0.5653495440729484,1.0,0.0,frangieh_melanoma_control,audit_only_not_primary
CST3,195,195,102,132,2.0,0.5230769230769231,1.0,0.0,frangieh_melanoma_control,audit_only_not_primary
CTPS1,115,115,61,89,2.0,0.5130434782608696,1.0,0.0,frangieh_melanoma_control,audit_only_not_primary
CTSA,284,284,135,188,1.0,0.4859154929577465,1.0,0.0,frangieh_melanoma_control,audit_only_not_primary
CTSB,282,282,145,189,2.0,0.5283687943262412,1.0,0.0,frangieh_melanoma_control,audit_only_not_primary
CTSD,330,330,149,188,1.0,0.4909090909090909,1.0,0.0,frangieh_melanoma_control,audit_only_not_primary
CTSL,270,270,123,171,1.0,0.48518518518518516,1.0,0.0,frangieh_melanoma_control,audit_only_not_primary
CTSO,299,299,131,156,1.0,0.4414715719063545,1.0,0.0,frangieh_melanoma_control,audit_only_not_primary
CXCR4,204,204,98,132,1.0,0.4852941176470588,1.0,0.0,frangieh_melanoma_control,audit_only_not_primary
CYP27A1,279,279,130,183,1.0,0.4731182795698925,1.0,0.0,frangieh_melanoma_control,audit_only_not_primary
DAG1,246,246,124,155,2.0,0.5203252032520326,1.0,0.0,frangieh_melanoma_control,audit_only_not_primary
DDR1,210,210,97,121,1.0,0.47619047619047616,1.0,0.0,frangieh_melanoma_control,audit_only_not_primary
DDX17,222,222,111,151,2.0,0.5180180180180181,1.0,0.0,frangieh_melanoma_control,audit_only_not_primary
DDX39A,157,157,81,120,2.0,0.5222929936305732,1.0,0.0,frangieh_melanoma_control,audit_only_not_primary
DLL3,247,247,114,146,1.0,0.4979757085020243,1.0,0.0,frangieh_melanoma_control,audit_only_not_primary
DNAJC9,17,17,13,24,2.0,0.7058823529411765,1.0,0.0,frangieh_melanoma_control,audit_only_not_primary
DNMT1,84,84,35,50,1.0,0.39285714285714285,1.0,0.0,frangieh_melanoma_control,audit_only_not_primary
E2F1,167,167,71,91,1.0,0.41916167664670656,1.0,0.0,frangieh_melanoma_control,audit_only_not_primary
EEA1,183,183,77,103,1.0,0.4207650273224044,1.0,0.0,frangieh_melanoma_control,audit_only_not_primary
EEF1G,47,47,27,39,2.0,0.5531914893617021,1.0,0.0,frangieh_melanoma_control,audit_only_not_primary
EIF2S3,15,15,9,16,2.0,0.6,1.0,0.0,frangieh_melanoma_control,audit_only_not_primary
EIF3K,229,229,110,144,1.0,0.49344978165938863,1.0,0.0,frangieh_melanoma_control,audit_only_not_primary
EIF4A1,49,49,22,28,1.0,0.3877551020408163,1.0,0.0,frangieh_melanoma_control,audit_only_not_primary
EMP1,263,263,122,143,1.0,0.4866920152091255,1.0,0.0,frangieh_melanoma_control,audit_only_not_primary
ENPP1,218,218,89,121,1.0,0.4036697247706422,1.0,0.0,frangieh_melanoma_control,audit_only_not_primary
EVA1A,216,216,105,146,1.0,0.49537037037037035,1.0,0.0,frangieh_melanoma_control,audit_only_not_primary
FARSA,24,24,15,24,1.5,0.5,1.0,0.0,frangieh_melanoma_control,audit_only_not_primary
FBL,96,96,45,62,1.0,0.4583333333333333,1.0,0.0,frangieh_melanoma_control,audit_only_not_primary
FBXO32,249,249,126,160,2.0,0.5020080321285141,1.0,0.0,frangieh_melanoma_control,audit_only_not_primary
FGFR1,319,319,151,170,1.0,0.4827586206896552,1.0,0.0,frangieh_melanoma_control,audit_only_not_primary
FKBP4,192,192,85,107,1.0,0.4479166666666667,1.0,0.0,frangieh_melanoma_control,audit_only_not_primary
FMN1,271,271,127,152,1.0,0.4797047970479705,1.0,0.0,frangieh_melanoma_control,audit_only_not_primary
FOS,217,217,101,134,1.0,0.4608294930875576,1.0,0.0,frangieh_melanoma_control,audit_only_not_primary
FOXM1,78,78,38,48,1.0,0.46153846153846156,1.0,0.0,frangieh_melanoma_control,audit_only_not_primary
FRZB,194,194,83,110,1.0,0.4175257731958763,1.0,0.0,frangieh_melanoma_control,audit_only_not_primary
FSTL3,278,278,118,146,1.0,0.4352517985611511,1.0,0.0,frangieh_melanoma_control,audit_only_not_primary
FTH1,37,37,22,28,2.0,0.5135135135135135,1.0,0.0,frangieh_melanoma_control,audit_only_not_primary
GAA,229,229,109,132,1.0,0.47161572052401746,1.0,0.0,frangieh_melanoma_control,audit_only_not_primary
GAS5,210,210,95,125,1.0,0.45714285714285713,1.0,0.0,frangieh_melanoma_control,audit_only_not_primary
GPATCH4,156,156,58,74,1.0,0.358974358974359,1.0,0.0,frangieh_melanoma_control,audit_only_not_primary
GPI,48,48,28,44,2.0,0.5208333333333334,1.0,0.0,frangieh_melanoma_control,audit_only_not_primary
GPNMB,209,209,83,118,1.0,0.39712918660287083,1.0,0.0,frangieh_melanoma_control,audit_only_not_primary
GRN,193,193,84,105,1.0,0.45595854922279794,1.0,0.0,frangieh_melanoma_control,audit_only_not_primary
GSEC,92,92,5,5,1.0,0.021739130434782608,1.0,0.0,frangieh_melanoma_control,audit_only_not_primary
GSN,276,276,111,137,1.0,0.40942028985507245,1.0,0.0,frangieh_melanoma_control,audit_only_not_primary
HASPIN,128,128,68,90,2.0,0.53125,1.0,0.0,frangieh_melanoma_control,audit_only_not_primary
HLA-A,255,255,98,117,1.0,0.39215686274509803,1.0,0.0,frangieh_melanoma_control,audit_only_not_primary
HLA-B,145,145,47,56,1.0,0.32413793103448274,1.0,0.0,frangieh_melanoma_control,audit_only_not_primary
HLA-C,162,162,72,94,1.0,0.42592592592592593,1.0,0.0,frangieh_melanoma_control,audit_only_not_primary
HLA-DRB5,263,263,110,140,1.0,0.4296577946768061,1.0,0.0,frangieh_melanoma_control,audit_only_not_primary
HLA-E,205,205,93,118,1.0,0.47804878048780486,1.0,0.0,frangieh_melanoma_control,audit_only_not_primary
HLA-F,226,226,91,108,1.0,0.42920353982300885,1.0,0.0,frangieh_melanoma_control,audit_only_not_primary
HLA-H,221,221,83,103,1.0,0.4072398190045249,1.0,0.0,frangieh_melanoma_control,audit_only_not_primary
HNRNPA1,176,176,66,76,1.0,0.3693181818181818,1.0,0.0,frangieh_melanoma_control,audit_only_not_primary
HNRNPC,66,66,30,40,1.0,0.4090909090909091,1.0,0.0,frangieh_melanoma_control,audit_only_not_primary
HSPA1A,200,200,77,93,1.0,0.385,1.0,0.0,frangieh_melanoma_control,audit_only_not_primary
IDH2,254,254,92,105,1.0,0.3779527559055118,1.0,0.0,frangieh_melanoma_control,audit_only_not_primary
IDI2-AS1,203,203,71,86,1.0,0.3497536945812808,1.0,0.0,frangieh_melanoma_control,audit_only_not_primary
IFNGR1,202,202,70,83,1.0,0.3415841584158416,1.0,0.0,frangieh_melanoma_control,audit_only_not_primary
IFNGR2,215,215,72,89,1.0,0.34418604651162793,1.0,0.0,frangieh_melanoma_control,audit_only_not_primary
ILF2,52,52,21,24,1.0,0.38461538461538464,1.0,0.0,frangieh_melanoma_control,audit_only_not_primary
IRF3,198,198,69,89,1.0,0.3383838383838384,1.0,0.0,frangieh_melanoma_control,audit_only_not_primary
IRF4,173,173,73,96,1.0,0.41040462427745666,1.0,0.0,frangieh_melanoma_control,audit_only_not_primary
ISYNA1,162,162,57,65,1.0,0.35185185185185186,1.0,0.0,frangieh_melanoma_control,audit_only_not_primary
ITGA3,217,217,72,82,1.0,0.33640552995391704,1.0,0.0,frangieh_melanoma_control,audit_only_not_primary
JAK1,210,210,76,84,1.0,0.35714285714285715,1.0,0.0,frangieh_melanoma_control,audit_only_not_primary
JAK2,250,250,88,106,1.0,0.364,1.0,0.0,frangieh_melanoma_control,audit_only_not_primary
JMJD7,204,204,62,71,1.0,0.28921568627450983,1.0,0.0,frangieh_melanoma_control,audit_only_not_primary
JPT1,149,149,54,66,1.0,0.3422818791946309,1.0,0.0,frangieh_melanoma_control,audit_only_not_primary
KCNN4,192,192,72,95,1.0,0.375,1.0,0.0,frangieh_melanoma_control,audit_only_not_primary
KDR,200,200,71,79,1.0,0.355,1.0,0.0,frangieh_melanoma_control,audit_only_not_primary
KLF4,200,200,76,88,1.0,0.395,1.0,0.0,frangieh_melanoma_control,audit_only_not_primary
LAMP2,226,226,75,91,1.0,0.3495575221238938,1.0,0.0,frangieh_melanoma_control,audit_only_not_primary
LCP1,215,215,70,85,1.0,0.32558139534883723,1.0,0.0,frangieh_melanoma_control,audit_only_not_primary
LEF1-AS1,213,213,76,85,1.0,0.3427230046948357,1.0,0.0,frangieh_melanoma_control,audit_only_not_primary
LGALS3,186,186,62,75,1.0,0.34408602150537637,1.0,0.0,frangieh_melanoma_control,audit_only_not_primary
LGALS3BP,175,175,53,71,1.0,0.30857142857142855,1.0,0.0,frangieh_melanoma_control,audit_only_not_primary
LINC00518,200,200,66,81,1.0,0.335,1.0,0.0,frangieh_melanoma_control,audit_only_not_primary
LRPAP1,176,176,55,58,1.0,0.3068181818181818,1.0,0.0,frangieh_melanoma_control,audit_only_not_primary
LRRC75A-AS1,119,119,5,4,1.0,0.01680672268907563,1.0,0.0,frangieh_melanoma_control,audit_only_not_primary
LY96,190,190,71,75,1.0,0.4052631578947368,1.0,0.0,frangieh_melanoma_control,audit_only_not_primary
MC1R,195,195,61,71,1.0,0.31794871794871793,1.0,0.0,frangieh_melanoma_control,audit_only_not_primary
MDH2,164,164,46,62,1.0,0.2621951219512195,1.0,0.0,frangieh_melanoma_control,audit_only_not_primary
MFGE8,236,236,75,86,1.0,0.3135593220338983,1.0,0.0,frangieh_melanoma_control,audit_only_not_primary
MIA,167,167,60,64,1.0,0.3413173652694611,1.0,0.0,frangieh_melanoma_control,audit_only_not_primary
MRPL47,119,119,50,58,1.0,0.4117647058823529,1.0,0.0,frangieh_melanoma_control,audit_only_not_primary
MT2A,145,145,51,59,1.0,0.3448275862068966,1.0,0.0,frangieh_melanoma_control,audit_only_not_primary
MYC,40,40,12,13,1.0,0.225,1.0,0.0,frangieh_melanoma_control,audit_only_not_primary
NACA,20,20,8,9,1.0,0.25,1.0,0.0,frangieh_melanoma_control,audit_only_not_primary
NCL,45,45,18,23,1.0,0.3333333333333333,1.0,0.0,frangieh_melanoma_control,audit_only_not_primary
NDUFA13,109,109,30,43,1.0,0.25688073394495414,1.0,0.0,frangieh_melanoma_control,audit_only_not_primary
NEAT1,143,143,41,48,1.0,0.27972027972027974,1.0,0.0,frangieh_melanoma_control,audit_only_not_primary
NGFR,165,165,48,56,1.0,0.2727272727272727,1.0,0.0,frangieh_melanoma_control,audit_only_not_primary
NME1,156,156,45,56,1.0,0.28205128205128205,1.0,0.0,frangieh_melanoma_control,audit_only_not_primary
NMRK1,210,210,68,74,1.0,0.3380952380952381,1.0,0.0,frangieh_melanoma_control,audit_only_not_primary
NOLC1,82,82,27,33,1.0,0.3170731707317073,1.0,0.0,frangieh_melanoma_control,audit_only_not_primary
NONO,166,166,46,57,1.0,0.2710843373493976,1.0,0.0,frangieh_melanoma_control,audit_only_not_primary
NPC1,198,198,52,57,1.0,0.26262626262626265,1.0,0.0,frangieh_melanoma_control,audit_only_not_primary
NPC2,171,171,49,56,1.0,0.29239766081871343,1.0,0.0,frangieh_melanoma_control,audit_only_not_primary
NSG1,187,187,54,61,1.0,0.27807486631016043,1.0,0.0,frangieh_melanoma_control,audit_only_not_primary
NT5E,247,247,70,72,1.0,0.2874493927125506,1.0,0.0,frangieh_melanoma_control,audit_only_not_primary
NUP50-AS1,153,153,3,3,1.0,0.0,1.0,0.0,frangieh_melanoma_control,audit_only_not_primary
P2RX4,95,95,28,29,1.0,0.29473684210526313,1.0,0.0,frangieh_melanoma_control,audit_only_not_primary
PABPC1,57,57,18,19,1.0,0.2631578947368421,1.0,0.0,frangieh_melanoma_control,audit_only_not_primary
PAICS,66,66,20,22,1.0,0.2727272727272727,1.0,0.0,frangieh_melanoma_control,audit_only_not_primary
PET100,87,87,21,23,1.0,0.21839080459770116,1.0,0.0,frangieh_melanoma_control,audit_only_not_primary
PFDN4,212,212,55,60,1.0,0.25471698113207547,1.0,0.0,frangieh_melanoma_control,audit_only_not_primary
PFN1,87,87,24,29,1.0,0.2413793103448276,1.0,0.0,frangieh_melanoma_control,audit_only_not_primary
PIK3IP1,158,158,47,52,1.0,0.27848101265822783,1.0,0.0,frangieh_melanoma_control,audit_only_not_primary
POLD2,44,44,15,14,1.0,0.2727272727272727,1.0,0.0,frangieh_melanoma_control,audit_only_not_primary
PPA1,31,31,9,10,1.0,0.1935483870967742,1.0,0.0,frangieh_melanoma_control,audit_only_not_primary
PPIA,149,149,42,44,1.0,0.28187919463087246,1.0,0.0,frangieh_melanoma_control,audit_only_not_primary
PRELID3B,33,33,13,16,1.0,0.30303030303030304,1.0,0.0,frangieh_melanoma_control,audit_only_not_primary
PROS1,166,166,54,58,1.0,0.3072289156626506,1.0,0.0,frangieh_melanoma_control,audit_only_not_primary
PSAP,226,226,55,64,1.0,0.26548672566371684,1.0,0.0,frangieh_melanoma_control,audit_only_not_primary
PSMA7,4,4,3,3,1.0,0.25,1.0,0.0,frangieh_melanoma_control,audit_only_not_primary
PSMB8-AS1,161,161,37,43,1.0,0.2236024844720497,1.0,0.0,frangieh_melanoma_control,audit_only_not_primary
PTMA,149,149,44,43,1.0,0.2751677852348993,1.0,0.0,frangieh_melanoma_control,audit_only_not_primary
PUF60,55,55,12,14,1.0,0.18181818181818182,1.0,0.0,frangieh_melanoma_control,audit_only_not_primary
PYGB,172,172,41,52,1.0,0.23255813953488372,1.0,0.0,frangieh_melanoma_control,audit_only_not_primary
RAB27A,163,163,34,35,1.0,0.19631901840490798,1.0,0.0,frangieh_melanoma_control,audit_only_not_primary
RACK1,7,7,3,4,1.0,0.14285714285714285,1.0,0.0,frangieh_melanoma_control,audit_only_not_primary
RB1,197,197,41,41,1.0,0.20304568527918782,1.0,0.0,frangieh_melanoma_control,audit_only_not_primary
RBP7,164,164,39,37,1.0,0.21951219512195122,1.0,0.0,frangieh_melanoma_control,audit_only_not_primary
RNASEH2A,92,92,25,25,1.0,0.29347826086956524,1.0,0.0,frangieh_melanoma_control,audit_only_not_primary
RNF213,156,156,29,28,1.0,0.17307692307692307,1.0,0.0,frangieh_melanoma_control,audit_only_not_primary
ROMO1,37,37,9,9,1.0,0.16216216216216217,1.0,0.0,frangieh_melanoma_control,audit_only_not_primary
RPSA,69,69,16,21,1.0,0.2028985507246377,1.0,0.0,frangieh_melanoma_control,audit_only_not_primary
RRS1,39,39,16,19,1.0,0.3333333333333333,1.0,0.0,frangieh_melanoma_control,audit_only_not_primary
RTP4,209,209,42,46,1.0,0.21052631578947367,1.0,0.0,frangieh_melanoma_control,audit_only_not_primary
RUVBL2,19,19,7,7,1.0,0.2631578947368421,1.0,0.0,frangieh_melanoma_control,audit_only_not_primary
S100A6,157,157,36,42,1.0,0.21656050955414013,1.0,0.0,frangieh_melanoma_control,audit_only_not_primary
S100B,189,189,42,44,1.0,0.2222222222222222,1.0,0.0,frangieh_melanoma_control,audit_only_not_primary
SAE1,22,22,4,4,1.0,0.045454545454545456,1.0,0.0,frangieh_melanoma_control,audit_only_not_primary
SAT1,175,175,36,41,1.0,0.21714285714285714,1.0,0.0,frangieh_melanoma_control,audit_only_not_primary
SCARB2,181,181,43,43,1.0,0.22099447513812154,1.0,0.0,frangieh_melanoma_control,audit_only_not_primary
SDC3,165,165,35,35,1.0,0.20606060606060606,1.0,0.0,frangieh_melanoma_control,audit_only_not_primary
SDCBP,180,180,34,39,1.0,0.18888888888888888,1.0,0.0,frangieh_melanoma_control,audit_only_not_primary
SEC11C,181,181,35,34,1.0,0.19337016574585636,1.0,0.0,frangieh_melanoma_control,audit_only_not_primary
SERPINA3,151,151,40,41,1.0,0.2582781456953642,1.0,0.0,frangieh_melanoma_control,audit_only_not_primary
SERPINE2,143,143,31,37,1.0,0.21678321678321677,1.0,0.0,frangieh_melanoma_control,audit_only_not_primary
SERPINF1,181,181,35,32,1.0,0.18232044198895028,1.0,0.0,frangieh_melanoma_control,audit_only_not_primary
SET,123,123,18,18,1.0,0.13008130081300814,1.0,0.0,frangieh_melanoma_control,audit_only_not_primary
SGK1,134,134,29,31,1.0,0.20149253731343283,1.0,0.0,frangieh_melanoma_control,audit_only_not_primary
SHMT2,129,129,21,23,1.0,0.14728682170542637,1.0,0.0,frangieh_melanoma_control,audit_only_not_primary
SINHCAF,102,102,51,70,1.0,0.47058823529411764,1.0,0.0,frangieh_melanoma_control,audit_only_not_primary
SLC19A1,105,105,21,23,1.0,0.17142857142857143,1.0,0.0,frangieh_melanoma_control,audit_only_not_primary
SLC22A18,209,209,45,48,1.0,0.20574162679425836,1.0,0.0,frangieh_melanoma_control,audit_only_not_primary
SLC25A13,136,136,21,23,1.0,0.13970588235294118,1.0,0.0,frangieh_melanoma_control,audit_only_not_primary
SLC26A2,166,166,31,29,1.0,0.18072289156626506,1.0,0.0,frangieh_melanoma_control,audit_only_not_primary
SLC5A3,178,178,21,19,1.0,0.11235955056179775,1.0,0.0,frangieh_melanoma_control,audit_only_not_primary
SLC7A5P1,144,144,21,20,1.0,0.13194444444444445,1.0,0.0,frangieh_melanoma_control,audit_only_not_primary
SLIRP,131,131,22,20,1.0,0.1450381679389313,1.0,0.0,frangieh_melanoma_control,audit_only_not_primary
SMAD3,176,176,24,26,1.0,0.125,1.0,0.0,frangieh_melanoma_control,audit_only_not_primary
SMAD4,159,159,25,25,1.0,0.1509433962264151,1.0,0.0,frangieh_melanoma_control,audit_only_not_primary
SNHG6,134,134,24,24,1.0,0.16417910447761194,1.0,0.0,frangieh_melanoma_control,audit_only_not_primary
SNRPE,11,11,4,4,1.0,0.09090909090909091,1.0,0.0,frangieh_melanoma_control,audit_only_not_primary
SNRPF,11,11,2,2,1.0,0.0,1.0,0.0,frangieh_melanoma_control,audit_only_not_primary
SNRPG,19,19,6,9,1.0,0.2631578947368421,1.0,0.0,frangieh_melanoma_control,audit_only_not_primary
SOX4,187,187,21,23,1.0,0.10160427807486631,1.0,0.0,frangieh_melanoma_control,audit_only_not_primary
SP100,149,149,19,18,1.0,0.11409395973154363,1.0,0.0,frangieh_melanoma_control,audit_only_not_primary
SPESP1,169,169,20,17,1.0,0.10059171597633136,1.0,0.0,frangieh_melanoma_control,audit_only_not_primary
SPINT1,161,161,25,25,1.0,0.14285714285714285,1.0,0.0,frangieh_melanoma_control,audit_only_not_primary
SSR2,109,109,18,18,1.0,0.14678899082568808,1.0,0.0,frangieh_melanoma_control,audit_only_not_primary
ST3GAL6-AS1,161,161,29,27,1.0,0.17391304347826086,1.0,0.0,frangieh_melanoma_control,audit_only_not_primary
ST6GALNAC2,117,117,18,18,1.0,0.1282051282051282,1.0,0.0,frangieh_melanoma_control,audit_only_not_primary
STAT1,124,124,17,18,1.0,0.11290322580645161,1.0,0.0,frangieh_melanoma_control,audit_only_not_primary
STAT3,134,134,15,15,1.0,0.08955223880597014,1.0,0.0,frangieh_melanoma_control,audit_only_not_primary
STOM,161,161,22,24,1.0,0.13664596273291926,1.0,0.0,frangieh_melanoma_control,audit_only_not_primary
STX7,147,147,15,14,1.0,0.08843537414965986,1.0,0.0,frangieh_melanoma_control,audit_only_not_primary
TAPBP,141,141,20,17,1.0,0.1276595744680851,1.0,0.0,frangieh_melanoma_control,audit_only_not_primary
TAPBPL,154,154,16,16,1.0,0.09090909090909091,1.0,0.0,frangieh_melanoma_control,audit_only_not_primary
TFAP2A,135,135,15,18,1.0,0.0962962962962963,1.0,0.0,frangieh_melanoma_control,audit_only_not_primary
TGFB1,181,181,21,20,1.0,0.09944751381215469,1.0,0.0,frangieh_melanoma_control,audit_only_not_primary
TIMM50,104,104,15,16,1.0,0.125,1.0,0.0,frangieh_melanoma_control,audit_only_not_primary
TIMP1,146,146,14,15,1.0,0.0821917808219178,1.0,0.0,frangieh_melanoma_control,audit_only_not_primary
TIMP2,116,116,15,11,1.0,0.10344827586206896,1.0,0.0,frangieh_melanoma_control,audit_only_not_primary
TIMP3,122,122,10,10,1.0,0.05737704918032787,1.0,0.0,frangieh_melanoma_control,audit_only_not_primary
TM4SF1,158,158,14,15,1.0,0.0759493670886076,1.0,0.0,frangieh_melanoma_control,audit_only_not_primary
TMED10,54,54,6,6,1.0,0.05555555555555555,1.0,0.0,frangieh_melanoma_control,audit_only_not_primary
TMEM173,148,148,9,8,1.0,0.04054054054054054,1.0,0.0,frangieh_melanoma_control,audit_only_not_primary
TOP1MT,144,144,9,10,1.0,0.041666666666666664,1.0,0.0,frangieh_melanoma_control,audit_only_not_primary
TP53,140,140,4,4,1.0,0.007142857142857143,1.0,0.0,frangieh_melanoma_control,audit_only_not_primary
TPP1,137,137,12,12,1.0,0.072992700729927,1.0,0.0,frangieh_melanoma_control,audit_only_not_primary
TPRKB,48,48,6,6,1.0,0.0625,1.0,0.0,frangieh_melanoma_control,audit_only_not_primary
TRIM22,111,111,8,8,1.0,0.04504504504504504,1.0,0.0,frangieh_melanoma_control,audit_only_not_primary
TSC22D3,181,181,15,14,1.0,0.0718232044198895,1.0,0.0,frangieh_melanoma_control,audit_only_not_primary
TTLL1,174,174,11,9,1.0,0.04597701149425287,1.0,0.0,frangieh_melanoma_control,audit_only_not_primary
TUBB,2,2,2,2,1.0,0.0,1.0,0.0,frangieh_melanoma_control,audit_only_not_primary
TXNDC17,139,139,9,9,1.0,0.04316546762589928,1.0,0.0,frangieh_melanoma_control,audit_only_not_primary
TYR,141,141,11,11,1.0,0.05673758865248227,1.0,0.0,frangieh_melanoma_control,audit_only_not_primary
UBA52,10,10,3,3,1.0,0.0,1.0,0.0,frangieh_melanoma_control,audit_only_not_primary
UBC,56,56,3,3,1.0,0.017857142857142856,1.0,0.0,frangieh_melanoma_control,audit_only_not_primary
UBL5,3,3,2,2,1.0,0.0,1.0,0.0,frangieh_melanoma_control,audit_only_not_primary
UCN2,110,110,6,5,1.0,0.045454545454545456,1.0,0.0,frangieh_melanoma_control,audit_only_not_primary
UQCRFS1,80,80,3,3,1.0,0.0,1.0,0.0,frangieh_melanoma_control,audit_only_not_primary
UQCRH,64,64,7,7,1.0,0.0625,1.0,0.0,frangieh_melanoma_control,audit_only_not_primary
VAT1,116,116,5,5,1.0,0.017241379310344827,1.0,0.0,frangieh_melanoma_control,audit_only_not_primary
VDAC2,136,136,5,4,1.0,0.014705882352941176,1.0,0.0,frangieh_melanoma_control,audit_only_not_primary
WBP2,125,125,5,5,1.0,0.016,1.0,0.0,frangieh_melanoma_control,audit_only_not_primary
WNT7A,150,150,4,3,1.0,0.006666666666666667,1.0,0.0,frangieh_melanoma_control,audit_only_not_primary
XAGE1A,100,100,4,4,1.0,0.01,1.0,0.0,frangieh_melanoma_control,audit_only_not_primary
control,15065,10296,6337,828,1.0,0.43438433455028214,0.0,0.3165615665449718,frangieh_melanoma_control,audit_only_not_primary
A2M,518,518,259,303,2.0,0.5135135135135135,1.0,0.0,frangieh_melanoma_ifng,audit_only_not_primary
ACSL3,224,224,112,157,2.0,0.5178571428571429,1.0,0.0,frangieh_melanoma_ifng,audit_only_not_primary
ACTA2,600,600,298,342,2.0,0.5266666666666666,1.0,0.0,frangieh_melanoma_ifng,audit_only_not_primary
AEBP1,523,523,249,304,2.0,0.5105162523900574,1.0,0.0,frangieh_melanoma_ifng,audit_only_not_primary
AGA,413,413,199,248,1.0,0.4915254237288136,1.0,0.0,frangieh_melanoma_ifng,audit_only_not_primary
AHCY,34,34,23,47,2.0,0.6176470588235294,1.0,0.0,frangieh_melanoma_ifng,audit_only_not_primary
AHNAK,425,425,209,258,2.0,0.5364705882352941,1.0,0.0,frangieh_melanoma_ifng,audit_only_not_primary
APOC2,464,464,212,259,1.0,0.4849137931034483,1.0,0.0,frangieh_melanoma_ifng,audit_only_not_primary
APOD,455,455,215,262,2.0,0.5032967032967033,1.0,0.0,frangieh_melanoma_ifng,audit_only_not_primary
APOE,454,454,206,256,1.0,0.4911894273127753,1.0,0.0,frangieh_melanoma_ifng,audit_only_not_primary
ARMC6,376,376,172,224,1.0,0.4946808510638298,1.0,0.0,frangieh_melanoma_ifng,audit_only_not_primary
ATP1A1,26,26,17,48,2.0,0.5769230769230769,1.0,0.0,frangieh_melanoma_ifng,audit_only_not_primary
ATP1B1,445,445,198,248,1.0,0.4764044943820225,1.0,0.0,frangieh_melanoma_ifng,audit_only_not_primary
ATP5MD,243,243,8,8,1.0,0.0205761316872428,1.0,0.0,frangieh_melanoma_ifng,audit_only_not_primary
B2M,528,528,246,292,2.0,0.5170454545454546,1.0,0.0,frangieh_melanoma_ifng,audit_only_not_primary
BOLA2,293,293,158,197,2.0,0.5563139931740614,1.0,0.0,frangieh_melanoma_ifng,audit_only_not_primary
BOLA2B,269,269,135,195,2.0,0.5353159851301115,1.0,0.0,frangieh_melanoma_ifng,audit_only_not_primary
BZW2,364,364,162,209,1.0,0.46703296703296704,1.0,0.0,frangieh_melanoma_ifng,audit_only_not_primary
C19orf48,446,446,179,227,1.0,0.4192825112107623,1.0,0.0,frangieh_melanoma_ifng,audit_only_not_primary
C1QBP,301,301,139,186,1.0,0.4717607973421927,1.0,0.0,frangieh_melanoma_ifng,audit_only_not_primary
C6orf226,409,409,190,242,1.0,0.4889975550122249,1.0,0.0,frangieh_melanoma_ifng,audit_only_not_primary
CCND1,270,270,129,150,1.0,0.48148148148148145,1.0,0.0,frangieh_melanoma_ifng,audit_only_not_primary
CCND2,401,401,192,251,1.0,0.4937655860349127,1.0,0.0,frangieh_melanoma_ifng,audit_only_not_primary
CCR10,391,391,171,204,1.0,0.4731457800511509,1.0,0.0,frangieh_melanoma_ifng,audit_only_not_primary
CCT3,73,73,38,55,2.0,0.5068493150684932,1.0,0.0,frangieh_melanoma_ifng,audit_only_not_primary
CCT6A,21,21,11,22,1.0,0.38095238095238093,1.0,0.0,frangieh_melanoma_ifng,audit_only_not_primary
CD151,363,363,162,213,1.0,0.46005509641873277,1.0,0.0,frangieh_melanoma_ifng,audit_only_not_primary
CD274,510,510,227,259,1.0,0.47058823529411764,1.0,0.0,frangieh_melanoma_ifng,audit_only_not_primary
CD44,434,434,177,208,1.0,0.44930875576036866,1.0,0.0,frangieh_melanoma_ifng,audit_only_not_primary
CD47,424,424,177,212,1.0,0.45047169811320753,1.0,0.0,frangieh_melanoma_ifng,audit_only_not_primary
CD58,411,411,196,224,2.0,0.5036496350364964,1.0,0.0,frangieh_melanoma_ifng,audit_only_not_primary
CD59,514,514,233,252,1.0,0.48443579766536965,1.0,0.0,frangieh_melanoma_ifng,audit_only_not_primary
CD63,350,350,148,189,1.0,0.44285714285714284,1.0,0.0,frangieh_melanoma_ifng,audit_only_not_primary
CDC123,135,135,59,75,1.0,0.42962962962962964,1.0,0.0,frangieh_melanoma_ifng,audit_only_not_primary
CDH19,460,460,194,230,1.0,0.4543478260869565,1.0,0.0,frangieh_melanoma_ifng,audit_only_not_primary
CDK4,344,344,145,168,1.0,0.43023255813953487,1.0,0.0,frangieh_melanoma_ifng,audit_only_not_primary
CDK6,195,195,95,127,2.0,0.5025641025641026,1.0,0.0,frangieh_melanoma_ifng,audit_only_not_primary
CDKN1A,394,394,184,204,1.0,0.4873096446700508,1.0,0.0,frangieh_melanoma_ifng,audit_only_not_primary
CDKN2A,393,393,168,195,1.0,0.455470737913486,1.0,0.0,frangieh_melanoma_ifng,audit_only_not_primary
CDKN2B,412,412,166,198,1.0,0.42718446601941745,1.0,0.0,frangieh_melanoma_ifng,audit_only_not_primary
CGAS,305,305,75,83,1.0,0.24262295081967214,1.0,0.0,frangieh_melanoma_ifng,audit_only_not_primary
CHCHD2,422,422,176,209,1.0,0.43601895734597157,1.0,0.0,frangieh_melanoma_ifng,audit_only_not_primary
CITED1,417,417,192,218,1.0,0.48201438848920863,1.0,0.0,frangieh_melanoma_ifng,audit_only_not_primary
CKS1B,408,408,184,216,1.0,0.4681372549019608,1.0,0.0,frangieh_melanoma_ifng,audit_only_not_primary
CMSS1,399,399,169,202,1.0,0.43609022556390975,1.0,0.0,frangieh_melanoma_ifng,audit_only_not_primary
CORO1A,372,372,156,180,1.0,0.4543010752688172,1.0,0.0,frangieh_melanoma_ifng,audit_only_not_primary
CSPG4,464,464,177,215,1.0,0.4073275862068966,1.0,0.0,frangieh_melanoma_ifng,audit_only_not_primary
CST3,273,273,104,128,1.0,0.40293040293040294,1.0,0.0,frangieh_melanoma_ifng,audit_only_not_primary
CTPS1,189,189,82,100,1.0,0.4603174603174603,1.0,0.0,frangieh_melanoma_ifng,audit_only_not_primary
CTSA,366,366,143,168,1.0,0.42349726775956287,1.0,0.0,frangieh_melanoma_ifng,audit_only_not_primary
CTSB,430,430,190,217,1.0,0.4697674418604651,1.0,0.0,frangieh_melanoma_ifng,audit_only_not_primary
CTSD,475,475,196,206,1.0,0.44,1.0,0.0,frangieh_melanoma_ifng,audit_only_not_primary
CTSL,354,354,153,171,1.0,0.4689265536723164,1.0,0.0,frangieh_melanoma_ifng,audit_only_not_primary
CTSO,420,420,167,196,1.0,0.42857142857142855,1.0,0.0,frangieh_melanoma_ifng,audit_only_not_primary
CXCR4,336,336,126,159,1.0,0.39880952380952384,1.0,0.0,frangieh_melanoma_ifng,audit_only_not_primary
CYP27A1,353,353,122,149,1.0,0.37110481586402266,1.0,0.0,frangieh_melanoma_ifng,audit_only_not_primary
DAG1,321,321,136,171,1.0,0.42679127725856697,1.0,0.0,frangieh_melanoma_ifng,audit_only_not_primary
DDR1,373,373,153,174,1.0,0.42359249329758714,1.0,0.0,frangieh_melanoma_ifng,audit_only_not_primary
DDX17,306,306,143,157,1.0,0.4934640522875817,1.0,0.0,frangieh_melanoma_ifng,audit_only_not_primary
DDX39A,247,247,90,107,1.0,0.38866396761133604,1.0,0.0,frangieh_melanoma_ifng,audit_only_not_primary
DLL3,369,369,144,153,1.0,0.43089430894308944,1.0,0.0,frangieh_melanoma_ifng,audit_only_not_primary
DNAJC9,21,21,12,14,1.0,0.42857142857142855,1.0,0.0,frangieh_melanoma_ifng,audit_only_not_primary
DNMT1,140,140,66,84,1.0,0.4857142857142857,1.0,0.0,frangieh_melanoma_ifng,audit_only_not_primary
E2F1,257,257,108,140,1.0,0.42412451361867703,1.0,0.0,frangieh_melanoma_ifng,audit_only_not_primary
EEA1,295,295,125,147,1.0,0.43050847457627117,1.0,0.0,frangieh_melanoma_ifng,audit_only_not_primary
EEF1G,87,87,44,60,1.0,0.4942528735632184,1.0,0.0,frangieh_melanoma_ifng,audit_only_not_primary
EIF2S3,21,21,11,19,1.0,0.38095238095238093,1.0,0.0,frangieh_melanoma_ifng,audit_only_not_primary
EIF3K,319,319,131,159,1.0,0.42946708463949845,1.0,0.0,frangieh_melanoma_ifng,audit_only_not_primary
EIF4A1,47,47,27,35,2.0,0.5319148936170213,1.0,0.0,frangieh_melanoma_ifng,audit_only_not_primary
EMP1,376,376,132,154,1.0,0.3696808510638298,1.0,0.0,frangieh_melanoma_ifng,audit_only_not_primary
ENPP1,348,348,118,145,1.0,0.34195402298850575,1.0,0.0,frangieh_melanoma_ifng,audit_only_not_primary
EVA1A,310,310,122,134,1.0,0.4161290322580645,1.0,0.0,frangieh_melanoma_ifng,audit_only_not_primary
FARSA,30,30,18,28,1.5,0.5,1.0,0.0,frangieh_melanoma_ifng,audit_only_not_primary
FBL,134,134,50,65,1.0,0.3880597014925373,1.0,0.0,frangieh_melanoma_ifng,audit_only_not_primary
FBXO32,394,394,144,161,1.0,0.41116751269035534,1.0,0.0,frangieh_melanoma_ifng,audit_only_not_primary
FGFR1,465,465,165,188,1.0,0.3827956989247312,1.0,0.0,frangieh_melanoma_ifng,audit_only_not_primary
FKBP4,282,282,111,121,1.0,0.40425531914893614,1.0,0.0,frangieh_melanoma_ifng,audit_only_not_primary
FMN1,420,420,141,161,1.0,0.34523809523809523,1.0,0.0,frangieh_melanoma_ifng,audit_only_not_primary
FOS,279,279,98,124,1.0,0.35125448028673834,1.0,0.0,frangieh_melanoma_ifng,audit_only_not_primary
FOXM1,106,106,34,44,1.0,0.32075471698113206,1.0,0.0,frangieh_melanoma_ifng,audit_only_not_primary
FRZB,248,248,82,100,1.0,0.34274193548387094,1.0,0.0,frangieh_melanoma_ifng,audit_only_not_primary
FSTL3,414,414,153,168,1.0,0.38164251207729466,1.0,0.0,frangieh_melanoma_ifng,audit_only_not_primary
FTH1,65,65,27,34,1.0,0.38461538461538464,1.0,0.0,frangieh_melanoma_ifng,audit_only_not_primary
GAA,335,335,123,146,1.0,0.373134328358209,1.0,0.0,frangieh_melanoma_ifng,audit_only_not_primary
GAS5,346,346,119,137,1.0,0.34971098265895956,1.0,0.0,frangieh_melanoma_ifng,audit_only_not_primary
GPATCH4,260,260,93,104,1.0,0.38076923076923075,1.0,0.0,frangieh_melanoma_ifng,audit_only_not_primary
GPI,60,60,26,31,1.0,0.4,1.0,0.0,frangieh_melanoma_ifng,audit_only_not_primary
GPNMB,306,306,113,141,1.0,0.39869281045751637,1.0,0.0,frangieh_melanoma_ifng,audit_only_not_primary
GRN,332,332,112,115,1.0,0.35240963855421686,1.0,0.0,frangieh_melanoma_ifng,audit_only_not_primary
GSEC,168,168,4,4,1.0,0.005952380952380952,1.0,0.0,frangieh_melanoma_ifng,audit_only_not_primary
GSN,359,359,116,137,1.0,0.3649025069637883,1.0,0.0,frangieh_melanoma_ifng,audit_only_not_primary
HASPIN,204,204,92,109,1.0,0.44607843137254904,1.0,0.0,frangieh_melanoma_ifng,audit_only_not_primary
HLA-A,386,386,121,133,1.0,0.33678756476683935,1.0,0.0,frangieh_melanoma_ifng,audit_only_not_primary
HLA-B,222,222,76,88,1.0,0.34234234234234234,1.0,0.0,frangieh_melanoma_ifng,audit_only_not_primary
HLA-C,256,256,87,104,1.0,0.36328125,1.0,0.0,frangieh_melanoma_ifng,audit_only_not_primary
HLA-DRB5,407,407,149,151,1.0,0.3906633906633907,1.0,0.0,frangieh_melanoma_ifng,audit_only_not_primary
HLA-E,292,292,100,113,1.0,0.3595890410958904,1.0,0.0,frangieh_melanoma_ifng,audit_only_not_primary
HLA-F,348,348,111,120,1.0,0.34770114942528735,1.0,0.0,frangieh_melanoma_ifng,audit_only_not_primary
HLA-H,334,334,105,113,1.0,0.3323353293413174,1.0,0.0,frangieh_melanoma_ifng,audit_only_not_primary
HNRNPA1,243,243,94,105,1.0,0.39094650205761317,1.0,0.0,frangieh_melanoma_ifng,audit_only_not_primary
HNRNPC,96,96,27,33,1.0,0.28125,1.0,0.0,frangieh_melanoma_ifng,audit_only_not_primary
HSPA1A,286,286,87,96,1.0,0.3321678321678322,1.0,0.0,frangieh_melanoma_ifng,audit_only_not_primary
IDH2,354,354,119,134,1.0,0.3615819209039548,1.0,0.0,frangieh_melanoma_ifng,audit_only_not_primary
IDI2-AS1,340,340,102,113,1.0,0.3205882352941177,1.0,0.0,frangieh_melanoma_ifng,audit_only_not_primary
IFNGR1,289,289,108,118,1.0,0.39100346020761245,1.0,0.0,frangieh_melanoma_ifng,audit_only_not_primary
IFNGR2,383,383,125,123,1.0,0.34464751958224543,1.0,0.0,frangieh_melanoma_ifng,audit_only_not_primary
ILF2,69,69,26,39,1.0,0.3333333333333333,1.0,0.0,frangieh_melanoma_ifng,audit_only_not_primary
IRF3,315,315,102,109,1.0,0.37142857142857144,1.0,0.0,frangieh_melanoma_ifng,audit_only_not_primary
IRF4,282,282,88,100,1.0,0.3404255319148936,1.0,0.0,frangieh_melanoma_ifng,audit_only_not_primary
ISYNA1,213,213,66,74,1.0,0.3004694835680751,1.0,0.0,frangieh_melanoma_ifng,audit_only_not_primary
ITGA3,286,286,81,91,1.0,0.3041958041958042,1.0,0.0,frangieh_melanoma_ifng,audit_only_not_primary
JAK1,338,338,109,119,1.0,0.3343195266272189,1.0,0.0,frangieh_melanoma_ifng,audit_only_not_primary
JAK2,339,339,113,118,1.0,0.35103244837758113,1.0,0.0,frangieh_melanoma_ifng,audit_only_not_primary
JMJD7,363,363,104,111,1.0,0.3002754820936639,1.0,0.0,frangieh_melanoma_ifng,audit_only_not_primary
JPT1,197,197,57,76,1.0,0.29441624365482233,1.0,0.0,frangieh_melanoma_ifng,audit_only_not_primary
KCNN4,354,354,102,108,1.0,0.288135593220339,1.0,0.0,frangieh_melanoma_ifng,audit_only_not_primary
KDR,347,347,80,93,1.0,0.2334293948126801,1.0,0.0,frangieh_melanoma_ifng,audit_only_not_primary
KLF4,289,289,86,94,1.0,0.328719723183391,1.0,0.0,frangieh_melanoma_ifng,audit_only_not_primary
LAMP2,308,308,74,81,1.0,0.2564935064935065,1.0,0.0,frangieh_melanoma_ifng,audit_only_not_primary
LCP1,360,360,83,93,1.0,0.2388888888888889,1.0,0.0,frangieh_melanoma_ifng,audit_only_not_primary
LEF1-AS1,358,358,83,91,1.0,0.2541899441340782,1.0,0.0,frangieh_melanoma_ifng,audit_only_not_primary
LGALS3,262,262,72,76,1.0,0.3015267175572519,1.0,0.0,frangieh_melanoma_ifng,audit_only_not_primary
LGALS3BP,252,252,75,91,1.0,0.30158730158730157,1.0,0.0,frangieh_melanoma_ifng,audit_only_not_primary
LINC00518,335,335,82,92,1.0,0.26865671641791045,1.0,0.0,frangieh_melanoma_ifng,audit_only_not_primary
LRPAP1,333,333,80,87,1.0,0.24624624624624625,1.0,0.0,frangieh_melanoma_ifng,audit_only_not_primary
LRRC75A-AS1,193,193,3,3,1.0,0.0,1.0,0.0,frangieh_melanoma_ifng,audit_only_not_primary
LY96,318,318,84,95,1.0,0.27044025157232704,1.0,0.0,frangieh_melanoma_ifng,audit_only_not_primary
MC1R,291,291,69,73,1.0,0.24742268041237114,1.0,0.0,frangieh_melanoma_ifng,audit_only_not_primary
MDH2,219,219,63,73,1.0,0.2968036529680365,1.0,0.0,frangieh_melanoma_ifng,audit_only_not_primary
MFGE8,423,423,101,100,1.0,0.2576832151300236,1.0,0.0,frangieh_melanoma_ifng,audit_only_not_primary
MIA,309,309,76,78,1.0,0.255663430420712,1.0,0.0,frangieh_melanoma_ifng,audit_only_not_primary
MRPL47,166,166,46,53,1.0,0.28313253012048195,1.0,0.0,frangieh_melanoma_ifng,audit_only_not_primary
MT2A,211,211,54,63,1.0,0.26066350710900477,1.0,0.0,frangieh_melanoma_ifng,audit_only_not_primary
MYC,68,68,22,23,1.0,0.27941176470588236,1.0,0.0,frangieh_melanoma_ifng,audit_only_not_primary
NACA,42,42,15,18,1.0,0.30952380952380953,1.0,0.0,frangieh_melanoma_ifng,audit_only_not_primary
NCL,74,74,22,25,1.0,0.2972972972972973,1.0,0.0,frangieh_melanoma_ifng,audit_only_not_primary
NDUFA13,153,153,42,45,1.0,0.26143790849673204,1.0,0.0,frangieh_melanoma_ifng,audit_only_not_primary
NEAT1,254,254,58,63,1.0,0.23622047244094488,1.0,0.0,frangieh_melanoma_ifng,audit_only_not_primary
NGFR,239,239,65,71,1.0,0.2719665271966527,1.0,0.0,frangieh_melanoma_ifng,audit_only_not_primary
NME1,262,262,55,61,1.0,0.21374045801526717,1.0,0.0,frangieh_melanoma_ifng,audit_only_not_primary
NMRK1,290,290,70,74,1.0,0.27241379310344827,1.0,0.0,frangieh_melanoma_ifng,audit_only_not_primary
NOLC1,107,107,27,31,1.0,0.2523364485981308,1.0,0.0,frangieh_melanoma_ifng,audit_only_not_primary
NONO,230,230,58,64,1.0,0.26521739130434785,1.0,0.0,frangieh_melanoma_ifng,audit_only_not_primary
NPC1,319,319,83,86,1.0,0.2664576802507837,1.0,0.0,frangieh_melanoma_ifng,audit_only_not_primary
NPC2,282,282,71,74,1.0,0.2624113475177305,1.0,0.0,frangieh_melanoma_ifng,audit_only_not_primary
NSG1,290,290,73,72,1.0,0.2655172413793103,1.0,0.0,frangieh_melanoma_ifng,audit_only_not_primary
NT5E,356,356,73,76,1.0,0.21067415730337077,1.0,0.0,frangieh_melanoma_ifng,audit_only_not_primary
NUP50-AS1,272,272,3,3,1.0,0.0,1.0,0.0,frangieh_melanoma_ifng,audit_only_not_primary
P2RX4,133,133,31,29,1.0,0.2556390977443609,1.0,0.0,frangieh_melanoma_ifng,audit_only_not_primary
PABPC1,83,83,20,24,1.0,0.20481927710843373,1.0,0.0,frangieh_melanoma_ifng,audit_only_not_primary
PAICS,101,101,23,24,1.0,0.19801980198019803,1.0,0.0,frangieh_melanoma_ifng,audit_only_not_primary
PET100,145,145,37,39,1.0,0.23448275862068965,1.0,0.0,frangieh_melanoma_ifng,audit_only_not_primary
PFDN4,284,284,60,64,1.0,0.2147887323943662,1.0,0.0,frangieh_melanoma_ifng,audit_only_not_primary
PFN1,124,124,28,35,1.0,0.20161290322580644,1.0,0.0,frangieh_melanoma_ifng,audit_only_not_primary
PIK3IP1,229,229,63,61,1.0,0.29694323144104806,1.0,0.0,frangieh_melanoma_ifng,audit_only_not_primary
POLD2,69,69,24,27,1.0,0.3188405797101449,1.0,0.0,frangieh_melanoma_ifng,audit_only_not_primary
PPA1,56,56,18,19,1.0,0.26785714285714285,1.0,0.0,frangieh_melanoma_ifng,audit_only_not_primary
PPIA,244,244,47,51,1.0,0.20081967213114754,1.0,0.0,frangieh_melanoma_ifng,audit_only_not_primary
PRELID3B,44,44,11,13,1.0,0.18181818181818182,1.0,0.0,frangieh_melanoma_ifng,audit_only_not_primary
PROS1,198,198,51,52,1.0,0.25252525252525254,1.0,0.0,frangieh_melanoma_ifng,audit_only_not_primary
PSAP,329,329,62,65,1.0,0.19756838905775076,1.0,0.0,frangieh_melanoma_ifng,audit_only_not_primary
PSMA7,13,13,6,7,1.0,0.23076923076923078,1.0,0.0,frangieh_melanoma_ifng,audit_only_not_primary
PSMB8-AS1,224,224,40,41,1.0,0.17410714285714285,1.0,0.0,frangieh_melanoma_ifng,audit_only_not_primary
PTMA,224,224,42,46,1.0,0.18303571428571427,1.0,0.0,frangieh_melanoma_ifng,audit_only_not_primary
PUF60,109,109,25,26,1.0,0.22018348623853212,1.0,0.0,frangieh_melanoma_ifng,audit_only_not_primary
PYGB,230,230,52,55,1.0,0.23043478260869565,1.0,0.0,frangieh_melanoma_ifng,audit_only_not_primary
RAB27A,267,267,61,61,1.0,0.23595505617977527,1.0,0.0,frangieh_melanoma_ifng,audit_only_not_primary
RACK1,21,21,9,10,1.0,0.2857142857142857,1.0,0.0,frangieh_melanoma_ifng,audit_only_not_primary
RB1,287,287,45,44,1.0,0.15331010452961671,1.0,0.0,frangieh_melanoma_ifng,audit_only_not_primary
RBP7,300,300,60,57,1.0,0.22,1.0,0.0,frangieh_melanoma_ifng,audit_only_not_primary
RNASEH2A,156,156,30,32,1.0,0.19230769230769232,1.0,0.0,frangieh_melanoma_ifng,audit_only_not_primary
RNF213,259,259,57,59,1.0,0.2548262548262548,1.0,0.0,frangieh_melanoma_ifng,audit_only_not_primary
ROMO1,66,66,14,16,1.0,0.16666666666666666,1.0,0.0,frangieh_melanoma_ifng,audit_only_not_primary
RPSA,141,141,25,25,1.0,0.15602836879432624,1.0,0.0,frangieh_melanoma_ifng,audit_only_not_primary
RRS1,89,89,32,34,1.0,0.34831460674157305,1.0,0.0,frangieh_melanoma_ifng,audit_only_not_primary
RTP4,330,330,57,59,1.0,0.17272727272727273,1.0,0.0,frangieh_melanoma_ifng,audit_only_not_primary
RUVBL2,27,27,11,14,1.0,0.2962962962962963,1.0,0.0,frangieh_melanoma_ifng,audit_only_not_primary
S100A6,249,249,38,38,1.0,0.14859437751004015,1.0,0.0,frangieh_melanoma_ifng,audit_only_not_primary
S100B,276,276,50,55,1.0,0.18840579710144928,1.0,0.0,frangieh_melanoma_ifng,audit_only_not_primary
SAE1,38,38,11,11,1.0,0.21052631578947367,1.0,0.0,frangieh_melanoma_ifng,audit_only_not_primary
SAT1,217,217,20,21,1.0,0.07834101382488479,1.0,0.0,frangieh_melanoma_ifng,audit_only_not_primary
SCARB2,251,251,45,51,1.0,0.17928286852589642,1.0,0.0,frangieh_melanoma_ifng,audit_only_not_primary
SDC3,315,315,43,45,1.0,0.1492063492063492,1.0,0.0,frangieh_melanoma_ifng,audit_only_not_primary
SDCBP,259,259,50,51,1.0,0.18146718146718147,1.0,0.0,frangieh_melanoma_ifng,audit_only_not_primary
SEC11C,251,251,44,43,1.0,0.16733067729083664,1.0,0.0,frangieh_melanoma_ifng,audit_only_not_primary
SERPINA3,230,230,35,35,1.0,0.1565217391304348,1.0,0.0,frangieh_melanoma_ifng,audit_only_not_primary
SERPINE2,226,226,35,39,1.0,0.1504424778761062,1.0,0.0,frangieh_melanoma_ifng,audit_only_not_primary
SERPINF1,240,240,41,43,1.0,0.16666666666666666,1.0,0.0,frangieh_melanoma_ifng,audit_only_not_primary
SET,196,196,38,38,1.0,0.1836734693877551,1.0,0.0,frangieh_melanoma_ifng,audit_only_not_primary
SGK1,260,260,35,37,1.0,0.12307692307692308,1.0,0.0,frangieh_melanoma_ifng,audit_only_not_primary
SHMT2,200,200,32,33,1.0,0.15,1.0,0.0,frangieh_melanoma_ifng,audit_only_not_primary
SINHCAF,173,173,69,84,1.0,0.41040462427745666,1.0,0.0,frangieh_melanoma_ifng,audit_only_not_primary
SLC19A1,198,198,32,32,1.0,0.16161616161616163,1.0,0.0,frangieh_melanoma_ifng,audit_only_not_primary
SLC22A18,355,355,44,44,1.0,0.13802816901408452,1.0,0.0,frangieh_melanoma_ifng,audit_only_not_primary
SLC25A13,269,269,28,28,1.0,0.09665427509293681,1.0,0.0,frangieh_melanoma_ifng,audit_only_not_primary
SLC26A2,263,263,31,34,1.0,0.13307984790874525,1.0,0.0,frangieh_melanoma_ifng,audit_only_not_primary
SLC5A3,271,271,32,30,1.0,0.11439114391143912,1.0,0.0,frangieh_melanoma_ifng,audit_only_not_primary
SLC7A5P1,260,260,40,37,1.0,0.15,1.0,0.0,frangieh_melanoma_ifng,audit_only_not_primary
SLIRP,168,168,22,27,1.0,0.13095238095238096,1.0,0.0,frangieh_melanoma_ifng,audit_only_not_primary
SMAD3,271,271,28,29,1.0,0.1033210332103321,1.0,0.0,frangieh_melanoma_ifng,audit_only_not_primary
SMAD4,272,272,24,25,1.0,0.10294117647058823,1.0,0.0,frangieh_melanoma_ifng,audit_only_not_primary
SNHG6,202,202,27,26,1.0,0.12871287128712872,1.0,0.0,frangieh_melanoma_ifng,audit_only_not_primary
SNRPE,20,20,4,4,1.0,0.05,1.0,0.0,frangieh_melanoma_ifng,audit_only_not_primary
SNRPF,14,14,3,3,1.0,0.0,1.0,0.0,frangieh_melanoma_ifng,audit_only_not_primary
SNRPG,38,38,6,6,1.0,0.07894736842105263,1.0,0.0,frangieh_melanoma_ifng,audit_only_not_primary
SOX4,261,261,33,28,1.0,0.11877394636015326,1.0,0.0,frangieh_melanoma_ifng,audit_only_not_primary
SP100,232,232,28,28,1.0,0.125,1.0,0.0,frangieh_melanoma_ifng,audit_only_not_primary
SPESP1,247,247,30,30,1.0,0.11740890688259109,1.0,0.0,frangieh_melanoma_ifng,audit_only_not_primary
SPINT1,228,228,20,21,1.0,0.07456140350877193,1.0,0.0,frangieh_melanoma_ifng,audit_only_not_primary
SSR2,193,193,14,15,1.0,0.06217616580310881,1.0,0.0,frangieh_melanoma_ifng,audit_only_not_primary
ST3GAL6-AS1,257,257,32,29,1.0,0.13229571984435798,1.0,0.0,frangieh_melanoma_ifng,audit_only_not_primary
ST6GALNAC2,200,200,21,22,1.0,0.09,1.0,0.0,frangieh_melanoma_ifng,audit_only_not_primary
STAT1,209,209,23,24,1.0,0.09569377990430622,1.0,0.0,frangieh_melanoma_ifng,audit_only_not_primary
STAT3,211,211,22,20,1.0,0.12322274881516587,1.0,0.0,frangieh_melanoma_ifng,audit_only_not_primary
STOM,273,273,28,29,1.0,0.10256410256410256,1.0,0.0,frangieh_melanoma_ifng,audit_only_not_primary
STX7,246,246,22,19,1.0,0.08130081300813008,1.0,0.0,frangieh_melanoma_ifng,audit_only_not_primary
TAPBP,220,220,21,20,1.0,0.08636363636363636,1.0,0.0,frangieh_melanoma_ifng,audit_only_not_primary
TAPBPL,245,245,21,20,1.0,0.08571428571428572,1.0,0.0,frangieh_melanoma_ifng,audit_only_not_primary
TFAP2A,242,242,25,22,1.0,0.09917355371900827,1.0,0.0,frangieh_melanoma_ifng,audit_only_not_primary
TGFB1,261,261,17,14,1.0,0.05747126436781609,1.0,0.0,frangieh_melanoma_ifng,audit_only_not_primary
TIMM50,124,124,14,14,1.0,0.08870967741935484,1.0,0.0,frangieh_melanoma_ifng,audit_only_not_primary
TIMP1,229,229,24,24,1.0,0.10480349344978165,1.0,0.0,frangieh_melanoma_ifng,audit_only_not_primary
TIMP2,189,189,11,11,1.0,0.042328042328042326,1.0,0.0,frangieh_melanoma_ifng,audit_only_not_primary
TIMP3,184,184,10,10,1.0,0.043478260869565216,1.0,0.0,frangieh_melanoma_ifng,audit_only_not_primary
TM4SF1,222,222,13,13,1.0,0.04504504504504504,1.0,0.0,frangieh_melanoma_ifng,audit_only_not_primary
TMED10,66,66,6,6,1.0,0.045454545454545456,1.0,0.0,frangieh_melanoma_ifng,audit_only_not_primary
TMEM173,216,216,14,14,1.0,0.05092592592592592,1.0,0.0,frangieh_melanoma_ifng,audit_only_not_primary
TOP1MT,201,201,11,11,1.0,0.04477611940298507,1.0,0.0,frangieh_melanoma_ifng,audit_only_not_primary
TP53,218,218,14,13,1.0,0.05504587155963303,1.0,0.0,frangieh_melanoma_ifng,audit_only_not_primary
TPP1,217,217,9,9,1.0,0.03225806451612903,1.0,0.0,frangieh_melanoma_ifng,audit_only_not_primary
TPRKB,50,50,5,5,1.0,0.04,1.0,0.0,frangieh_melanoma_ifng,audit_only_not_primary
TRIM22,178,178,11,11,1.0,0.0449438202247191,1.0,0.0,frangieh_melanoma_ifng,audit_only_not_primary
TSC22D3,238,238,8,8,1.0,0.02100840336134454,1.0,0.0,frangieh_melanoma_ifng,audit_only_not_primary
TTLL1,262,262,17,15,1.0,0.05343511450381679,1.0,0.0,frangieh_melanoma_ifng,audit_only_not_primary
TUBB,5,5,2,2,1.0,0.0,1.0,0.0,frangieh_melanoma_ifng,audit_only_not_primary
TXNDC17,215,215,16,15,1.0,0.06511627906976744,1.0,0.0,frangieh_melanoma_ifng,audit_only_not_primary
TYR,262,262,10,11,1.0,0.026717557251908396,1.0,0.0,frangieh_melanoma_ifng,audit_only_not_primary
UBA52,17,17,4,4,1.0,0.058823529411764705,1.0,0.0,frangieh_melanoma_ifng,audit_only_not_primary
UBC,95,95,3,3,1.0,0.010526315789473684,1.0,0.0,frangieh_melanoma_ifng,audit_only_not_primary
UBL5,8,8,3,3,1.0,0.0,1.0,0.0,frangieh_melanoma_ifng,audit_only_not_primary
UCN2,192,192,4,4,1.0,0.005208333333333333,1.0,0.0,frangieh_melanoma_ifng,audit_only_not_primary
UQCRFS1,111,111,8,8,1.0,0.04504504504504504,1.0,0.0,frangieh_melanoma_ifng,audit_only_not_primary
UQCRH,76,76,5,5,1.0,0.02631578947368421,1.0,0.0,frangieh_melanoma_ifng,audit_only_not_primary
VAT1,154,154,6,6,1.0,0.01948051948051948,1.0,0.0,frangieh_melanoma_ifng,audit_only_not_primary
VDAC2,223,223,6,6,1.0,0.017937219730941704,1.0,0.0,frangieh_melanoma_ifng,audit_only_not_primary
WBP2,255,255,6,6,1.0,0.011764705882352941,1.0,0.0,frangieh_melanoma_ifng,audit_only_not_primary
WNT7A,267,267,6,5,1.0,0.011235955056179775,1.0,0.0,frangieh_melanoma_ifng,audit_only_not_primary
XAGE1A,160,160,5,5,1.0,0.0125,1.0,0.0,frangieh_melanoma_ifng,audit_only_not_primary
control,23484,13470,6872,807,1.0,0.31306421393289047,0.0,0.4264179867143587,frangieh_melanoma_ifng,audit_only_not_primary
