split_seed,environment_id,environment_key,predictor,method,n_rows,systema_centroid_aurc,systema_mean_risk,primary_delta_cosine_mean_risk,metric_entrypoint,prediction_contract,ptl_scores_reused_without_refit,target_outcomes_used_for_score_construction
20260907,env__v~frangiehizar2021%5Frna__v~patient-derived%5Fmelanoma__v~rna__v~co-culture,frangieh_melanoma_coculture,mean_matching,ptl_rf,50,0.37082967126354194,0.5,0.7543339736981407,third_party/systema/evaluation/centroid_accuracy.py::calculate_centroid_accuracies,formal_v2_saved_delta_prediction,1,0
20260907,env__v~frangiehizar2021%5Frna__v~patient-derived%5Fmelanoma__v~rna__v~co-culture,frangieh_melanoma_coculture,mean_matching,u_only_rf,50,0.37082967126354194,0.5,0.7543339736981407,third_party/systema/evaluation/centroid_accuracy.py::calculate_centroid_accuracies,formal_v2_saved_delta_prediction,1,0
20260907,env__v~frangiehizar2021%5Frna__v~patient-derived%5Fmelanoma__v~rna__v~co-culture,frangieh_melanoma_coculture,slim_string,ptl_rf,50,0.4644501252793056,0.5024489795918367,0.9444128791425248,third_party/systema/evaluation/centroid_accuracy.py::calculate_centroid_accuracies,formal_v2_saved_delta_prediction,1,0
20260907,env__v~frangiehizar2021%5Frna__v~patient-derived%5Fmelanoma__v~rna__v~co-culture,frangieh_melanoma_coculture,slim_string,u_only_rf,50,0.46075126535476,0.5024489795918367,0.9444128791425248,third_party/systema/evaluation/centroid_accuracy.py::calculate_centroid_accuracies,formal_v2_saved_delta_prediction,1,0
20260907,env__v~frangiehizar2021%5Frna__v~patient-derived%5Fmelanoma__v~rna__v~co-culture,frangieh_melanoma_coculture,strong_linear,ptl_rf,50,0.41724179638145936,0.49102040816326536,0.8486668718793189,third_party/systema/evaluation/centroid_accuracy.py::calculate_centroid_accuracies,formal_v2_saved_delta_prediction,1,0
20260907,env__v~frangiehizar2021%5Frna__v~patient-derived%5Fmelanoma__v~rna__v~co-culture,frangieh_melanoma_coculture,strong_linear,u_only_rf,50,0.44295708800693523,0.49102040816326536,0.8486668718793189,third_party/systema/evaluation/centroid_accuracy.py::calculate_centroid_accuracies,formal_v2_saved_delta_prediction,1,0
20260907,env__v~frangiehizar2021%5Frna__v~patient-derived%5Fmelanoma__v~rna__v~control,frangieh_melanoma_control,mean_matching,ptl_rf,50,0.3954663939787027,0.5,0.7075348483582807,third_party/systema/evaluation/centroid_accuracy.py::calculate_centroid_accuracies,formal_v2_saved_delta_prediction,1,0
20260907,env__v~frangiehizar2021%5Frna__v~patient-derived%5Fmelanoma__v~rna__v~control,frangieh_melanoma_control,mean_matching,u_only_rf,50,0.3954663939787027,0.5,0.7075348483582807,third_party/systema/evaluation/centroid_accuracy.py::calculate_centroid_accuracies,formal_v2_saved_delta_prediction,1,0
20260907,env__v~frangiehizar2021%5Frna__v~patient-derived%5Fmelanoma__v~rna__v~control,frangieh_melanoma_control,slim_string,ptl_rf,50,0.42838662209546463,0.4853061224489795,0.8380971160659965,third_party/systema/evaluation/centroid_accuracy.py::calculate_centroid_accuracies,formal_v2_saved_delta_prediction,1,0
20260907,env__v~frangiehizar2021%5Frna__v~patient-derived%5Fmelanoma__v~rna__v~control,frangieh_melanoma_control,slim_string,u_only_rf,50,0.3977492385682537,0.4853061224489795,0.8380971160659965,third_party/systema/evaluation/centroid_accuracy.py::calculate_centroid_accuracies,formal_v2_saved_delta_prediction,1,0
20260907,env__v~frangiehizar2021%5Frna__v~patient-derived%5Fmelanoma__v~rna__v~control,frangieh_melanoma_control,strong_linear,ptl_rf,50,0.44142174235677545,0.49673469387755104,0.7563878465052045,third_party/systema/evaluation/centroid_accuracy.py::calculate_centroid_accuracies,formal_v2_saved_delta_prediction,1,0
20260907,env__v~frangiehizar2021%5Frna__v~patient-derived%5Fmelanoma__v~rna__v~control,frangieh_melanoma_control,strong_linear,u_only_rf,50,0.4380433973425848,0.49673469387755104,0.7563878465052045,third_party/systema/evaluation/centroid_accuracy.py::calculate_centroid_accuracies,formal_v2_saved_delta_prediction,1,0
20260907,env__v~frangiehizar2021%5Frna__v~patient-derived%5Fmelanoma__v~rna__v~ifn%CE%B3,frangieh_melanoma_ifng,mean_matching,ptl_rf,50,0.3353260595215821,0.5000000000000001,0.6417107256322275,third_party/systema/evaluation/centroid_accuracy.py::calculate_centroid_accuracies,formal_v2_saved_delta_prediction,1,0
20260907,env__v~frangiehizar2021%5Frna__v~patient-derived%5Fmelanoma__v~rna__v~ifn%CE%B3,frangieh_melanoma_ifng,mean_matching,u_only_rf,50,0.3353260595215821,0.5000000000000001,0.6417107256322275,third_party/systema/evaluation/centroid_accuracy.py::calculate_centroid_accuracies,formal_v2_saved_delta_prediction,1,0
20260907,env__v~frangiehizar2021%5Frna__v~patient-derived%5Fmelanoma__v~rna__v~ifn%CE%B3,frangieh_melanoma_ifng,slim_string,ptl_rf,50,0.5247040234523467,0.49999999999999994,0.8545444974319623,third_party/systema/evaluation/centroid_accuracy.py::calculate_centroid_accuracies,formal_v2_saved_delta_prediction,1,0
20260907,env__v~frangiehizar2021%5Frna__v~patient-derived%5Fmelanoma__v~rna__v~ifn%CE%B3,frangieh_melanoma_ifng,slim_string,u_only_rf,50,0.4890876955245499,0.49999999999999994,0.8545444974319623,third_party/systema/evaluation/centroid_accuracy.py::calculate_centroid_accuracies,formal_v2_saved_delta_prediction,1,0
20260907,env__v~frangiehizar2021%5Frna__v~patient-derived%5Fmelanoma__v~rna__v~ifn%CE%B3,frangieh_melanoma_ifng,strong_linear,ptl_rf,50,0.45678503665319653,0.5012244897959184,0.726917577790502,third_party/systema/evaluation/centroid_accuracy.py::calculate_centroid_accuracies,formal_v2_saved_delta_prediction,1,0
20260907,env__v~frangiehizar2021%5Frna__v~patient-derived%5Fmelanoma__v~rna__v~ifn%CE%B3,frangieh_melanoma_ifng,strong_linear,u_only_rf,50,0.4399524154526422,0.5012244897959184,0.726917577790502,third_party/systema/evaluation/centroid_accuracy.py::calculate_centroid_accuracies,formal_v2_saved_delta_prediction,1,0
20260907,env__v~normanweissman2019%5Ffiltered__v~k562__v~rna__v~baseline,norman_k562,mean_matching,ptl_rf,48,0.17555452908170918,0.16799645390070925,0.29775724052729063,third_party/systema/evaluation/centroid_accuracy.py::calculate_centroid_accuracies,formal_v2_saved_delta_prediction,1,0
20260907,env__v~normanweissman2019%5Ffiltered__v~k562__v~rna__v~baseline,norman_k562,mean_matching,u_only_rf,48,0.13937124252519975,0.16799645390070925,0.29775724052729063,third_party/systema/evaluation/centroid_accuracy.py::calculate_centroid_accuracies,formal_v2_saved_delta_prediction,1,0
20260907,env__v~normanweissman2019%5Ffiltered__v~k562__v~rna__v~baseline,norman_k562,slim_string,ptl_rf,48,0.23789670311517166,0.2641843971631206,0.4022324396654971,third_party/systema/evaluation/centroid_accuracy.py::calculate_centroid_accuracies,formal_v2_saved_delta_prediction,1,0
20260907,env__v~normanweissman2019%5Ffiltered__v~k562__v~rna__v~baseline,norman_k562,slim_string,u_only_rf,48,0.21902459594362889,0.2641843971631206,0.4022324396654971,third_party/systema/evaluation/centroid_accuracy.py::calculate_centroid_accuracies,formal_v2_saved_delta_prediction,1,0
20260907,env__v~normanweissman2019%5Ffiltered__v~k562__v~rna__v~baseline,norman_k562,strong_linear,ptl_rf,48,0.40312424154630744,0.4104609929078014,0.44806630041864715,third_party/systema/evaluation/centroid_accuracy.py::calculate_centroid_accuracies,formal_v2_saved_delta_prediction,1,0
20260907,env__v~normanweissman2019%5Ffiltered__v~k562__v~rna__v~baseline,norman_k562,strong_linear,u_only_rf,48,0.4949035848940449,0.4104609929078014,0.44806630041864715,third_party/systema/evaluation/centroid_accuracy.py::calculate_centroid_accuracies,formal_v2_saved_delta_prediction,1,0
20260907,env__v~replogleweissman2022%5Frpe1__v~rpe1__v~rna__v~baseline,replogle_rpe1,mean_matching,ptl_rf,33,0.5842804561802978,0.5,0.8246617412904513,third_party/systema/evaluation/centroid_accuracy.py::calculate_centroid_accuracies,formal_v2_saved_delta_prediction,1,0
20260907,env__v~replogleweissman2022%5Frpe1__v~rpe1__v~rna__v~baseline,replogle_rpe1,mean_matching,u_only_rf,33,0.5842804561802978,0.5,0.8246617412904513,third_party/systema/evaluation/centroid_accuracy.py::calculate_centroid_accuracies,formal_v2_saved_delta_prediction,1,0
20260907,env__v~replogleweissman2022%5Frpe1__v~rpe1__v~rna__v~baseline,replogle_rpe1,slim_string,ptl_rf,33,0.4462670570495277,0.48200757575757575,0.9075958093704695,third_party/systema/evaluation/centroid_accuracy.py::calculate_centroid_accuracies,formal_v2_saved_delta_prediction,1,0
20260907,env__v~replogleweissman2022%5Frpe1__v~rpe1__v~rna__v~baseline,replogle_rpe1,slim_string,u_only_rf,33,0.46473498857562934,0.48200757575757575,0.9075958093704695,third_party/systema/evaluation/centroid_accuracy.py::calculate_centroid_accuracies,formal_v2_saved_delta_prediction,1,0
20260907,env__v~replogleweissman2022%5Frpe1__v~rpe1__v~rna__v~baseline,replogle_rpe1,strong_linear,ptl_rf,33,0.5959077347011327,0.5009469696969697,0.8463027235572744,third_party/systema/evaluation/centroid_accuracy.py::calculate_centroid_accuracies,formal_v2_saved_delta_prediction,1,0
20260907,env__v~replogleweissman2022%5Frpe1__v~rpe1__v~rna__v~baseline,replogle_rpe1,strong_linear,u_only_rf,33,0.4582020595784985,0.5009469696969697,0.8463027235572744,third_party/systema/evaluation/centroid_accuracy.py::calculate_centroid_accuracies,formal_v2_saved_delta_prediction,1,0
20260907,env__v~tiankampmann2021%5Fcrispra__v~ipsc-induced%5Fneuron__v~rna__v~baseline,tian_neuron_crispra,mean_matching,ptl_rf,20,0.4240469950676484,0.5,0.5409119988355071,third_party/systema/evaluation/centroid_accuracy.py::calculate_centroid_accuracies,formal_v2_saved_delta_prediction,1,0
20260907,env__v~tiankampmann2021%5Fcrispra__v~ipsc-induced%5Fneuron__v~rna__v~baseline,tian_neuron_crispra,mean_matching,u_only_rf,20,0.4240469950676484,0.5,0.5409119988355071,third_party/systema/evaluation/centroid_accuracy.py::calculate_centroid_accuracies,formal_v2_saved_delta_prediction,1,0
20260907,env__v~tiankampmann2021%5Fcrispra__v~ipsc-induced%5Fneuron__v~rna__v~baseline,tian_neuron_crispra,slim_string,ptl_rf,20,0.5682691419958203,0.5052631578947369,0.6418053687470431,third_party/systema/evaluation/centroid_accuracy.py::calculate_centroid_accuracies,formal_v2_saved_delta_prediction,1,0
20260907,env__v~tiankampmann2021%5Fcrispra__v~ipsc-induced%5Fneuron__v~rna__v~baseline,tian_neuron_crispra,slim_string,u_only_rf,20,0.47081498701314983,0.5052631578947369,0.6418053687470431,third_party/systema/evaluation/centroid_accuracy.py::calculate_centroid_accuracies,formal_v2_saved_delta_prediction,1,0
20260907,env__v~tiankampmann2021%5Fcrispra__v~ipsc-induced%5Fneuron__v~rna__v~baseline,tian_neuron_crispra,strong_linear,ptl_rf,20,0.5447141139869671,0.48684210526315785,0.5535458353021154,third_party/systema/evaluation/centroid_accuracy.py::calculate_centroid_accuracies,formal_v2_saved_delta_prediction,1,0
20260907,env__v~tiankampmann2021%5Fcrispra__v~ipsc-induced%5Fneuron__v~rna__v~baseline,tian_neuron_crispra,strong_linear,u_only_rf,20,0.5691441257830577,0.48684210526315785,0.5535458353021154,third_party/systema/evaluation/centroid_accuracy.py::calculate_centroid_accuracies,formal_v2_saved_delta_prediction,1,0
20260907,env__v~tiankampmann2021%5Fcrispri__v~ipsc-induced%5Fneuron__v~rna__v~baseline,tian_neuron_crispri,mean_matching,ptl_rf,38,0.5192030597838543,0.5,0.49531657812777313,third_party/systema/evaluation/centroid_accuracy.py::calculate_centroid_accuracies,formal_v2_saved_delta_prediction,1,0
20260907,env__v~tiankampmann2021%5Fcrispri__v~ipsc-induced%5Fneuron__v~rna__v~baseline,tian_neuron_crispri,mean_matching,u_only_rf,38,0.5192030597838543,0.5,0.49531657812777313,third_party/systema/evaluation/centroid_accuracy.py::calculate_centroid_accuracies,formal_v2_saved_delta_prediction,1,0
20260907,env__v~tiankampmann2021%5Fcrispri__v~ipsc-induced%5Fneuron__v~rna__v~baseline,tian_neuron_crispri,slim_string,ptl_rf,38,0.5322866608552089,0.5298719772403983,0.6242138815418447,third_party/systema/evaluation/centroid_accuracy.py::calculate_centroid_accuracies,formal_v2_saved_delta_prediction,1,0
20260907,env__v~tiankampmann2021%5Fcrispri__v~ipsc-induced%5Fneuron__v~rna__v~baseline,tian_neuron_crispri,slim_string,u_only_rf,38,0.5810210862871459,0.5298719772403983,0.6242138815418447,third_party/systema/evaluation/centroid_accuracy.py::calculate_centroid_accuracies,formal_v2_saved_delta_prediction,1,0
20260907,env__v~tiankampmann2021%5Fcrispri__v~ipsc-induced%5Fneuron__v~rna__v~baseline,tian_neuron_crispri,strong_linear,ptl_rf,38,0.4647392126827555,0.49715504978662883,0.5176345632740859,third_party/systema/evaluation/centroid_accuracy.py::calculate_centroid_accuracies,formal_v2_saved_delta_prediction,1,0
20260907,env__v~tiankampmann2021%5Fcrispri__v~ipsc-induced%5Fneuron__v~rna__v~baseline,tian_neuron_crispri,strong_linear,u_only_rf,38,0.49342215143661433,0.49715504978662883,0.5176345632740859,third_party/systema/evaluation/centroid_accuracy.py::calculate_centroid_accuracies,formal_v2_saved_delta_prediction,1,0
20260907,env__v~xucao2023__v~hek293__v~rna__v~baseline,xu_he293,mean_matching,ptl_rf,38,0.4597285323971228,0.5,0.6487095376968558,third_party/systema/evaluation/centroid_accuracy.py::calculate_centroid_accuracies,formal_v2_saved_delta_prediction,1,0
20260907,env__v~xucao2023__v~hek293__v~rna__v~baseline,xu_he293,mean_matching,u_only_rf,38,0.4597285323971228,0.5,0.6487095376968558,third_party/systema/evaluation/centroid_accuracy.py::calculate_centroid_accuracies,formal_v2_saved_delta_prediction,1,0
20260907,env__v~xucao2023__v~hek293__v~rna__v~baseline,xu_he293,slim_string,ptl_rf,38,0.3935808763390385,0.48719772403982936,0.815310352521054,third_party/systema/evaluation/centroid_accuracy.py::calculate_centroid_accuracies,formal_v2_saved_delta_prediction,1,0
20260907,env__v~xucao2023__v~hek293__v~rna__v~baseline,xu_he293,slim_string,u_only_rf,38,0.5228110978058824,0.48719772403982936,0.815310352521054,third_party/systema/evaluation/centroid_accuracy.py::calculate_centroid_accuracies,formal_v2_saved_delta_prediction,1,0
20260907,env__v~xucao2023__v~hek293__v~rna__v~baseline,xu_he293,strong_linear,ptl_rf,38,0.46730212394790216,0.5014224751066856,0.7079045683409456,third_party/systema/evaluation/centroid_accuracy.py::calculate_centroid_accuracies,formal_v2_saved_delta_prediction,1,0
20260907,env__v~xucao2023__v~hek293__v~rna__v~baseline,xu_he293,strong_linear,u_only_rf,38,0.4561696831652558,0.5014224751066856,0.7079045683409456,third_party/systema/evaluation/centroid_accuracy.py::calculate_centroid_accuracies,formal_v2_saved_delta_prediction,1,0
