split_seed,predictor,method,environment_id,environment_key,n_test_rows,difficulty_mean_risk,difficulty_risk_variance,ranking_spearman_confidence_vs_negative_risk,ranking_kendall_confidence_vs_negative_risk,ranking_normalized_aurc,evaluation_only
20260907,mean_matching,ptl_rf,env__v~frangiehizar2021%5Frna__v~patient-derived%5Fmelanoma__v~rna__v~co-culture,frangieh_melanoma_coculture,50,0.7543339736981407,0.009623192796258673,,,0.985433649165161,1
20260907,mean_matching,ptl_rf,env__v~frangiehizar2021%5Frna__v~patient-derived%5Fmelanoma__v~rna__v~control,frangieh_melanoma_control,50,0.7075348483582807,0.02067473332276943,,,1.0472742163702622,1
20260907,mean_matching,ptl_rf,env__v~frangiehizar2021%5Frna__v~patient-derived%5Fmelanoma__v~rna__v~ifn%CE%B3,frangieh_melanoma_ifng,50,0.6417107256322275,0.03249030494282688,,,0.8926337375687038,1
20260907,mean_matching,ptl_rf,env__v~normanweissman2019%5Ffiltered__v~k562__v~rna__v~baseline,norman_k562,48,0.29775724052729063,0.07715754025755388,0.4472716639980734,0.30873846089680107,0.6793785921539064,1
20260907,mean_matching,ptl_rf,env__v~replogleweissman2022%5Frpe1__v~rpe1__v~rna__v~baseline,replogle_rpe1,33,0.8246617412904513,0.04167440745539655,,,0.9976117333232317,1
20260907,mean_matching,ptl_rf,env__v~tiankampmann2021%5Fcrispra__v~ipsc-induced%5Fneuron__v~rna__v~baseline,tian_neuron_crispra,20,0.5409119988355071,0.017846226388108632,,,1.0553306944333392,1
20260907,mean_matching,ptl_rf,env__v~tiankampmann2021%5Fcrispri__v~ipsc-induced%5Fneuron__v~rna__v~baseline,tian_neuron_crispri,38,0.49531657812777313,0.001992515717907283,,,1.0134925895861844,1
20260907,mean_matching,ptl_rf,env__v~xucao2023__v~hek293__v~rna__v~baseline,xu_he293,38,0.6487095376968558,0.015389173465873984,,,0.9792939686122906,1
20260907,mean_matching,raw_normalized_uq,env__v~frangiehizar2021%5Frna__v~patient-derived%5Fmelanoma__v~rna__v~co-culture,frangieh_melanoma_coculture,50,0.7543339736981407,0.009623192796258673,,,0.985433649165161,1
20260907,mean_matching,raw_normalized_uq,env__v~frangiehizar2021%5Frna__v~patient-derived%5Fmelanoma__v~rna__v~control,frangieh_melanoma_control,50,0.7075348483582807,0.02067473332276943,,,1.0472742163702622,1
20260907,mean_matching,raw_normalized_uq,env__v~frangiehizar2021%5Frna__v~patient-derived%5Fmelanoma__v~rna__v~ifn%CE%B3,frangieh_melanoma_ifng,50,0.6417107256322275,0.03249030494282688,,,0.8926337375687038,1
20260907,mean_matching,raw_normalized_uq,env__v~normanweissman2019%5Ffiltered__v~k562__v~rna__v~baseline,norman_k562,48,0.29775724052729063,0.07715754025755388,0.030853379569924504,0.03115246438029259,1.1089395470711727,1
20260907,mean_matching,raw_normalized_uq,env__v~replogleweissman2022%5Frpe1__v~rpe1__v~rna__v~baseline,replogle_rpe1,33,0.8246617412904513,0.04167440745539655,,,0.9976117333232317,1
20260907,mean_matching,raw_normalized_uq,env__v~tiankampmann2021%5Fcrispra__v~ipsc-induced%5Fneuron__v~rna__v~baseline,tian_neuron_crispra,20,0.5409119988355071,0.017846226388108632,,,1.0553306944333392,1
20260907,mean_matching,raw_normalized_uq,env__v~tiankampmann2021%5Fcrispri__v~ipsc-induced%5Fneuron__v~rna__v~baseline,tian_neuron_crispri,38,0.49531657812777313,0.001992515717907283,,,1.0134925895861844,1
20260907,mean_matching,raw_normalized_uq,env__v~xucao2023__v~hek293__v~rna__v~baseline,xu_he293,38,0.6487095376968558,0.015389173465873984,,,0.9792939686122906,1
20260907,mean_matching,u_only_rf,env__v~frangiehizar2021%5Frna__v~patient-derived%5Fmelanoma__v~rna__v~co-culture,frangieh_melanoma_coculture,50,0.7543339736981407,0.009623192796258673,,,0.985433649165161,1
20260907,mean_matching,u_only_rf,env__v~frangiehizar2021%5Frna__v~patient-derived%5Fmelanoma__v~rna__v~control,frangieh_melanoma_control,50,0.7075348483582807,0.02067473332276943,,,1.0472742163702622,1
20260907,mean_matching,u_only_rf,env__v~frangiehizar2021%5Frna__v~patient-derived%5Fmelanoma__v~rna__v~ifn%CE%B3,frangieh_melanoma_ifng,50,0.6417107256322275,0.03249030494282688,,,0.8926337375687038,1
20260907,mean_matching,u_only_rf,env__v~normanweissman2019%5Ffiltered__v~k562__v~rna__v~baseline,norman_k562,48,0.29775724052729063,0.07715754025755388,0.10932332150448677,0.1047973191337547,1.0958881651985979,1
20260907,mean_matching,u_only_rf,env__v~replogleweissman2022%5Frpe1__v~rpe1__v~rna__v~baseline,replogle_rpe1,33,0.8246617412904513,0.04167440745539655,,,0.9976117333232317,1
20260907,mean_matching,u_only_rf,env__v~tiankampmann2021%5Fcrispra__v~ipsc-induced%5Fneuron__v~rna__v~baseline,tian_neuron_crispra,20,0.5409119988355071,0.017846226388108632,,,1.0553306944333392,1
20260907,mean_matching,u_only_rf,env__v~tiankampmann2021%5Fcrispri__v~ipsc-induced%5Fneuron__v~rna__v~baseline,tian_neuron_crispri,38,0.49531657812777313,0.001992515717907283,,,1.0134925895861844,1
20260907,mean_matching,u_only_rf,env__v~xucao2023__v~hek293__v~rna__v~baseline,xu_he293,38,0.6487095376968558,0.015389173465873984,,,0.9792939686122906,1
20260907,slim_string,ptl_rf,env__v~frangiehizar2021%5Frna__v~patient-derived%5Fmelanoma__v~rna__v~co-culture,frangieh_melanoma_coculture,50,0.9444128791425247,0.007850183907551572,0.219015606242497,0.1542857142857143,0.9701705850336723,1
20260907,slim_string,ptl_rf,env__v~frangiehizar2021%5Frna__v~patient-derived%5Fmelanoma__v~rna__v~control,frangieh_melanoma_control,50,0.8380971160659965,0.012783595009669992,0.5119450648550012,0.367496968162519,0.9228167219312673,1
20260907,slim_string,ptl_rf,env__v~frangiehizar2021%5Frna__v~patient-derived%5Fmelanoma__v~rna__v~ifn%CE%B3,frangieh_melanoma_ifng,50,0.8545444974319623,0.02404535774670695,0.10105667918697595,0.04828165122492298,0.9435440636496938,1
20260907,slim_string,ptl_rf,env__v~normanweissman2019%5Ffiltered__v~k562__v~rna__v~baseline,norman_k562,48,0.4022324396654971,0.11187088553914741,0.5783760312635692,0.4113475177304965,0.705405444518413,1
20260907,slim_string,ptl_rf,env__v~replogleweissman2022%5Frpe1__v~rpe1__v~rna__v~baseline,replogle_rpe1,33,0.9075958093704695,0.045724115390986676,0.2025401069518717,0.09848484848484848,0.949797303641413,1
20260907,slim_string,ptl_rf,env__v~tiankampmann2021%5Fcrispra__v~ipsc-induced%5Fneuron__v~rna__v~baseline,tian_neuron_crispra,20,0.6418053687470431,0.02733520165141366,0.393984962406015,0.28421052631578947,0.8956975843110149,1
20260907,slim_string,ptl_rf,env__v~tiankampmann2021%5Fcrispri__v~ipsc-induced%5Fneuron__v~rna__v~baseline,tian_neuron_crispri,38,0.6242138815418447,0.006675365534223403,0.7167560640134507,0.5017830430699488,0.9350756214341044,1
20260907,slim_string,ptl_rf,env__v~xucao2023__v~hek293__v~rna__v~baseline,xu_he293,38,0.815310352521054,0.012028393578100566,0.6200897253528832,0.4594594594594595,0.9209764988782893,1
20260907,slim_string,raw_normalized_uq,env__v~frangiehizar2021%5Frna__v~patient-derived%5Fmelanoma__v~rna__v~co-culture,frangieh_melanoma_coculture,50,0.9444128791425247,0.007850183907551572,0.266961271593586,0.18934585248125152,0.962487315570901,1
20260907,slim_string,raw_normalized_uq,env__v~frangiehizar2021%5Frna__v~patient-derived%5Fmelanoma__v~rna__v~control,frangieh_melanoma_control,50,0.8380971160659965,0.012783595009669992,0.4051113637273885,0.28419430400474266,0.932737393068559,1
20260907,slim_string,raw_normalized_uq,env__v~frangiehizar2021%5Frna__v~patient-derived%5Fmelanoma__v~rna__v~ifn%CE%B3,frangieh_melanoma_ifng,50,0.8545444974319623,0.02404535774670695,0.12660358612259107,0.0747756501105966,0.9411641244591504,1
20260907,slim_string,raw_normalized_uq,env__v~normanweissman2019%5Ffiltered__v~k562__v~rna__v~baseline,norman_k562,48,0.4022324396654971,0.11187088553914741,0.5313136485765358,0.39003058006469826,0.778351019422722,1
20260907,slim_string,raw_normalized_uq,env__v~replogleweissman2022%5Frpe1__v~rpe1__v~rna__v~baseline,replogle_rpe1,33,0.9075958093704695,0.045724115390986676,0.29101140034189166,0.20488325586666564,0.9555481084270968,1
20260907,slim_string,raw_normalized_uq,env__v~tiankampmann2021%5Fcrispra__v~ipsc-induced%5Fneuron__v~rna__v~baseline,tian_neuron_crispra,20,0.6418053687470431,0.02733520165141366,0.5154496970216292,0.3466974855907322,0.913447294780245,1
20260907,slim_string,raw_normalized_uq,env__v~tiankampmann2021%5Fcrispri__v~ipsc-induced%5Fneuron__v~rna__v~baseline,tian_neuron_crispri,38,0.6242138815418447,0.006675365534223403,0.7701571901767233,0.5747034056908655,0.911975683400271,1
20260907,slim_string,raw_normalized_uq,env__v~xucao2023__v~hek293__v~rna__v~baseline,xu_he293,38,0.815310352521054,0.012028393578100566,0.5350848898305426,0.38027638287007526,0.9425885658820622,1
20260907,slim_string,u_only_rf,env__v~frangiehizar2021%5Frna__v~patient-derived%5Fmelanoma__v~rna__v~co-culture,frangieh_melanoma_coculture,50,0.9444128791425247,0.007850183907551572,0.09301320528211285,0.06285714285714286,0.9795542168304533,1
20260907,slim_string,u_only_rf,env__v~frangiehizar2021%5Frna__v~patient-derived%5Fmelanoma__v~rna__v~control,frangieh_melanoma_control,50,0.8380971160659965,0.012783595009669992,0.5663041131071223,0.40996328448352115,0.9187857351430075,1
20260907,slim_string,u_only_rf,env__v~frangiehizar2021%5Frna__v~patient-derived%5Fmelanoma__v~rna__v~ifn%CE%B3,frangieh_melanoma_ifng,50,0.8545444974319623,0.02404535774670695,-0.00951008672957283,-0.005728331501262048,0.9490947821821808,1
20260907,slim_string,u_only_rf,env__v~normanweissman2019%5Ffiltered__v~k562__v~rna__v~baseline,norman_k562,48,0.4022324396654971,0.11187088553914741,0.34791576204950064,0.2375886524822695,0.7768928577473919,1
20260907,slim_string,u_only_rf,env__v~replogleweissman2022%5Frpe1__v~rpe1__v~rna__v~baseline,replogle_rpe1,33,0.9075958093704695,0.045724115390986676,0.12399732620320857,0.08333333333333333,0.9478169844940108,1
20260907,slim_string,u_only_rf,env__v~tiankampmann2021%5Fcrispra__v~ipsc-induced%5Fneuron__v~rna__v~baseline,tian_neuron_crispra,20,0.6418053687470431,0.02733520165141366,0.1413533834586466,0.10526315789473685,0.9861199027275692,1
20260907,slim_string,u_only_rf,env__v~tiankampmann2021%5Fcrispri__v~ipsc-induced%5Fneuron__v~rna__v~baseline,tian_neuron_crispri,38,0.6242138815418447,0.006675365534223403,0.6158476671558539,0.42765600261643366,0.9446527714943449,1
20260907,slim_string,u_only_rf,env__v~xucao2023__v~hek293__v~rna__v~baseline,xu_he293,38,0.815310352521054,0.012028393578100566,-0.2255170149906992,-0.20056899004267426,0.9782660262158935,1
20260907,strong_linear,ptl_rf,env__v~frangiehizar2021%5Frna__v~patient-derived%5Fmelanoma__v~rna__v~co-culture,frangieh_melanoma_coculture,50,0.8486668718793189,0.007879748040312053,0.6490756302521008,0.4530612244897959,0.9508927396068955,1
20260907,strong_linear,ptl_rf,env__v~frangiehizar2021%5Frna__v~patient-derived%5Fmelanoma__v~rna__v~control,frangieh_melanoma_control,50,0.7563878465052045,0.019382876642016253,0.4561934261441245,0.3021641738225156,0.9324177272432873,1
20260907,strong_linear,ptl_rf,env__v~frangiehizar2021%5Frna__v~patient-derived%5Fmelanoma__v~rna__v~ifn%CE%B3,frangieh_melanoma_ifng,50,0.726917577790502,0.018214236368000018,0.5386924057352409,0.39363008589852033,0.9146041309488974,1
20260907,strong_linear,ptl_rf,env__v~normanweissman2019%5Ffiltered__v~k562__v~rna__v~baseline,norman_k562,48,0.44806630041864715,0.19354050592964228,0.5611159357359965,0.4202127659574469,0.7110123161229825,1
20260907,strong_linear,ptl_rf,env__v~replogleweissman2022%5Frpe1__v~rpe1__v~rna__v~baseline,replogle_rpe1,33,0.8463027235572744,0.03925861560075169,-0.011382674132660605,-0.02294559928397004,0.9717262525392811,1
20260907,strong_linear,ptl_rf,env__v~tiankampmann2021%5Fcrispra__v~ipsc-induced%5Fneuron__v~rna__v~baseline,tian_neuron_crispra,20,0.5535458353021154,0.021937534694540396,0.0,0.010526315789473684,1.0051769859556956,1
20260907,strong_linear,ptl_rf,env__v~tiankampmann2021%5Fcrispri__v~ipsc-induced%5Fneuron__v~rna__v~baseline,tian_neuron_crispri,38,0.5176345632740859,0.002182103199424275,0.4447970237443922,0.3342816500711238,0.9661609632418967,1
20260907,strong_linear,ptl_rf,env__v~xucao2023__v~hek293__v~rna__v~baseline,xu_he293,38,0.7079045683409456,0.01063718574005771,0.30845825582667685,0.21194879089615934,0.9625209757041752,1
20260907,strong_linear,raw_normalized_uq,env__v~frangiehizar2021%5Frna__v~patient-derived%5Fmelanoma__v~rna__v~co-culture,frangieh_melanoma_coculture,50,0.8486668718793189,0.007879748040312053,0.6322791434812916,0.4328981948810891,0.9525367439268956,1
20260907,strong_linear,raw_normalized_uq,env__v~frangiehizar2021%5Frna__v~patient-derived%5Fmelanoma__v~rna__v~control,frangieh_melanoma_control,50,0.7563878465052045,0.019382876642016253,0.32752785646643345,0.23530130449168477,0.9437315341272151,1
20260907,strong_linear,raw_normalized_uq,env__v~frangiehizar2021%5Frna__v~patient-derived%5Fmelanoma__v~rna__v~ifn%CE%B3,frangieh_melanoma_ifng,50,0.726917577790502,0.018214236368000018,0.40007685287548705,0.2792807779315286,0.9384834032005637,1
20260907,strong_linear,raw_normalized_uq,env__v~normanweissman2019%5Ffiltered__v~k562__v~rna__v~baseline,norman_k562,48,0.44806630041864715,0.19354050592964228,-0.037135567902814706,-0.015131407534520738,1.1511233008988604,1
20260907,strong_linear,raw_normalized_uq,env__v~replogleweissman2022%5Frpe1__v~rpe1__v~rna__v~baseline,replogle_rpe1,33,0.8463027235572744,0.03925861560075169,-0.045287124828754875,-0.0427320630963152,0.9728801210030777,1
20260907,strong_linear,raw_normalized_uq,env__v~tiankampmann2021%5Fcrispra__v~ipsc-induced%5Fneuron__v~rna__v~baseline,tian_neuron_crispra,20,0.5535458353021154,0.021937534694540396,0.016572534096113985,0.031916699728542886,1.006115558270983,1
20260907,strong_linear,raw_normalized_uq,env__v~tiankampmann2021%5Fcrispri__v~ipsc-induced%5Fneuron__v~rna__v~baseline,tian_neuron_crispri,38,0.5176345632740859,0.002182103199424275,0.34090287737035585,0.24518944150008865,0.9754446126475328,1
20260907,strong_linear,raw_normalized_uq,env__v~xucao2023__v~hek293__v~rna__v~baseline,xu_he293,38,0.7079045683409456,0.01063718574005771,0.2004378955154917,0.14449449748453938,0.9632912281697126,1
20260907,strong_linear,u_only_rf,env__v~frangiehizar2021%5Frna__v~patient-derived%5Fmelanoma__v~rna__v~co-culture,frangieh_melanoma_coculture,50,0.8486668718793189,0.007879748040312053,0.4801440576230492,0.33061224489795915,0.9609814112138065,1
20260907,strong_linear,u_only_rf,env__v~frangiehizar2021%5Frna__v~patient-derived%5Fmelanoma__v~rna__v~control,frangieh_melanoma_control,50,0.7563878465052045,0.019382876642016253,0.450527023587808,0.3021641738225156,0.9435643394601911,1
20260907,strong_linear,u_only_rf,env__v~frangiehizar2021%5Frna__v~patient-derived%5Fmelanoma__v~rna__v~ifn%CE%B3,frangieh_melanoma_ifng,50,0.726917577790502,0.018214236368000018,0.46723810909287705,0.3135974128320162,0.9148686917049806,1
20260907,strong_linear,u_only_rf,env__v~normanweissman2019%5Ffiltered__v~k562__v~rna__v~baseline,norman_k562,48,0.44806630041864715,0.19354050592964228,0.2790924880590534,0.19326241134751776,0.8885981826858121,1
20260907,strong_linear,u_only_rf,env__v~replogleweissman2022%5Frpe1__v~rpe1__v~rna__v~baseline,replogle_rpe1,33,0.8463027235572744,0.03925861560075169,-0.19199256467786494,-0.12309149097933272,1.025192144388217,1
20260907,strong_linear,u_only_rf,env__v~tiankampmann2021%5Fcrispra__v~ipsc-induced%5Fneuron__v~rna__v~baseline,tian_neuron_crispra,20,0.5535458353021154,0.021937534694540396,0.03609022556390977,0.021052631578947368,1.005774372300088,1
20260907,strong_linear,u_only_rf,env__v~tiankampmann2021%5Fcrispri__v~ipsc-induced%5Fneuron__v~rna__v~baseline,tian_neuron_crispri,38,0.5176345632740859,0.002182103199424275,0.397964766385819,0.2916073968705548,0.9707962928108543,1
20260907,strong_linear,u_only_rf,env__v~xucao2023__v~hek293__v~rna__v~baseline,xu_he293,38,0.7079045683409456,0.01063718574005771,0.1902834008097166,0.15220483641536275,0.9710536628112674,1
20260917,mean_matching,ptl_rf,env__v~frangiehizar2021%5Frna__v~patient-derived%5Fmelanoma__v~rna__v~co-culture,frangieh_melanoma_coculture,50,0.7851480917250042,0.025005369824603715,,,0.9669183305034624,1
20260917,mean_matching,ptl_rf,env__v~frangiehizar2021%5Frna__v~patient-derived%5Fmelanoma__v~rna__v~control,frangieh_melanoma_control,50,0.6815695631814498,0.02761845776665013,,,0.9460585305875805,1
20260917,mean_matching,ptl_rf,env__v~frangiehizar2021%5Frna__v~patient-derived%5Fmelanoma__v~rna__v~ifn%CE%B3,frangieh_melanoma_ifng,50,0.7004719547236695,0.04378965164710138,,,0.8909156983427587,1
20260917,mean_matching,ptl_rf,env__v~normanweissman2019%5Ffiltered__v~k562__v~rna__v~baseline,norman_k562,48,0.25627988566321447,0.029945189647901275,0.5228478609796295,0.36193545594064563,0.7318444897994838,1
20260917,mean_matching,ptl_rf,env__v~replogleweissman2022%5Frpe1__v~rpe1__v~rna__v~baseline,replogle_rpe1,33,0.8098866379896269,0.045643749177159465,,,1.0631944252741463,1
20260917,mean_matching,ptl_rf,env__v~tiankampmann2021%5Fcrispra__v~ipsc-induced%5Fneuron__v~rna__v~baseline,tian_neuron_crispra,20,0.47528698564908584,0.010194725095886314,,,1.0016490657837573,1
20260917,mean_matching,ptl_rf,env__v~tiankampmann2021%5Fcrispri__v~ipsc-induced%5Fneuron__v~rna__v~baseline,tian_neuron_crispri,38,0.48744045213398496,0.002744944569421612,,,1.013131772103406,1
20260917,mean_matching,ptl_rf,env__v~xucao2023__v~hek293__v~rna__v~baseline,xu_he293,38,0.6396564315032188,0.012457132426243106,,,0.9799275572408558,1
20260917,mean_matching,raw_normalized_uq,env__v~frangiehizar2021%5Frna__v~patient-derived%5Fmelanoma__v~rna__v~co-culture,frangieh_melanoma_coculture,50,0.7851480917250042,0.025005369824603715,,,0.9669183305034624,1
20260917,mean_matching,raw_normalized_uq,env__v~frangiehizar2021%5Frna__v~patient-derived%5Fmelanoma__v~rna__v~control,frangieh_melanoma_control,50,0.6815695631814498,0.02761845776665013,,,0.9460585305875805,1
20260917,mean_matching,raw_normalized_uq,env__v~frangiehizar2021%5Frna__v~patient-derived%5Fmelanoma__v~rna__v~ifn%CE%B3,frangieh_melanoma_ifng,50,0.7004719547236695,0.04378965164710138,,,0.8909156983427587,1
20260917,mean_matching,raw_normalized_uq,env__v~normanweissman2019%5Ffiltered__v~k562__v~rna__v~baseline,norman_k562,48,0.25627988566321447,0.029945189647901275,-0.3809510817526507,-0.25666909330655824,1.1692697563099157,1
20260917,mean_matching,raw_normalized_uq,env__v~replogleweissman2022%5Frpe1__v~rpe1__v~rna__v~baseline,replogle_rpe1,33,0.8098866379896269,0.045643749177159465,,,1.0631944252741463,1
20260917,mean_matching,raw_normalized_uq,env__v~tiankampmann2021%5Fcrispra__v~ipsc-induced%5Fneuron__v~rna__v~baseline,tian_neuron_crispra,20,0.47528698564908584,0.010194725095886314,,,1.0016490657837573,1
20260917,mean_matching,raw_normalized_uq,env__v~tiankampmann2021%5Fcrispri__v~ipsc-induced%5Fneuron__v~rna__v~baseline,tian_neuron_crispri,38,0.48744045213398496,0.002744944569421612,,,1.013131772103406,1
20260917,mean_matching,raw_normalized_uq,env__v~xucao2023__v~hek293__v~rna__v~baseline,xu_he293,38,0.6396564315032188,0.012457132426243106,,,0.9799275572408558,1
20260917,mean_matching,u_only_rf,env__v~frangiehizar2021%5Frna__v~patient-derived%5Fmelanoma__v~rna__v~co-culture,frangieh_melanoma_coculture,50,0.7851480917250042,0.025005369824603715,,,0.9669183305034624,1
20260917,mean_matching,u_only_rf,env__v~frangiehizar2021%5Frna__v~patient-derived%5Fmelanoma__v~rna__v~control,frangieh_melanoma_control,50,0.6815695631814498,0.02761845776665013,,,0.9460585305875805,1
20260917,mean_matching,u_only_rf,env__v~frangiehizar2021%5Frna__v~patient-derived%5Fmelanoma__v~rna__v~ifn%CE%B3,frangieh_melanoma_ifng,50,0.7004719547236695,0.04378965164710138,,,0.8909156983427587,1
20260917,mean_matching,u_only_rf,env__v~normanweissman2019%5Ffiltered__v~k562__v~rna__v~baseline,norman_k562,48,0.25627988566321447,0.029945189647901275,-0.07412907019461625,-0.07045116762412336,1.0023236845656038,1
20260917,mean_matching,u_only_rf,env__v~replogleweissman2022%5Frpe1__v~rpe1__v~rna__v~baseline,replogle_rpe1,33,0.8098866379896269,0.045643749177159465,,,1.0631944252741463,1
20260917,mean_matching,u_only_rf,env__v~tiankampmann2021%5Fcrispra__v~ipsc-induced%5Fneuron__v~rna__v~baseline,tian_neuron_crispra,20,0.47528698564908584,0.010194725095886314,,,1.0016490657837573,1
20260917,mean_matching,u_only_rf,env__v~tiankampmann2021%5Fcrispri__v~ipsc-induced%5Fneuron__v~rna__v~baseline,tian_neuron_crispri,38,0.48744045213398496,0.002744944569421612,,,1.013131772103406,1
20260917,mean_matching,u_only_rf,env__v~xucao2023__v~hek293__v~rna__v~baseline,xu_he293,38,0.6396564315032188,0.012457132426243106,,,0.9799275572408558,1
20260917,slim_string,ptl_rf,env__v~frangiehizar2021%5Frna__v~patient-derived%5Fmelanoma__v~rna__v~co-culture,frangieh_melanoma_coculture,50,0.9110251915055768,0.025071672387125037,0.15951009105510794,0.10229163395110799,0.961653089598482,1
20260917,slim_string,ptl_rf,env__v~frangiehizar2021%5Frna__v~patient-derived%5Fmelanoma__v~rna__v~control,frangieh_melanoma_control,50,0.852576191296051,0.02068414666110595,0.5174566608894247,0.37760551467581127,0.9075795026963923,1
20260917,slim_string,ptl_rf,env__v~frangiehizar2021%5Frna__v~patient-derived%5Fmelanoma__v~rna__v~ifn%CE%B3,frangieh_melanoma_ifng,50,0.8194399608319081,0.021080881031957155,0.4953122727355904,0.35242156968201793,0.8976850065594661,1
20260917,slim_string,ptl_rf,env__v~normanweissman2019%5Ffiltered__v~k562__v~rna__v~baseline,norman_k562,48,0.38911349439668513,0.08247569996489675,0.6792227529309596,0.5017730496453902,0.6277596009409423,1
20260917,slim_string,ptl_rf,env__v~replogleweissman2022%5Frpe1__v~rpe1__v~rna__v~baseline,replogle_rpe1,33,0.9372413517661246,0.03183822537122616,0.058489304812834236,0.034090909090909095,1.0060478422068961,1
20260917,slim_string,ptl_rf,env__v~tiankampmann2021%5Fcrispra__v~ipsc-induced%5Fneuron__v~rna__v~baseline,tian_neuron_crispra,20,0.6037661150665821,0.030105963887602883,0.1857841425103294,0.1319265805961049,0.9232537139336489,1
20260917,slim_string,ptl_rf,env__v~tiankampmann2021%5Fcrispri__v~ipsc-induced%5Fneuron__v~rna__v~baseline,tian_neuron_crispri,38,0.6362987969815631,0.01000068879839509,0.7605650362210866,0.5814339111522747,0.9129357362391802,1
20260917,slim_string,ptl_rf,env__v~xucao2023__v~hek293__v~rna__v~baseline,xu_he293,38,0.7943405410212027,0.011186490610662108,0.3572796416137234,0.2676157261472778,0.9367899769659032,1
20260917,slim_string,raw_normalized_uq,env__v~frangiehizar2021%5Frna__v~patient-derived%5Fmelanoma__v~rna__v~co-culture,frangieh_melanoma_coculture,50,0.9110251915055768,0.025071672387125037,0.34794516867988556,0.23800092427173364,0.955608928045823,1
20260917,slim_string,raw_normalized_uq,env__v~frangiehizar2021%5Frna__v~patient-derived%5Fmelanoma__v~rna__v~control,frangieh_melanoma_control,50,0.852576191296051,0.02068414666110595,0.4534364427367915,0.33237958793552663,0.9153698882919573,1
20260917,slim_string,raw_normalized_uq,env__v~frangiehizar2021%5Frna__v~patient-derived%5Fmelanoma__v~rna__v~ifn%CE%B3,frangieh_melanoma_ifng,50,0.8194399608319081,0.021080881031957155,0.527293463372706,0.3740960154232632,0.892496718886087,1
20260917,slim_string,raw_normalized_uq,env__v~normanweissman2019%5Ffiltered__v~k562__v~rna__v~baseline,norman_k562,48,0.38911349439668513,0.08247569996489675,0.583344724510295,0.41927668473248464,0.6722569885546733,1
20260917,slim_string,raw_normalized_uq,env__v~replogleweissman2022%5Frpe1__v~rpe1__v~rna__v~baseline,replogle_rpe1,33,0.9372413517661246,0.03183822537122616,0.09727141660981388,0.07425501618833578,1.007021560925277,1
20260917,slim_string,raw_normalized_uq,env__v~tiankampmann2021%5Fcrispra__v~ipsc-induced%5Fneuron__v~rna__v~baseline,tian_neuron_crispra,20,0.6037661150665821,0.030105963887602883,0.14683751591939953,0.10638899909514296,0.9894141956590071,1
20260917,slim_string,raw_normalized_uq,env__v~tiankampmann2021%5Fcrispri__v~ipsc-induced%5Fneuron__v~rna__v~baseline,tian_neuron_crispri,38,0.6362987969815631,0.01000068879839509,0.7389521848397412,0.558126849172015,0.9018739886683291,1
20260917,slim_string,raw_normalized_uq,env__v~xucao2023__v~hek293__v~rna__v~baseline,xu_he293,38,0.7943405410212027,0.011186490610662108,0.35316660916988046,0.25322303024518283,0.940054676563298,1
20260917,slim_string,u_only_rf,env__v~frangiehizar2021%5Frna__v~patient-derived%5Fmelanoma__v~rna__v~co-culture,frangieh_melanoma_coculture,50,0.9110251915055768,0.025071672387125037,0.11657060854885484,0.06628497880031799,0.9397255279212815,1
20260917,slim_string,u_only_rf,env__v~frangiehizar2021%5Frna__v~patient-derived%5Fmelanoma__v~rna__v~control,frangieh_melanoma_control,50,0.852576191296051,0.02068414666110595,0.22479950158917839,0.1503883435072495,0.929430701123652,1
20260917,slim_string,u_only_rf,env__v~frangiehizar2021%5Frna__v~patient-derived%5Fmelanoma__v~rna__v~ifn%CE%B3,frangieh_melanoma_ifng,50,0.8194399608319081,0.021080881031957155,0.36231220027790256,0.2354966563763017,0.9198669272183735,1
20260917,slim_string,u_only_rf,env__v~normanweissman2019%5Ffiltered__v~k562__v~rna__v~baseline,norman_k562,48,0.38911349439668513,0.08247569996489675,0.6324359531046461,0.448581560283688,0.6506665472636353,1
20260917,slim_string,u_only_rf,env__v~replogleweissman2022%5Frpe1__v~rpe1__v~rna__v~baseline,replogle_rpe1,33,0.9372413517661246,0.03183822537122616,-0.0945855614973262,-0.06818181818181819,1.0143044041236737,1
20260917,slim_string,u_only_rf,env__v~tiankampmann2021%5Fcrispra__v~ipsc-induced%5Fneuron__v~rna__v~baseline,tian_neuron_crispra,20,0.6037661150665821,0.030105963887602883,0.19481009275374622,0.11081832770072811,1.0668121714307799,1
20260917,slim_string,u_only_rf,env__v~tiankampmann2021%5Fcrispri__v~ipsc-induced%5Fneuron__v~rna__v~baseline,tian_neuron_crispri,38,0.6362987969815631,0.01000068879839509,0.5700679636682306,0.4128609344545636,0.9311027225736218,1
20260917,slim_string,u_only_rf,env__v~xucao2023__v~hek293__v~rna__v~baseline,xu_he293,38,0.7943405410212027,0.011186490610662108,0.05110247860141159,0.02562278229069681,0.9524438387495864,1
20260917,strong_linear,ptl_rf,env__v~frangiehizar2021%5Frna__v~patient-derived%5Fmelanoma__v~rna__v~co-culture,frangieh_melanoma_coculture,50,0.8420442606435,0.013190835575009212,0.31349664688849427,0.2070382671170426,0.9650252979116778,1
20260917,strong_linear,ptl_rf,env__v~frangiehizar2021%5Frna__v~patient-derived%5Fmelanoma__v~rna__v~control,frangieh_melanoma_control,50,0.729732034711139,0.023707547254449172,0.501044442988189,0.36586364830401885,0.9324940765044927,1
20260917,strong_linear,ptl_rf,env__v~frangiehizar2021%5Frna__v~patient-derived%5Fmelanoma__v~rna__v~ifn%CE%B3,frangieh_melanoma_ifng,50,0.7511083335760779,0.026974818399441894,0.46565803456165955,0.3183315648558481,0.9129224217058807,1
20260917,strong_linear,ptl_rf,env__v~normanweissman2019%5Ffiltered__v~k562__v~rna__v~baseline,norman_k562,48,0.38240717493505133,0.08731037480958122,0.33033000434216236,0.2393617021276596,0.8889571228673794,1
20260917,strong_linear,ptl_rf,env__v~replogleweissman2022%5Frpe1__v~rpe1__v~rna__v~baseline,replogle_rpe1,33,0.8559647240279925,0.043926877544447865,0.4117999623481191,0.3584165442934921,0.948593964448339,1
20260917,strong_linear,ptl_rf,env__v~tiankampmann2021%5Fcrispra__v~ipsc-induced%5Fneuron__v~rna__v~baseline,tian_neuron_crispra,20,0.4679294840011433,0.009652119064116421,-0.31139528339788003,-0.20580546572992364,1.0503459150402528,1
20260917,strong_linear,ptl_rf,env__v~tiankampmann2021%5Fcrispri__v~ipsc-induced%5Fneuron__v~rna__v~baseline,tian_neuron_crispri,38,0.5116568874831448,0.0032501424405511035,0.5131185954550206,0.3383617739780041,0.962697599970857,1
20260917,strong_linear,ptl_rf,env__v~xucao2023__v~hek293__v~rna__v~baseline,xu_he293,38,0.6900974391431918,0.010653351944663797,0.48769011926906664,0.33712660028449504,0.9424543541240171,1
20260917,strong_linear,raw_normalized_uq,env__v~frangiehizar2021%5Frna__v~patient-derived%5Fmelanoma__v~rna__v~co-culture,frangieh_melanoma_coculture,50,0.8420442606435,0.013190835575009212,0.3197310163067217,0.21156426729430744,0.9672192928537652,1
20260917,strong_linear,raw_normalized_uq,env__v~frangiehizar2021%5Frna__v~patient-derived%5Fmelanoma__v~rna__v~control,frangieh_melanoma_control,50,0.729732034711139,0.023707547254449172,0.42137369130576996,0.3057402726212416,0.9287890828841658,1
20260917,strong_linear,raw_normalized_uq,env__v~frangiehizar2021%5Frna__v~patient-derived%5Fmelanoma__v~rna__v~ifn%CE%B3,frangieh_melanoma_ifng,50,0.7511083335760779,0.026974818399441894,0.37536631488759475,0.2452859901266344,0.9333586149846776,1
20260917,strong_linear,raw_normalized_uq,env__v~normanweissman2019%5Ffiltered__v~k562__v~rna__v~baseline,norman_k562,48,0.38240717493505133,0.08731037480958122,0.2565759190551867,0.16014336282386155,0.8204304237679029,1
20260917,strong_linear,raw_normalized_uq,env__v~replogleweissman2022%5Frpe1__v~rpe1__v~rna__v~baseline,replogle_rpe1,33,0.8559647240279925,0.043926877544447865,0.4175099389441583,0.34707937813820144,0.9521055194220515,1
20260917,strong_linear,raw_normalized_uq,env__v~tiankampmann2021%5Fcrispra__v~ipsc-induced%5Fneuron__v~rna__v~baseline,tian_neuron_crispra,20,0.4679294840011433,0.009652119064116421,-0.3226777212021511,-0.21635959217761205,1.0715268463627499,1
20260917,strong_linear,raw_normalized_uq,env__v~tiankampmann2021%5Fcrispri__v~ipsc-induced%5Fneuron__v~rna__v~baseline,tian_neuron_crispri,38,0.5116568874831448,0.0032501424405511035,0.44581876309009655,0.2883672897061899,0.9782265758405538,1
20260917,strong_linear,raw_normalized_uq,env__v~xucao2023__v~hek293__v~rna__v~baseline,xu_he293,38,0.6900974391431918,0.010653351944663797,0.47553370732894373,0.34024728993638315,0.9425178245309972,1
20260917,strong_linear,u_only_rf,env__v~frangiehizar2021%5Frna__v~patient-derived%5Fmelanoma__v~rna__v~co-culture,frangieh_melanoma_coculture,50,0.8420442606435,0.013190835575009212,0.31791547506587153,0.22667826083565534,0.9522851423743931,1
20260917,strong_linear,u_only_rf,env__v~frangiehizar2021%5Frna__v~patient-derived%5Fmelanoma__v~rna__v~control,frangieh_melanoma_control,50,0.729732034711139,0.023707547254449172,0.528896252163304,0.3838301667475198,0.9230370616186865,1
20260917,strong_linear,u_only_rf,env__v~frangiehizar2021%5Frna__v~patient-derived%5Fmelanoma__v~rna__v~ifn%CE%B3,frangieh_melanoma_ifng,50,0.7511083335760779,0.026974818399441894,0.4491786208388481,0.30971124072525835,0.9109919036907411,1
20260917,strong_linear,u_only_rf,env__v~normanweissman2019%5Ffiltered__v~k562__v~rna__v~baseline,norman_k562,48,0.38240717493505133,0.08731037480958122,0.184433347807208,0.12943262411347517,0.867650434505398,1
20260917,strong_linear,u_only_rf,env__v~replogleweissman2022%5Frpe1__v~rpe1__v~rna__v~baseline,replogle_rpe1,33,0.8559647240279925,0.043926877544447865,0.38685212617412224,0.26220221204253785,0.9281217523985776,1
20260917,strong_linear,u_only_rf,env__v~tiankampmann2021%5Fcrispra__v~ipsc-induced%5Fneuron__v~rna__v~baseline,tian_neuron_crispra,20,0.4679294840011433,0.009652119064116421,-0.2572395819373792,-0.18469721283454688,1.0267528588558565,1
20260917,strong_linear,u_only_rf,env__v~tiankampmann2021%5Fcrispri__v~ipsc-induced%5Fneuron__v~rna__v~baseline,tian_neuron_crispri,38,0.5116568874831448,0.0032501424405511035,0.4763103184155816,0.29445234708392604,0.969117149684151,1
20260917,strong_linear,u_only_rf,env__v~xucao2023__v~hek293__v~rna__v~baseline,xu_he293,38,0.6900974391431918,0.010653351944663797,0.4813436918700077,0.35135135135135137,0.947289198605262,1
20260927,mean_matching,ptl_rf,env__v~frangiehizar2021%5Frna__v~patient-derived%5Fmelanoma__v~rna__v~co-culture,frangieh_melanoma_coculture,50,0.7999835226659839,0.028646576378922164,,,0.9462912133036544,1
20260927,mean_matching,ptl_rf,env__v~frangiehizar2021%5Frna__v~patient-derived%5Fmelanoma__v~rna__v~control,frangieh_melanoma_control,50,0.658193413291486,0.03790728180492776,,,0.9273573837032991,1
20260927,mean_matching,ptl_rf,env__v~frangiehizar2021%5Frna__v~patient-derived%5Fmelanoma__v~rna__v~ifn%CE%B3,frangieh_melanoma_ifng,50,0.6702921053489773,0.029828165814251496,,,0.9389088293221578,1
20260927,mean_matching,ptl_rf,env__v~normanweissman2019%5Ffiltered__v~k562__v~rna__v~baseline,norman_k562,48,0.2197772872968615,0.026627848531581965,0.2534319778330799,0.1693916429270603,0.8520759417365764,1
20260927,mean_matching,ptl_rf,env__v~replogleweissman2022%5Frpe1__v~rpe1__v~rna__v~baseline,replogle_rpe1,33,0.8923877808904215,0.02860475944854997,,,1.0447259537087872,1
20260927,mean_matching,ptl_rf,env__v~tiankampmann2021%5Fcrispra__v~ipsc-induced%5Fneuron__v~rna__v~baseline,tian_neuron_crispra,20,0.4852203368253461,0.006473085053235724,,,1.007403187231941,1
20260927,mean_matching,ptl_rf,env__v~tiankampmann2021%5Fcrispri__v~ipsc-induced%5Fneuron__v~rna__v~baseline,tian_neuron_crispri,38,0.5031187173349243,0.004731943674858805,,,1.0044423785478949,1
20260927,mean_matching,ptl_rf,env__v~xucao2023__v~hek293__v~rna__v~baseline,xu_he293,38,0.6403529925974496,0.016141127834117253,,,0.9615992535320987,1
20260927,mean_matching,raw_normalized_uq,env__v~frangiehizar2021%5Frna__v~patient-derived%5Fmelanoma__v~rna__v~co-culture,frangieh_melanoma_coculture,50,0.7999835226659839,0.028646576378922164,,,0.9462912133036544,1
20260927,mean_matching,raw_normalized_uq,env__v~frangiehizar2021%5Frna__v~patient-derived%5Fmelanoma__v~rna__v~control,frangieh_melanoma_control,50,0.658193413291486,0.03790728180492776,,,0.9273573837032991,1
20260927,mean_matching,raw_normalized_uq,env__v~frangiehizar2021%5Frna__v~patient-derived%5Fmelanoma__v~rna__v~ifn%CE%B3,frangieh_melanoma_ifng,50,0.6702921053489773,0.029828165814251496,,,0.9389088293221578,1
20260927,mean_matching,raw_normalized_uq,env__v~normanweissman2019%5Ffiltered__v~k562__v~rna__v~baseline,norman_k562,48,0.2197772872968615,0.026627848531581965,-0.09335992053437304,-0.06553692460572663,1.0973439021757951,1
20260927,mean_matching,raw_normalized_uq,env__v~replogleweissman2022%5Frpe1__v~rpe1__v~rna__v~baseline,replogle_rpe1,33,0.8923877808904215,0.02860475944854997,,,1.0447259537087872,1
20260927,mean_matching,raw_normalized_uq,env__v~tiankampmann2021%5Fcrispra__v~ipsc-induced%5Fneuron__v~rna__v~baseline,tian_neuron_crispra,20,0.4852203368253461,0.006473085053235724,,,1.007403187231941,1
20260927,mean_matching,raw_normalized_uq,env__v~tiankampmann2021%5Fcrispri__v~ipsc-induced%5Fneuron__v~rna__v~baseline,tian_neuron_crispri,38,0.5031187173349243,0.004731943674858805,,,1.0044423785478949,1
20260927,mean_matching,raw_normalized_uq,env__v~xucao2023__v~hek293__v~rna__v~baseline,xu_he293,38,0.6403529925974496,0.016141127834117253,,,0.9615992535320987,1
20260927,mean_matching,u_only_rf,env__v~frangiehizar2021%5Frna__v~patient-derived%5Fmelanoma__v~rna__v~co-culture,frangieh_melanoma_coculture,50,0.7999835226659839,0.028646576378922164,,,0.9462912133036544,1
20260927,mean_matching,u_only_rf,env__v~frangiehizar2021%5Frna__v~patient-derived%5Fmelanoma__v~rna__v~control,frangieh_melanoma_control,50,0.658193413291486,0.03790728180492776,,,0.9273573837032991,1
20260927,mean_matching,u_only_rf,env__v~frangiehizar2021%5Frna__v~patient-derived%5Fmelanoma__v~rna__v~ifn%CE%B3,frangieh_melanoma_ifng,50,0.6702921053489773,0.029828165814251496,,,0.9389088293221578,1
20260927,mean_matching,u_only_rf,env__v~normanweissman2019%5Ffiltered__v~k562__v~rna__v~baseline,norman_k562,48,0.2197772872968615,0.026627848531581965,0.08560272220747778,0.08469582146353015,1.0811022972937856,1
20260927,mean_matching,u_only_rf,env__v~replogleweissman2022%5Frpe1__v~rpe1__v~rna__v~baseline,replogle_rpe1,33,0.8923877808904215,0.02860475944854997,,,1.0447259537087872,1
20260927,mean_matching,u_only_rf,env__v~tiankampmann2021%5Fcrispra__v~ipsc-induced%5Fneuron__v~rna__v~baseline,tian_neuron_crispra,20,0.4852203368253461,0.006473085053235724,,,1.007403187231941,1
20260927,mean_matching,u_only_rf,env__v~tiankampmann2021%5Fcrispri__v~ipsc-induced%5Fneuron__v~rna__v~baseline,tian_neuron_crispri,38,0.5031187173349243,0.004731943674858805,,,1.0044423785478949,1
20260927,mean_matching,u_only_rf,env__v~xucao2023__v~hek293__v~rna__v~baseline,xu_he293,38,0.6403529925974496,0.016141127834117253,,,0.9615992535320987,1
20260927,slim_string,ptl_rf,env__v~frangiehizar2021%5Frna__v~patient-derived%5Fmelanoma__v~rna__v~co-culture,frangieh_melanoma_coculture,50,0.8850755973765672,0.021623296800788193,0.4290656272238554,0.2991828405006788,0.9124181422764552,1
20260927,slim_string,ptl_rf,env__v~frangiehizar2021%5Frna__v~patient-derived%5Fmelanoma__v~rna__v~control,frangieh_melanoma_control,50,0.8596449355047814,0.021897039660472444,0.6476580137280029,0.46803671760517146,0.8852471420346271,1
20260927,slim_string,ptl_rf,env__v~frangiehizar2021%5Frna__v~patient-derived%5Fmelanoma__v~rna__v~ifn%CE%B3,frangieh_melanoma_ifng,50,0.8481446066668066,0.025031695899369637,0.4282284032622738,0.307315310645249,0.9101122483446599,1
20260927,slim_string,ptl_rf,env__v~normanweissman2019%5Ffiltered__v~k562__v~rna__v~baseline,norman_k562,48,0.39323881601555105,0.11970093964778639,0.7021276595744681,0.5106382978723405,0.5756073839178091,1
20260927,slim_string,ptl_rf,env__v~replogleweissman2022%5Frpe1__v~rpe1__v~rna__v~baseline,replogle_rpe1,33,0.9758947012337114,0.01299290538807323,0.28743315508021394,0.21590909090909094,0.9602710680405651,1
20260927,slim_string,ptl_rf,env__v~tiankampmann2021%5Fcrispra__v~ipsc-induced%5Fneuron__v~rna__v~baseline,tian_neuron_crispra,20,0.6058781042575914,0.004355152556462333,0.19548872180451127,0.1368421052631579,0.9897703739150814,1
20260927,slim_string,ptl_rf,env__v~tiankampmann2021%5Fcrispri__v~ipsc-induced%5Fneuron__v~rna__v~baseline,tian_neuron_crispri,38,0.6104057909814045,0.006125502956061499,0.7947693834733455,0.6007118959263363,0.9189414183788304,1
20260927,slim_string,ptl_rf,env__v~xucao2023__v~hek293__v~rna__v~baseline,xu_he293,38,0.8007143123986517,0.007654160895571257,0.29204508151876574,0.20341394025604553,0.9780775949958764,1
20260927,slim_string,raw_normalized_uq,env__v~frangiehizar2021%5Frna__v~patient-derived%5Fmelanoma__v~rna__v~co-culture,frangieh_melanoma_coculture,50,0.8850755973765672,0.021623296800788193,0.5899765882575775,0.4268209011989523,0.9161711145442264,1
20260927,slim_string,raw_normalized_uq,env__v~frangiehizar2021%5Frna__v~patient-derived%5Fmelanoma__v~rna__v~control,frangieh_melanoma_control,50,0.8596449355047814,0.021897039660472444,0.6639119192272337,0.5146036019541729,0.887941471125977,1
20260927,slim_string,raw_normalized_uq,env__v~frangiehizar2021%5Frna__v~patient-derived%5Fmelanoma__v~rna__v~ifn%CE%B3,frangieh_melanoma_ifng,50,0.8481446066668066,0.025031695899369637,0.3314997178861836,0.23090063385799608,0.9325540273758526,1
20260927,slim_string,raw_normalized_uq,env__v~normanweissman2019%5Ffiltered__v~k562__v~rna__v~baseline,norman_k562,48,0.39323881601555105,0.11970093964778639,0.6842934179050827,0.49755628304688776,0.5909636678696718,1
20260927,slim_string,raw_normalized_uq,env__v~replogleweissman2022%5Frpe1__v~rpe1__v~rna__v~baseline,replogle_rpe1,33,0.9758947012337114,0.01299290538807323,0.2091702008124372,0.15149786603371174,0.9709361424510229,1
20260927,slim_string,raw_normalized_uq,env__v~tiankampmann2021%5Fcrispra__v~ipsc-induced%5Fneuron__v~rna__v~baseline,tian_neuron_crispra,20,0.6058781042575914,0.004355152556462333,0.42421966144059026,0.2902384773114308,0.9636986523696591,1
20260927,slim_string,raw_normalized_uq,env__v~tiankampmann2021%5Fcrispri__v~ipsc-induced%5Fneuron__v~rna__v~baseline,tian_neuron_crispri,38,0.6104057909814045,0.006125502956061499,0.7695003396946963,0.582269905705025,0.9264961557559134,1
20260927,slim_string,raw_normalized_uq,env__v~xucao2023__v~hek293__v~rna__v~baseline,xu_he293,38,0.8007143123986517,0.007654160895571257,0.34493708835025355,0.2401745576021528,0.9699611470888427,1
20260927,slim_string,u_only_rf,env__v~frangiehizar2021%5Frna__v~patient-derived%5Fmelanoma__v~rna__v~co-culture,frangieh_melanoma_coculture,50,0.8850755973765672,0.021623296800788193,0.38131159817217997,0.27623182807870894,0.9234652107363028,1
20260927,slim_string,u_only_rf,env__v~frangiehizar2021%5Frna__v~patient-derived%5Fmelanoma__v~rna__v~control,frangieh_melanoma_control,50,0.8596449355047814,0.021897039660472444,0.5271679685956068,0.3713145938268699,0.89943651937284,1
20260927,slim_string,u_only_rf,env__v~frangiehizar2021%5Frna__v~patient-derived%5Fmelanoma__v~rna__v~ifn%CE%B3,frangieh_melanoma_ifng,50,0.8481446066668066,0.025031695899369637,0.1923353992447467,0.1193298812611871,0.9394888722073493,1
20260927,slim_string,u_only_rf,env__v~normanweissman2019%5Ffiltered__v~k562__v~rna__v~baseline,norman_k562,48,0.39323881601555105,0.11970093964778639,0.7267694311767261,0.5301418439716312,0.5650355160795811,1
20260927,slim_string,u_only_rf,env__v~replogleweissman2022%5Frpe1__v~rpe1__v~rna__v~baseline,replogle_rpe1,33,0.9758947012337114,0.01299290538807323,0.22359625668449198,0.16666666666666666,0.9687260356330292,1
20260927,slim_string,u_only_rf,env__v~tiankampmann2021%5Fcrispra__v~ipsc-induced%5Fneuron__v~rna__v~baseline,tian_neuron_crispra,20,0.6058781042575914,0.004355152556462333,0.24360902255639094,0.1368421052631579,0.9722081960771526,1
20260927,slim_string,u_only_rf,env__v~tiankampmann2021%5Fcrispri__v~ipsc-induced%5Fneuron__v~rna__v~baseline,tian_neuron_crispri,38,0.6104057909814045,0.006125502956061499,0.42074738805659,0.31032036329843915,0.9592890281361449,1
20260927,slim_string,u_only_rf,env__v~xucao2023__v~hek293__v~rna__v~baseline,xu_he293,38,0.8007143123986517,0.007654160895571257,-0.011270379691432322,-0.021337126600284497,0.995625186376615,1
20260927,strong_linear,ptl_rf,env__v~frangiehizar2021%5Frna__v~patient-derived%5Fmelanoma__v~rna__v~co-culture,frangieh_melanoma_coculture,50,0.8657911217004812,0.014980743015847309,0.5859270101720149,0.43617152716752455,0.9243030981533872,1
20260927,strong_linear,ptl_rf,env__v~frangiehizar2021%5Frna__v~patient-derived%5Fmelanoma__v~rna__v~control,frangieh_melanoma_control,50,0.7210587900141262,0.02080350356961644,0.6129318832951165,0.44262968165352284,0.9000427069634135,1
20260927,strong_linear,ptl_rf,env__v~frangiehizar2021%5Frna__v~patient-derived%5Fmelanoma__v~rna__v~ifn%CE%B3,frangieh_melanoma_ifng,50,0.76040564627978,0.0246847619413472,0.7304201680672269,0.5379591836734694,0.8738129918857719,1
20260927,strong_linear,ptl_rf,env__v~normanweissman2019%5Ffiltered__v~k562__v~rna__v~baseline,norman_k562,48,0.3496551892925332,0.10613222877169204,0.10366912722535823,0.06382978723404256,1.0369753785276254,1
20260927,strong_linear,ptl_rf,env__v~replogleweissman2022%5Frpe1__v~rpe1__v~rna__v~baseline,replogle_rpe1,33,0.8691240908540327,0.05127701737083602,0.12754601078752456,0.08646430798325933,0.9690050604179995,1
20260927,strong_linear,ptl_rf,env__v~tiankampmann2021%5Fcrispra__v~ipsc-induced%5Fneuron__v~rna__v~baseline,tian_neuron_crispra,20,0.5242985541105827,0.00596139912144712,0.08571428571428572,0.06315789473684211,0.9984898889265773,1
20260927,strong_linear,ptl_rf,env__v~tiankampmann2021%5Fcrispri__v~ipsc-induced%5Fneuron__v~rna__v~baseline,tian_neuron_crispri,38,0.5166358942441208,0.005579653575873132,0.2673451537128703,0.18376087020495313,0.973854116970494,1
20260927,strong_linear,ptl_rf,env__v~xucao2023__v~hek293__v~rna__v~baseline,xu_he293,38,0.7119130597352781,0.01368470901000305,0.3211511106247948,0.22048364153627312,0.965894130253875,1
20260927,strong_linear,raw_normalized_uq,env__v~frangiehizar2021%5Frna__v~patient-derived%5Fmelanoma__v~rna__v~co-culture,frangieh_melanoma_coculture,50,0.8657911217004812,0.014980743015847309,0.4790816280422457,0.3267830803363047,0.9171592044259573,1
20260927,strong_linear,raw_normalized_uq,env__v~frangiehizar2021%5Frna__v~patient-derived%5Fmelanoma__v~rna__v~control,frangieh_melanoma_control,50,0.7210587900141262,0.02080350356961644,0.5721832736364835,0.40343820430316996,0.9059050637422412,1
20260927,strong_linear,raw_normalized_uq,env__v~frangiehizar2021%5Frna__v~patient-derived%5Fmelanoma__v~rna__v~ifn%CE%B3,frangieh_melanoma_ifng,50,0.76040564627978,0.0246847619413472,0.575229316392903,0.40801362815577014,0.8841002091608914,1
20260927,strong_linear,raw_normalized_uq,env__v~normanweissman2019%5Ffiltered__v~k562__v~rna__v~baseline,norman_k562,48,0.3496551892925332,0.10613222877169204,-0.061721358763962404,-0.039982328754173506,1.1003879463429496,1
20260927,strong_linear,raw_normalized_uq,env__v~replogleweissman2022%5Frpe1__v~rpe1__v~rna__v~baseline,replogle_rpe1,33,0.8691240908540327,0.05127701737083602,0.2188121519581668,0.16493695476798229,0.9369517996495458,1
20260927,strong_linear,raw_normalized_uq,env__v~tiankampmann2021%5Fcrispra__v~ipsc-induced%5Fneuron__v~rna__v~baseline,tian_neuron_crispra,20,0.5242985541105827,0.00596139912144712,0.04143133524028496,0.05319449954757148,1.0089498363901617,1
20260927,strong_linear,raw_normalized_uq,env__v~tiankampmann2021%5Fcrispri__v~ipsc-induced%5Fneuron__v~rna__v~baseline,tian_neuron_crispri,38,0.5166358942441208,0.005579653575873132,0.26230776384929305,0.16942589926363366,0.9686551039865153,1
20260927,strong_linear,raw_normalized_uq,env__v~xucao2023__v~hek293__v~rna__v~baseline,xu_he293,38,0.7119130597352781,0.01368470901000305,0.34329839257843464,0.2539548902402228,0.9561991973259354,1
20260927,strong_linear,u_only_rf,env__v~frangiehizar2021%5Frna__v~patient-derived%5Fmelanoma__v~rna__v~co-culture,frangieh_melanoma_coculture,50,0.8657911217004812,0.014980743015847309,0.4524015500295277,0.3166948987126304,0.9422336687533202,1
20260927,strong_linear,u_only_rf,env__v~frangiehizar2021%5Frna__v~patient-derived%5Fmelanoma__v~rna__v~control,frangieh_melanoma_control,50,0.7210587900141262,0.02080350356961644,0.4459170689657201,0.33156393127551714,0.930975976625083,1
20260927,strong_linear,u_only_rf,env__v~frangiehizar2021%5Frna__v~patient-derived%5Fmelanoma__v~rna__v~ifn%CE%B3,frangieh_melanoma_ifng,50,0.76040564627978,0.0246847619413472,0.5415126050420167,0.3746938775510204,0.9011757985720313,1
20260927,strong_linear,u_only_rf,env__v~normanweissman2019%5Ffiltered__v~k562__v~rna__v~baseline,norman_k562,48,0.3496551892925332,0.10613222877169204,0.041033434650455926,0.03900709219858157,0.9931606660291008,1
20260927,strong_linear,u_only_rf,env__v~replogleweissman2022%5Frpe1__v~rpe1__v~rna__v~baseline,replogle_rpe1,33,0.8691240908540327,0.05127701737083602,-0.05849350560426554,-0.055721442922544905,0.9841503119285089,1
20260927,strong_linear,u_only_rf,env__v~tiankampmann2021%5Fcrispra__v~ipsc-induced%5Fneuron__v~rna__v~baseline,tian_neuron_crispra,20,0.5242985541105827,0.00596139912144712,-0.0015037593984962405,-0.021052631578947368,1.0075177283710801,1
20260927,strong_linear,u_only_rf,env__v~tiankampmann2021%5Fcrispri__v~ipsc-induced%5Fneuron__v~rna__v~baseline,tian_neuron_crispri,38,0.5166358942441208,0.005579653575873132,0.14607725134040922,0.11806543385490756,0.9829207753772562,1
20260927,strong_linear,u_only_rf,env__v~xucao2023__v~hek293__v~rna__v~baseline,xu_he293,38,0.7119130597352781,0.01368470901000305,0.2734434839697997,0.1834992887624467,0.9649737861428925,1
20261007,mean_matching,ptl_rf,env__v~frangiehizar2021%5Frna__v~patient-derived%5Fmelanoma__v~rna__v~co-culture,frangieh_melanoma_coculture,50,0.775336959296516,0.02068569361836439,,,1.0024286636983957,1
20261007,mean_matching,ptl_rf,env__v~frangiehizar2021%5Frna__v~patient-derived%5Fmelanoma__v~rna__v~control,frangieh_melanoma_control,50,0.6459825760260859,0.02605213204559384,,,0.9685503354178014,1
20261007,mean_matching,ptl_rf,env__v~frangiehizar2021%5Frna__v~patient-derived%5Fmelanoma__v~rna__v~ifn%CE%B3,frangieh_melanoma_ifng,50,0.6677749424403653,0.04403878974773811,,,0.8909948194589307,1
20261007,mean_matching,ptl_rf,env__v~normanweissman2019%5Ffiltered__v~k562__v~rna__v~baseline,norman_k562,48,0.3173971389272282,0.0833960645856309,0.37921331162500727,0.2389367219114374,0.7788149637705467,1
20261007,mean_matching,ptl_rf,env__v~replogleweissman2022%5Frpe1__v~rpe1__v~rna__v~baseline,replogle_rpe1,33,0.8663258892046369,0.04592347137041556,,,0.996340094676592,1
20261007,mean_matching,ptl_rf,env__v~tiankampmann2021%5Fcrispra__v~ipsc-induced%5Fneuron__v~rna__v~baseline,tian_neuron_crispra,20,0.5555723691098464,0.030658691948381528,,,1.0299099049417337,1
20261007,mean_matching,ptl_rf,env__v~tiankampmann2021%5Fcrispri__v~ipsc-induced%5Fneuron__v~rna__v~baseline,tian_neuron_crispri,38,0.48768649927984364,0.003965290406849092,,,0.9954633196236263,1
20261007,mean_matching,ptl_rf,env__v~xucao2023__v~hek293__v~rna__v~baseline,xu_he293,38,0.6145267893252679,0.012183207903826994,,,0.9848962435841444,1
20261007,mean_matching,raw_normalized_uq,env__v~frangiehizar2021%5Frna__v~patient-derived%5Fmelanoma__v~rna__v~co-culture,frangieh_melanoma_coculture,50,0.775336959296516,0.02068569361836439,,,1.0024286636983957,1
20261007,mean_matching,raw_normalized_uq,env__v~frangiehizar2021%5Frna__v~patient-derived%5Fmelanoma__v~rna__v~control,frangieh_melanoma_control,50,0.6459825760260859,0.02605213204559384,,,0.9685503354178014,1
20261007,mean_matching,raw_normalized_uq,env__v~frangiehizar2021%5Frna__v~patient-derived%5Fmelanoma__v~rna__v~ifn%CE%B3,frangieh_melanoma_ifng,50,0.6677749424403653,0.04403878974773811,,,0.8909948194589307,1
20261007,mean_matching,raw_normalized_uq,env__v~normanweissman2019%5Ffiltered__v~k562__v~rna__v~baseline,norman_k562,48,0.3173971389272282,0.0833960645856309,-5.44234470981718e-05,-0.003627405115135897,1.0952243072394434,1
20261007,mean_matching,raw_normalized_uq,env__v~replogleweissman2022%5Frpe1__v~rpe1__v~rna__v~baseline,replogle_rpe1,33,0.8663258892046369,0.04592347137041556,,,0.996340094676592,1
20261007,mean_matching,raw_normalized_uq,env__v~tiankampmann2021%5Fcrispra__v~ipsc-induced%5Fneuron__v~rna__v~baseline,tian_neuron_crispra,20,0.5555723691098464,0.030658691948381528,,,1.0299099049417337,1
20261007,mean_matching,raw_normalized_uq,env__v~tiankampmann2021%5Fcrispri__v~ipsc-induced%5Fneuron__v~rna__v~baseline,tian_neuron_crispri,38,0.48768649927984364,0.003965290406849092,,,0.9954633196236263,1
20261007,mean_matching,raw_normalized_uq,env__v~xucao2023__v~hek293__v~rna__v~baseline,xu_he293,38,0.6145267893252679,0.012183207903826994,,,0.9848962435841444,1
20261007,mean_matching,u_only_rf,env__v~frangiehizar2021%5Frna__v~patient-derived%5Fmelanoma__v~rna__v~co-culture,frangieh_melanoma_coculture,50,0.775336959296516,0.02068569361836439,,,1.0024286636983957,1
20261007,mean_matching,u_only_rf,env__v~frangiehizar2021%5Frna__v~patient-derived%5Fmelanoma__v~rna__v~control,frangieh_melanoma_control,50,0.6459825760260859,0.02605213204559384,,,0.9685503354178014,1
20261007,mean_matching,u_only_rf,env__v~frangiehizar2021%5Frna__v~patient-derived%5Fmelanoma__v~rna__v~ifn%CE%B3,frangieh_melanoma_ifng,50,0.6677749424403653,0.04403878974773811,,,0.8909948194589307,1
20261007,mean_matching,u_only_rf,env__v~normanweissman2019%5Ffiltered__v~k562__v~rna__v~baseline,norman_k562,48,0.3173971389272282,0.0833960645856309,0.05742104630183432,0.01077284357109812,1.1016556690098416,1
20261007,mean_matching,u_only_rf,env__v~replogleweissman2022%5Frpe1__v~rpe1__v~rna__v~baseline,replogle_rpe1,33,0.8663258892046369,0.04592347137041556,,,0.996340094676592,1
20261007,mean_matching,u_only_rf,env__v~tiankampmann2021%5Fcrispra__v~ipsc-induced%5Fneuron__v~rna__v~baseline,tian_neuron_crispra,20,0.5555723691098464,0.030658691948381528,,,1.0299099049417337,1
20261007,mean_matching,u_only_rf,env__v~tiankampmann2021%5Fcrispri__v~ipsc-induced%5Fneuron__v~rna__v~baseline,tian_neuron_crispri,38,0.48768649927984364,0.003965290406849092,,,0.9954633196236263,1
20261007,mean_matching,u_only_rf,env__v~xucao2023__v~hek293__v~rna__v~baseline,xu_he293,38,0.6145267893252679,0.012183207903826994,,,0.9848962435841444,1
20261007,slim_string,ptl_rf,env__v~frangiehizar2021%5Frna__v~patient-derived%5Fmelanoma__v~rna__v~co-culture,frangieh_melanoma_coculture,50,0.9006228367316408,0.031190385668481774,0.36132600854894364,0.24508402550603553,0.9321473802474447,1
20261007,slim_string,ptl_rf,env__v~frangiehizar2021%5Frna__v~patient-derived%5Fmelanoma__v~rna__v~control,frangieh_melanoma_control,50,0.8441258595121403,0.02461537891920251,0.5674878854362706,0.3975434772783105,0.8843529944096438,1
20261007,slim_string,ptl_rf,env__v~frangiehizar2021%5Frna__v~patient-derived%5Fmelanoma__v~rna__v~ifn%CE%B3,frangieh_melanoma_ifng,50,0.852549706507337,0.02201919344109335,0.40758886862199517,0.288871574277929,0.9286886826261153,1
20261007,slim_string,ptl_rf,env__v~normanweissman2019%5Ffiltered__v~k562__v~rna__v~baseline,norman_k562,48,0.4100686552626831,0.11969013077090422,0.6445940078158923,0.448581560283688,0.659574356731981,1
20261007,slim_string,ptl_rf,env__v~replogleweissman2022%5Frpe1__v~rpe1__v~rna__v~baseline,replogle_rpe1,33,0.9678944081990887,0.01573290818186344,0.29979946524064177,0.20833333333333334,0.9653865168845607,1
20261007,slim_string,ptl_rf,env__v~tiankampmann2021%5Fcrispra__v~ipsc-induced%5Fneuron__v~rna__v~baseline,tian_neuron_crispra,20,0.6074173821780796,0.014463432064722892,-0.07228923860647363,-0.02652603880323044,1.0492934845494302,1
20261007,slim_string,ptl_rf,env__v~tiankampmann2021%5Fcrispri__v~ipsc-induced%5Fneuron__v~rna__v~baseline,tian_neuron_crispri,38,0.6099402693065789,0.007270230782359573,0.65875143721734,0.5039147183837039,0.9269650942461152,1
20261007,slim_string,ptl_rf,env__v~xucao2023__v~hek293__v~rna__v~baseline,xu_he293,38,0.7595997777832268,0.00896348298425281,0.6078345552029762,0.46230440967283076,0.9341094901954242,1
20261007,slim_string,raw_normalized_uq,env__v~frangiehizar2021%5Frna__v~patient-derived%5Fmelanoma__v~rna__v~co-culture,frangieh_melanoma_coculture,50,0.9006228367316408,0.031190385668481774,0.3938478147603449,0.27382898481565104,0.9360200265835656,1
20261007,slim_string,raw_normalized_uq,env__v~frangiehizar2021%5Frna__v~patient-derived%5Fmelanoma__v~rna__v~control,frangieh_melanoma_control,50,0.8441258595121403,0.02461537891920251,0.5596081182506029,0.40712877616703924,0.8802671255084694,1
20261007,slim_string,raw_normalized_uq,env__v~frangiehizar2021%5Frna__v~patient-derived%5Fmelanoma__v~rna__v~ifn%CE%B3,frangieh_melanoma_ifng,50,0.852549706507337,0.02201919344109335,0.45783195179138864,0.3292336802719562,0.9294022508428665,1
20261007,slim_string,raw_normalized_uq,env__v~normanweissman2019%5Ffiltered__v~k562__v~rna__v~baseline,norman_k562,48,0.4100686552626831,0.11969013077090422,0.4734799350124445,0.3449620066327053,0.8166176516447335,1
20261007,slim_string,raw_normalized_uq,env__v~replogleweissman2022%5Frpe1__v~rpe1__v~rna__v~baseline,replogle_rpe1,33,0.9678944081990887,0.01573290818186344,0.12759570300215164,0.09433409094271916,0.9849685415904789,1
20261007,slim_string,raw_normalized_uq,env__v~tiankampmann2021%5Fcrispra__v~ipsc-induced%5Fneuron__v~rna__v~baseline,tian_neuron_crispra,20,0.6074173821780796,0.014463432064722892,-0.20814574342693387,-0.17114501993622325,1.057864983351685,1
20261007,slim_string,raw_normalized_uq,env__v~tiankampmann2021%5Fcrispri__v~ipsc-induced%5Fneuron__v~rna__v~baseline,tian_neuron_crispri,38,0.6099402693065789,0.007270230782359573,0.6043788209399398,0.451756905965954,0.9309302253900561,1
20261007,slim_string,raw_normalized_uq,env__v~xucao2023__v~hek293__v~rna__v~baseline,xu_he293,38,0.7595997777832268,0.00896348298425281,0.5871600233887733,0.43286111813056327,0.9352533682637411,1
20261007,slim_string,u_only_rf,env__v~frangiehizar2021%5Frna__v~patient-derived%5Fmelanoma__v~rna__v~co-culture,frangieh_melanoma_coculture,50,0.9006228367316408,0.031190385668481774,0.1009368360538932,0.05491849400971364,0.997240062519824,1
20261007,slim_string,u_only_rf,env__v~frangiehizar2021%5Frna__v~patient-derived%5Fmelanoma__v~rna__v~control,frangieh_melanoma_control,50,0.8441258595121403,0.02461537891920251,0.460699430029818,0.32854832832918224,0.89540923535337,1
20261007,slim_string,u_only_rf,env__v~frangiehizar2021%5Frna__v~patient-derived%5Fmelanoma__v~rna__v~ifn%CE%B3,frangieh_melanoma_ifng,50,0.852549706507337,0.02201919344109335,0.2943323812061733,0.20376493483060712,0.98172977136807,1
20261007,slim_string,u_only_rf,env__v~normanweissman2019%5Ffiltered__v~k562__v~rna__v~baseline,norman_k562,48,0.4100686552626831,0.11969013077090422,0.6089882761615284,0.4095744680851064,0.6185511606534425,1
20261007,slim_string,u_only_rf,env__v~replogleweissman2022%5Frpe1__v~rpe1__v~rna__v~baseline,replogle_rpe1,33,0.9678944081990887,0.01573290818186344,0.3322192513368984,0.2196969696969697,0.9591189752636048,1
20261007,slim_string,u_only_rf,env__v~tiankampmann2021%5Fcrispra__v~ipsc-induced%5Fneuron__v~rna__v~baseline,tian_neuron_crispra,20,0.6074173821780796,0.014463432064722892,-0.33433772855494054,-0.2069031026651974,1.0618820363615917,1
20261007,slim_string,u_only_rf,env__v~tiankampmann2021%5Fcrispri__v~ipsc-induced%5Fneuron__v~rna__v~baseline,tian_neuron_crispri,38,0.6099402693065789,0.007270230782359573,0.2689719323389072,0.16797157279456798,0.9745251202704222,1
20261007,slim_string,u_only_rf,env__v~xucao2023__v~hek293__v~rna__v~baseline,xu_he293,38,0.7595997777832268,0.00896348298425281,0.25856220593062695,0.1721194879089616,0.9543751835654954,1
20261007,strong_linear,ptl_rf,env__v~frangiehizar2021%5Frna__v~patient-derived%5Fmelanoma__v~rna__v~co-culture,frangieh_melanoma_coculture,50,0.8488048937717206,0.015377511149866569,0.41407956985692485,0.2988975341055154,0.9425195910663645,1
20261007,strong_linear,ptl_rf,env__v~frangiehizar2021%5Frna__v~patient-derived%5Fmelanoma__v~rna__v~control,frangieh_melanoma_control,50,0.6934262296710122,0.020822408507772477,0.3308440412847845,0.2346691608831784,0.9703505082101931,1
20261007,strong_linear,ptl_rf,env__v~frangiehizar2021%5Frna__v~patient-derived%5Fmelanoma__v~rna__v~ifn%CE%B3,frangieh_melanoma_ifng,50,0.7602705186635632,0.028820923223312277,0.5231818292463407,0.40669664476652095,0.9345511407564635,1
20261007,strong_linear,ptl_rf,env__v~normanweissman2019%5Ffiltered__v~k562__v~rna__v~baseline,norman_k562,48,0.4896893993928995,0.22403358117376174,0.26834563612679113,0.2092198581560284,0.9279191650208835,1
20261007,strong_linear,ptl_rf,env__v~replogleweissman2022%5Frpe1__v~rpe1__v~rna__v~baseline,replogle_rpe1,33,0.8972781296749185,0.036712794054213536,-0.038114345159313126,-0.013295400586957763,1.0172819671097284,1
20261007,strong_linear,ptl_rf,env__v~tiankampmann2021%5Fcrispra__v~ipsc-induced%5Fneuron__v~rna__v~baseline,tian_neuron_crispra,20,0.5392129862922432,0.029643766416049513,0.07518796992481201,0.10526315789473685,0.943619866498865,1
20261007,strong_linear,ptl_rf,env__v~tiankampmann2021%5Fcrispri__v~ipsc-induced%5Fneuron__v~rna__v~baseline,tian_neuron_crispri,38,0.50306622034871,0.003903547382142505,0.31487359843742524,0.20812592127333104,0.9726486755998146,1
20261007,strong_linear,ptl_rf,env__v~xucao2023__v~hek293__v~rna__v~baseline,xu_he293,38,0.6632987229550816,0.011876707830445726,0.488784330889594,0.3200568990042675,0.9385730785600972,1
20261007,strong_linear,raw_normalized_uq,env__v~frangiehizar2021%5Frna__v~patient-derived%5Fmelanoma__v~rna__v~co-culture,frangieh_melanoma_coculture,50,0.8488048937717206,0.015377511149866569,0.5006003646484035,0.3415251741860628,0.9424758368073258,1
20261007,strong_linear,raw_normalized_uq,env__v~frangiehizar2021%5Frna__v~patient-derived%5Fmelanoma__v~rna__v~control,frangieh_melanoma_control,50,0.6934262296710122,0.020822408507772477,0.34616626635247405,0.23701005833659283,0.9404300090597921,1
20261007,strong_linear,raw_normalized_uq,env__v~frangiehizar2021%5Frna__v~patient-derived%5Fmelanoma__v~rna__v~ifn%CE%B3,frangieh_melanoma_ifng,50,0.7602705186635632,0.028820923223312277,0.5170616983455819,0.37397821372525086,0.9142639310218547,1
20261007,strong_linear,raw_normalized_uq,env__v~normanweissman2019%5Ffiltered__v~k562__v~rna__v~baseline,norman_k562,48,0.4896893993928995,0.22403358117376174,-0.010968425963162194,-0.03565113364296744,1.217236562824301,1
20261007,strong_linear,raw_normalized_uq,env__v~replogleweissman2022%5Frpe1__v~rpe1__v~rna__v~baseline,replogle_rpe1,33,0.8972781296749185,0.036712794054213536,-0.031284000093748945,-0.009569908193937715,1.0225063346168428,1
20261007,strong_linear,raw_normalized_uq,env__v~tiankampmann2021%5Fcrispra__v~ipsc-induced%5Fneuron__v~rna__v~baseline,tian_neuron_crispra,20,0.5392129862922432,0.029643766416049513,0.07524456607127133,0.03174647611626638,0.9744641897871755,1
20261007,strong_linear,raw_normalized_uq,env__v~tiankampmann2021%5Fcrispri__v~ipsc-induced%5Fneuron__v~rna__v~baseline,tian_neuron_crispri,38,0.50306622034871,0.003903547382142505,0.3118191839240183,0.19914551060914354,0.9775423732325013,1
20261007,strong_linear,raw_normalized_uq,env__v~xucao2023__v~hek293__v~rna__v~baseline,xu_he293,38,0.6632987229550816,0.011876707830445726,0.45614227700791116,0.3079123218838323,0.9434135846623414,1
20261007,strong_linear,u_only_rf,env__v~frangiehizar2021%5Frna__v~patient-derived%5Fmelanoma__v~rna__v~co-culture,frangieh_melanoma_coculture,50,0.8488048937717206,0.015377511149866569,0.36337006901395685,0.24336465891651257,0.9904413942864543,1
20261007,strong_linear,u_only_rf,env__v~frangiehizar2021%5Frna__v~patient-derived%5Fmelanoma__v~rna__v~control,frangieh_melanoma_control,50,0.6934262296710122,0.020822408507772477,0.11892697165630065,0.07368020422216108,1.009174786294458,1
20261007,strong_linear,u_only_rf,env__v~frangiehizar2021%5Frna__v~patient-derived%5Fmelanoma__v~rna__v~ifn%CE%B3,frangieh_melanoma_ifng,50,0.7602705186635632,0.028820923223312277,0.28749789919209195,0.1861984638690096,0.9405494381191419,1
20261007,strong_linear,u_only_rf,env__v~normanweissman2019%5Ffiltered__v~k562__v~rna__v~baseline,norman_k562,48,0.4896893993928995,0.22403358117376174,0.27920104211897523,0.19680851063829788,0.7279158400067184,1
20261007,strong_linear,u_only_rf,env__v~replogleweissman2022%5Frpe1__v~rpe1__v~rna__v~baseline,replogle_rpe1,33,0.8972781296749185,0.036712794054213536,0.15513207152562536,0.13485334881057157,0.9558702364224713,1
20261007,strong_linear,u_only_rf,env__v~tiankampmann2021%5Fcrispra__v~ipsc-induced%5Fneuron__v~rna__v~baseline,tian_neuron_crispra,20,0.5392129862922432,0.029643766416049513,0.037593984962406006,0.021052631578947368,0.9909910431398788,1
20261007,strong_linear,u_only_rf,env__v~tiankampmann2021%5Fcrispri__v~ipsc-induced%5Fneuron__v~rna__v~baseline,tian_neuron_crispri,38,0.50306622034871,0.003903547382142505,-0.02111828427617901,-0.029871977240398292,1.0035408800365602,1
20261007,strong_linear,u_only_rf,env__v~xucao2023__v~hek293__v~rna__v~baseline,xu_he293,38,0.6632987229550816,0.011876707830445726,0.16533537586169164,0.10384068278805123,0.9690978422567094,1
20261017,mean_matching,ptl_rf,env__v~frangiehizar2021%5Frna__v~patient-derived%5Fmelanoma__v~rna__v~co-culture,frangieh_melanoma_coculture,50,0.7974149491800873,0.020048473388425064,,,0.9846495974179137,1
20261017,mean_matching,ptl_rf,env__v~frangiehizar2021%5Frna__v~patient-derived%5Fmelanoma__v~rna__v~control,frangieh_melanoma_control,50,0.6902471844116619,0.03569700098318474,,,1.0687723355378518,1
20261017,mean_matching,ptl_rf,env__v~frangiehizar2021%5Frna__v~patient-derived%5Fmelanoma__v~rna__v~ifn%CE%B3,frangieh_melanoma_ifng,50,0.6856902758625384,0.031006580462555514,,,0.9558343638813689,1
20261017,mean_matching,ptl_rf,env__v~normanweissman2019%5Ffiltered__v~k562__v~rna__v~baseline,norman_k562,48,0.29417368226482826,0.06591933429050614,0.35470673974672645,0.2345682231081481,0.7394568545582534,1
20261017,mean_matching,ptl_rf,env__v~replogleweissman2022%5Frpe1__v~rpe1__v~rna__v~baseline,replogle_rpe1,33,0.8625005821245101,0.022752270062092884,,,1.038751371104987,1
20261017,mean_matching,ptl_rf,env__v~tiankampmann2021%5Fcrispra__v~ipsc-induced%5Fneuron__v~rna__v~baseline,tian_neuron_crispra,20,0.48858789164381566,0.012167583747354358,,,0.878645505455073,1
20261017,mean_matching,ptl_rf,env__v~tiankampmann2021%5Fcrispri__v~ipsc-induced%5Fneuron__v~rna__v~baseline,tian_neuron_crispri,38,0.4886231953891225,0.002895541423311641,,,1.0082274852185658,1
20261017,mean_matching,ptl_rf,env__v~xucao2023__v~hek293__v~rna__v~baseline,xu_he293,38,0.6190641591071576,0.013832858962036823,,,1.020490063297431,1
20261017,mean_matching,raw_normalized_uq,env__v~frangiehizar2021%5Frna__v~patient-derived%5Fmelanoma__v~rna__v~co-culture,frangieh_melanoma_coculture,50,0.7974149491800873,0.020048473388425064,,,0.9846495974179137,1
20261017,mean_matching,raw_normalized_uq,env__v~frangiehizar2021%5Frna__v~patient-derived%5Fmelanoma__v~rna__v~control,frangieh_melanoma_control,50,0.6902471844116619,0.03569700098318474,,,1.0687723355378518,1
20261017,mean_matching,raw_normalized_uq,env__v~frangiehizar2021%5Frna__v~patient-derived%5Fmelanoma__v~rna__v~ifn%CE%B3,frangieh_melanoma_ifng,50,0.6856902758625384,0.031006580462555514,,,0.9558343638813689,1
20261017,mean_matching,raw_normalized_uq,env__v~normanweissman2019%5Ffiltered__v~k562__v~rna__v~baseline,norman_k562,48,0.29417368226482826,0.06591933429050614,0.1348148901151013,0.1010747359567618,0.9438761878013552,1
20261017,mean_matching,raw_normalized_uq,env__v~replogleweissman2022%5Frpe1__v~rpe1__v~rna__v~baseline,replogle_rpe1,33,0.8625005821245101,0.022752270062092884,,,1.038751371104987,1
20261017,mean_matching,raw_normalized_uq,env__v~tiankampmann2021%5Fcrispra__v~ipsc-induced%5Fneuron__v~rna__v~baseline,tian_neuron_crispra,20,0.48858789164381566,0.012167583747354358,,,0.878645505455073,1
20261017,mean_matching,raw_normalized_uq,env__v~tiankampmann2021%5Fcrispri__v~ipsc-induced%5Fneuron__v~rna__v~baseline,tian_neuron_crispri,38,0.4886231953891225,0.002895541423311641,,,1.0082274852185658,1
20261017,mean_matching,raw_normalized_uq,env__v~xucao2023__v~hek293__v~rna__v~baseline,xu_he293,38,0.6190641591071576,0.013832858962036823,,,1.020490063297431,1
20261017,mean_matching,u_only_rf,env__v~frangiehizar2021%5Frna__v~patient-derived%5Fmelanoma__v~rna__v~co-culture,frangieh_melanoma_coculture,50,0.7974149491800873,0.020048473388425064,,,0.9846495974179137,1
20261017,mean_matching,u_only_rf,env__v~frangiehizar2021%5Frna__v~patient-derived%5Fmelanoma__v~rna__v~control,frangieh_melanoma_control,50,0.6902471844116619,0.03569700098318474,,,1.0687723355378518,1
20261017,mean_matching,u_only_rf,env__v~frangiehizar2021%5Frna__v~patient-derived%5Fmelanoma__v~rna__v~ifn%CE%B3,frangieh_melanoma_ifng,50,0.6856902758625384,0.031006580462555514,,,0.9558343638813689,1
20261017,mean_matching,u_only_rf,env__v~normanweissman2019%5Ffiltered__v~k562__v~rna__v~baseline,norman_k562,48,0.29417368226482826,0.06591933429050614,0.21614769987966131,0.15455132297742058,0.9167487698063482,1
20261017,mean_matching,u_only_rf,env__v~replogleweissman2022%5Frpe1__v~rpe1__v~rna__v~baseline,replogle_rpe1,33,0.8625005821245101,0.022752270062092884,,,1.038751371104987,1
20261017,mean_matching,u_only_rf,env__v~tiankampmann2021%5Fcrispra__v~ipsc-induced%5Fneuron__v~rna__v~baseline,tian_neuron_crispra,20,0.48858789164381566,0.012167583747354358,,,0.878645505455073,1
20261017,mean_matching,u_only_rf,env__v~tiankampmann2021%5Fcrispri__v~ipsc-induced%5Fneuron__v~rna__v~baseline,tian_neuron_crispri,38,0.4886231953891225,0.002895541423311641,,,1.0082274852185658,1
20261017,mean_matching,u_only_rf,env__v~xucao2023__v~hek293__v~rna__v~baseline,xu_he293,38,0.6190641591071576,0.013832858962036823,,,1.020490063297431,1
20261017,slim_string,ptl_rf,env__v~frangiehizar2021%5Frna__v~patient-derived%5Fmelanoma__v~rna__v~co-culture,frangieh_melanoma_coculture,50,0.9370790880391147,0.012330330812389042,0.5263007989001186,0.3745450942952678,0.9468220389621306,1
20261017,slim_string,ptl_rf,env__v~frangiehizar2021%5Frna__v~patient-derived%5Fmelanoma__v~rna__v~control,frangieh_melanoma_control,50,0.8627937742416583,0.02309466622646201,0.49558118624107306,0.34615488929054944,0.9052844173194948,1
20261017,slim_string,ptl_rf,env__v~frangiehizar2021%5Frna__v~patient-derived%5Fmelanoma__v~rna__v~ifn%CE%B3,frangieh_melanoma_ifng,50,0.8535603778528325,0.015841114994768944,0.1734951953273151,0.10349272342369241,0.9281905261968978,1
20261017,slim_string,ptl_rf,env__v~normanweissman2019%5Ffiltered__v~k562__v~rna__v~baseline,norman_k562,48,0.42815016273491313,0.15403568958664185,0.38536691272253576,0.26773049645390073,0.7686728175529518,1
20261017,slim_string,ptl_rf,env__v~replogleweissman2022%5Frpe1__v~rpe1__v~rna__v~baseline,replogle_rpe1,33,0.9366000891527871,0.03267011714395686,0.2075534759358289,0.18560606060606058,0.9460412171173127,1
20261017,slim_string,ptl_rf,env__v~tiankampmann2021%5Fcrispra__v~ipsc-induced%5Fneuron__v~rna__v~baseline,tian_neuron_crispra,20,0.57953545204684,0.02224333387646181,0.4625799499751117,0.33245498310218435,0.8707253174496121,1
20261017,slim_string,ptl_rf,env__v~tiankampmann2021%5Fcrispri__v~ipsc-induced%5Fneuron__v~rna__v~baseline,tian_neuron_crispri,38,0.6244039714937082,0.005327511101215367,0.7445423220642493,0.5523133071550201,0.9349205680567059,1
20261017,slim_string,ptl_rf,env__v~xucao2023__v~hek293__v~rna__v~baseline,xu_he293,38,0.7808866166397979,0.010186296543099964,0.46025058885982256,0.3188612907286714,0.9317497881143743,1
20261017,slim_string,raw_normalized_uq,env__v~frangiehizar2021%5Frna__v~patient-derived%5Fmelanoma__v~rna__v~co-culture,frangieh_melanoma_coculture,50,0.9370790880391147,0.012330330812389042,0.5468880200565298,0.38931359786587916,0.9466365900842971,1
20261017,slim_string,raw_normalized_uq,env__v~frangiehizar2021%5Frna__v~patient-derived%5Fmelanoma__v~rna__v~control,frangieh_melanoma_control,50,0.8627937742416583,0.02309466622646201,0.45141770496824407,0.318793976528276,0.9144708287527946,1
20261017,slim_string,raw_normalized_uq,env__v~frangiehizar2021%5Frna__v~patient-derived%5Fmelanoma__v~rna__v~ifn%CE%B3,frangieh_melanoma_ifng,50,0.8535603778528325,0.015841114994768944,0.24766864480042203,0.16241520256353992,0.9210094871141923,1
20261017,slim_string,raw_normalized_uq,env__v~normanweissman2019%5Ffiltered__v~k562__v~rna__v~baseline,norman_k562,48,0.42815016273491313,0.15403568958664185,0.3803887703201099,0.26459114942100864,0.7188554719820658,1
20261017,slim_string,raw_normalized_uq,env__v~replogleweissman2022%5Frpe1__v~rpe1__v~rna__v~baseline,replogle_rpe1,33,0.9366000891527871,0.03267011714395686,0.20659131035527004,0.15060721762728255,0.9619125259212977,1
20261017,slim_string,raw_normalized_uq,env__v~tiankampmann2021%5Fcrispra__v~ipsc-induced%5Fneuron__v~rna__v~baseline,tian_neuron_crispra,20,0.57953545204684,0.02224333387646181,0.5009425079052636,0.361722596923486,0.8639973366710334,1
20261017,slim_string,raw_normalized_uq,env__v~tiankampmann2021%5Fcrispri__v~ipsc-induced%5Fneuron__v~rna__v~baseline,tian_neuron_crispri,38,0.6244039714937082,0.005327511101215367,0.674549856796305,0.5028782318259668,0.9278566052818779,1
20261017,slim_string,raw_normalized_uq,env__v~xucao2023__v~hek293__v~rna__v~baseline,xu_he293,38,0.7808866166397979,0.010186296543099964,0.4735114090664762,0.3254838715495609,0.9272954625926663,1
20261017,slim_string,u_only_rf,env__v~frangiehizar2021%5Frna__v~patient-derived%5Fmelanoma__v~rna__v~co-culture,frangieh_melanoma_coculture,50,0.9370790880391147,0.012330330812389042,0.3988467108092488,0.2891225289296804,0.95758986532016,1
20261017,slim_string,u_only_rf,env__v~frangiehizar2021%5Frna__v~patient-derived%5Fmelanoma__v~rna__v~control,frangieh_melanoma_control,50,0.8627937742416583,0.02309466622646201,0.41402498792382725,0.28068824356184036,0.9165414844991127,1
20261017,slim_string,u_only_rf,env__v~frangiehizar2021%5Frna__v~patient-derived%5Fmelanoma__v~rna__v~ifn%CE%B3,frangieh_melanoma_ifng,50,0.8535603778528325,0.015841114994768944,0.21713332201906088,0.14784674774813203,0.9299689915413567,1
20261017,slim_string,u_only_rf,env__v~normanweissman2019%5Ffiltered__v~k562__v~rna__v~baseline,norman_k562,48,0.42815016273491313,0.15403568958664185,0.37722535822839776,0.25886524822695034,0.8414615925316861,1
20261017,slim_string,u_only_rf,env__v~replogleweissman2022%5Frpe1__v~rpe1__v~rna__v~baseline,replogle_rpe1,33,0.9366000891527871,0.03267011714395686,0.09090909090909091,0.060606060606060615,0.9670754567378056,1
20261017,slim_string,u_only_rf,env__v~tiankampmann2021%5Fcrispra__v~ipsc-induced%5Fneuron__v~rna__v~baseline,tian_neuron_crispra,20,0.57953545204684,0.02224333387646181,0.4896578007053622,0.3535632359975612,0.8681590780555131,1
20261017,slim_string,u_only_rf,env__v~tiankampmann2021%5Fcrispri__v~ipsc-induced%5Fneuron__v~rna__v~baseline,tian_neuron_crispri,38,0.6244039714937082,0.005327511101215367,0.5241560438988468,0.36156592787983277,0.9534606622821143,1
20261017,slim_string,u_only_rf,env__v~xucao2023__v~hek293__v~rna__v~baseline,xu_he293,38,0.7808866166397979,0.010186296543099964,0.29939267977186745,0.20213528251549706,0.9528076997999776,1
20261017,strong_linear,ptl_rf,env__v~frangiehizar2021%5Frna__v~patient-derived%5Fmelanoma__v~rna__v~co-culture,frangieh_melanoma_coculture,50,0.8684365688700139,0.011257755706698158,0.3870441068128046,0.27766437594501436,0.9520817727606212,1
20261017,strong_linear,ptl_rf,env__v~frangiehizar2021%5Frna__v~patient-derived%5Fmelanoma__v~rna__v~control,frangieh_melanoma_control,50,0.7253945249606023,0.025558229429873642,0.3572148859543817,0.2146938775510204,0.9455983412966917,1
20261017,strong_linear,ptl_rf,env__v~frangiehizar2021%5Frna__v~patient-derived%5Fmelanoma__v~rna__v~ifn%CE%B3,frangieh_melanoma_ifng,50,0.7877680851710285,0.02191545612934453,0.5631002695697496,0.40277791220056236,0.9055686959786499,1
20261017,strong_linear,ptl_rf,env__v~normanweissman2019%5Ffiltered__v~k562__v~rna__v~baseline,norman_k562,48,0.4780887172855734,0.1815147928905822,0.12147199305254017,0.08687943262411349,0.9347582248249852,1
20261017,strong_linear,ptl_rf,env__v~replogleweissman2022%5Frpe1__v~rpe1__v~rna__v~baseline,replogle_rpe1,33,0.8531511698524269,0.056472289757895484,0.35390545908894355,0.24762309047801778,0.8950581419555154,1
20261017,strong_linear,ptl_rf,env__v~tiankampmann2021%5Fcrispra__v~ipsc-induced%5Fneuron__v~rna__v~baseline,tian_neuron_crispra,20,0.5000558425224405,0.011730168584382843,0.26616541353383455,0.19999999999999998,0.9396440220737972,1
20261017,strong_linear,ptl_rf,env__v~tiankampmann2021%5Fcrispri__v~ipsc-induced%5Fneuron__v~rna__v~baseline,tian_neuron_crispri,38,0.5047089711769586,0.0036496073394576547,0.19182579226611243,0.1338078630736389,0.9825149789031044,1
20261017,strong_linear,ptl_rf,env__v~xucao2023__v~hek293__v~rna__v~baseline,xu_he293,38,0.6821523300596524,0.008857823766466199,0.37257905678958314,0.2631578947368421,0.9563123473804046,1
20261017,strong_linear,raw_normalized_uq,env__v~frangiehizar2021%5Frna__v~patient-derived%5Fmelanoma__v~rna__v~co-culture,frangieh_melanoma_coculture,50,0.8684365688700139,0.011257755706698158,0.3874826041123718,0.2574851935287308,0.9631474804141127,1
20261017,strong_linear,raw_normalized_uq,env__v~frangiehizar2021%5Frna__v~patient-derived%5Fmelanoma__v~rna__v~control,frangieh_melanoma_control,50,0.7253945249606023,0.025558229429873642,0.3150665251936609,0.1915685309776188,0.9578256399806346,1
20261017,strong_linear,raw_normalized_uq,env__v~frangiehizar2021%5Frna__v~patient-derived%5Fmelanoma__v~rna__v~ifn%CE%B3,frangieh_melanoma_ifng,50,0.7877680851710285,0.02191545612934453,0.5184811838564031,0.3640873437157849,0.9037200449027537,1
20261017,strong_linear,raw_normalized_uq,env__v~normanweissman2019%5Ffiltered__v~k562__v~rna__v~baseline,norman_k562,48,0.4780887172855734,0.1815147928905822,-0.021066349255524218,-0.02405374085645533,0.981750312864479,1
20261017,strong_linear,raw_normalized_uq,env__v~replogleweissman2022%5Frpe1__v~rpe1__v~rna__v~baseline,replogle_rpe1,33,0.8531511698524269,0.056472289757895484,0.310557716540552,0.23479260619912773,0.9091056028327987,1
20261017,strong_linear,raw_normalized_uq,env__v~tiankampmann2021%5Fcrispra__v~ipsc-induced%5Fneuron__v~rna__v~baseline,tian_neuron_crispra,20,0.5000558425224405,0.011730168584382843,0.21519945896383602,0.15873238058133193,0.9462606427356761,1
20261017,strong_linear,raw_normalized_uq,env__v~tiankampmann2021%5Fcrispri__v~ipsc-induced%5Fneuron__v~rna__v~baseline,tian_neuron_crispri,38,0.5047089711769586,0.0036496073394576547,0.3218530352413963,0.219520328851718,0.9709018469160616,1
20261017,strong_linear,raw_normalized_uq,env__v~xucao2023__v~hek293__v~rna__v~baseline,xu_he293,38,0.6821523300596524,0.008857823766466199,0.3213797693298937,0.23765704360357975,0.9612191538471556,1
20261017,strong_linear,u_only_rf,env__v~frangiehizar2021%5Frna__v~patient-derived%5Fmelanoma__v~rna__v~co-culture,frangieh_melanoma_coculture,50,0.8684365688700139,0.011257755706698158,0.34209704924744666,0.24499797877501261,0.943505806549055,1
20261017,strong_linear,u_only_rf,env__v~frangiehizar2021%5Frna__v~patient-derived%5Fmelanoma__v~rna__v~control,frangieh_melanoma_control,50,0.7253945249606023,0.025558229429873642,0.3523169267707082,0.22448979591836735,0.9485929393468724,1
20261017,strong_linear,u_only_rf,env__v~frangiehizar2021%5Frna__v~patient-derived%5Fmelanoma__v~rna__v~ifn%CE%B3,frangieh_melanoma_ifng,50,0.7877680851710285,0.02191545612934453,0.3993469078749818,0.29493473895416433,0.9336341726366889,1
20261017,strong_linear,u_only_rf,env__v~normanweissman2019%5Ffiltered__v~k562__v~rna__v~baseline,norman_k562,48,0.4780887172855734,0.1815147928905822,-0.03549717759444203,-0.008865248226950355,1.1824807485904743,1
20261017,strong_linear,u_only_rf,env__v~replogleweissman2022%5Frpe1__v~rpe1__v~rna__v~baseline,replogle_rpe1,33,0.8531511698524269,0.056472289757895484,-0.11841449198250094,-0.049524618095603566,1.0134271007334827,1
20261017,strong_linear,u_only_rf,env__v~tiankampmann2021%5Fcrispra__v~ipsc-induced%5Fneuron__v~rna__v~baseline,tian_neuron_crispra,20,0.5000558425224405,0.011730168584382843,0.2541353383458646,0.19999999999999998,0.9455109389407849,1
20261017,strong_linear,u_only_rf,env__v~tiankampmann2021%5Fcrispri__v~ipsc-induced%5Fneuron__v~rna__v~baseline,tian_neuron_crispri,38,0.5047089711769586,0.0036496073394576547,0.24083597767808293,0.155049786628734,0.9816018430308826,1
20261017,strong_linear,u_only_rf,env__v~xucao2023__v~hek293__v~rna__v~baseline,xu_he293,38,0.6821523300596524,0.008857823766466199,0.325309114782799,0.24893314366998578,0.9628092275482216,1
