estimand,source_environment_id,left_target_environment_id,right_target_environment_id,metric,split_seed,member_pair,n_perturbations,min_cells_primary,eligibility_min_cells,sensitivity_min_cells,cross_d,measurement_left_d,measurement_right_d,measurement_floor_max_d,joint_left_d,joint_right_d,joint_floor_max_d,delta_meas,delta_joint,raw_split_contract,budget_contract,refit_per_metric
matched_budget_source_frozen,frangieh_melanoma_control,frangieh_melanoma_control,frangieh_melanoma_coculture,delta_cosine,20260908,"0,1",234,20,20,40,0.26517735959796046,0.15835809398041156,0.18033087560984556,0.18033087560984556,0.17954220314735336,0.1936282601518653,0.1936282601518653,0.0848464839881149,0.07154909944609517,QC-passed raw cells; independent with-replacement full-size A/B within environment×perturbation; controls resampled independently,"min(n_left,n_right) cells per full-size replicate per ordered pair, sampled with replacement",0
matched_budget_source_frozen,frangieh_melanoma_control,frangieh_melanoma_control,frangieh_melanoma_coculture,delta_cosine,20260908,"0,2",234,20,20,40,0.26517735959796046,0.15835809398041156,0.18033087560984556,0.18033087560984556,0.18951982685888263,0.1999559810718609,0.1999559810718609,0.0848464839881149,0.06522137852609955,QC-passed raw cells; independent with-replacement full-size A/B within environment×perturbation; controls resampled independently,"min(n_left,n_right) cells per full-size replicate per ordered pair, sampled with replacement",0
matched_budget_source_frozen,frangieh_melanoma_control,frangieh_melanoma_control,frangieh_melanoma_coculture,delta_cosine,20260908,"1,2",234,20,20,40,0.26517735959796046,0.15835809398041156,0.18033087560984556,0.18033087560984556,0.182788599097612,0.19544404093760318,0.19544404093760318,0.0848464839881149,0.06973331866035729,QC-passed raw cells; independent with-replacement full-size A/B within environment×perturbation; controls resampled independently,"min(n_left,n_right) cells per full-size replicate per ordered pair, sampled with replacement",0
matched_budget_source_frozen,frangieh_melanoma_control,frangieh_melanoma_control,frangieh_melanoma_coculture,systema_centroid_accuracy,20260908,"0,1",234,20,20,40,0.08661641172370788,0.05291441986720957,0.05454678845236785,0.05454678845236785,0.05484024797329518,0.05528960786471516,0.05528960786471516,0.032069623271340025,0.03132680385899272,QC-passed raw cells; independent with-replacement full-size A/B within environment×perturbation; controls resampled independently,"min(n_left,n_right) cells per full-size replicate per ordered pair, sampled with replacement",0
matched_budget_source_frozen,frangieh_melanoma_control,frangieh_melanoma_control,frangieh_melanoma_coculture,systema_centroid_accuracy,20260908,"0,2",234,20,20,40,0.08661641172370788,0.05291441986720957,0.05454678845236785,0.05454678845236785,0.05692197644987344,0.057252118410916694,0.057252118410916694,0.032069623271340025,0.02936429331279118,QC-passed raw cells; independent with-replacement full-size A/B within environment×perturbation; controls resampled independently,"min(n_left,n_right) cells per full-size replicate per ordered pair, sampled with replacement",0
matched_budget_source_frozen,frangieh_melanoma_control,frangieh_melanoma_control,frangieh_melanoma_coculture,systema_centroid_accuracy,20260908,"1,2",234,20,20,40,0.08661641172370788,0.05291441986720957,0.05454678845236785,0.05454678845236785,0.05497780712372986,0.056142474597410216,0.056142474597410216,0.032069623271340025,0.03047393712629766,QC-passed raw cells; independent with-replacement full-size A/B within environment×perturbation; controls resampled independently,"min(n_left,n_right) cells per full-size replicate per ordered pair, sampled with replacement",0
matched_budget_source_frozen,frangieh_melanoma_control,frangieh_melanoma_control,frangieh_melanoma_coculture,absolute_effect_rank_agreement,20260908,"0,1",234,20,20,40,0.23511609992296686,0.17728623308022448,0.17629580719709476,0.17728623308022448,0.20492645170756763,0.2306225010087671,0.2306225010087671,0.05782986684274238,0.004493598914199759,QC-passed raw cells; independent with-replacement full-size A/B within environment×perturbation; controls resampled independently,"min(n_left,n_right) cells per full-size replicate per ordered pair, sampled with replacement",0
matched_budget_source_frozen,frangieh_melanoma_control,frangieh_melanoma_control,frangieh_melanoma_coculture,absolute_effect_rank_agreement,20260908,"0,2",234,20,20,40,0.23511609992296686,0.17728623308022448,0.17629580719709476,0.17728623308022448,0.21904919115219545,0.2475331059022046,0.2475331059022046,0.05782986684274238,-0.012417005979237727,QC-passed raw cells; independent with-replacement full-size A/B within environment×perturbation; controls resampled independently,"min(n_left,n_right) cells per full-size replicate per ordered pair, sampled with replacement",0
matched_budget_source_frozen,frangieh_melanoma_control,frangieh_melanoma_control,frangieh_melanoma_coculture,absolute_effect_rank_agreement,20260908,"1,2",234,20,20,40,0.23511609992296686,0.17728623308022448,0.17629580719709476,0.17728623308022448,0.21455559223799567,0.2214702321998459,0.2214702321998459,0.05782986684274238,0.013645867723120958,QC-passed raw cells; independent with-replacement full-size A/B within environment×perturbation; controls resampled independently,"min(n_left,n_right) cells per full-size replicate per ordered pair, sampled with replacement",0
matched_budget_source_frozen,frangieh_melanoma_control,frangieh_melanoma_control,frangieh_melanoma_ifng,delta_cosine,20260908,"0,1",235,20,20,40,0.22131296599381706,0.15501000181851246,0.15995635570103656,0.15995635570103656,0.17939625386433894,0.18317875977450446,0.18317875977450446,0.0613566102927805,0.0381342062193126,QC-passed raw cells; independent with-replacement full-size A/B within environment×perturbation; controls resampled independently,"min(n_left,n_right) cells per full-size replicate per ordered pair, sampled with replacement",0
matched_budget_source_frozen,frangieh_melanoma_control,frangieh_melanoma_control,frangieh_melanoma_ifng,delta_cosine,20260908,"0,2",235,20,20,40,0.22131296599381706,0.15501000181851246,0.15995635570103656,0.15995635570103656,0.18648845244589923,0.18932533187852335,0.18932533187852335,0.0613566102927805,0.031987634115293706,QC-passed raw cells; independent with-replacement full-size A/B within environment×perturbation; controls resampled independently,"min(n_left,n_right) cells per full-size replicate per ordered pair, sampled with replacement",0
matched_budget_source_frozen,frangieh_melanoma_control,frangieh_melanoma_control,frangieh_melanoma_ifng,delta_cosine,20260908,"1,2",235,20,20,40,0.22131296599381706,0.15501000181851246,0.15995635570103656,0.15995635570103656,0.1801418439716312,0.187852336788507,0.187852336788507,0.0613566102927805,0.033460629205310066,QC-passed raw cells; independent with-replacement full-size A/B within environment×perturbation; controls resampled independently,"min(n_left,n_right) cells per full-size replicate per ordered pair, sampled with replacement",0
matched_budget_source_frozen,frangieh_melanoma_control,frangieh_melanoma_control,frangieh_melanoma_ifng,systema_centroid_accuracy,20260908,"0,1",235,20,20,40,0.07521367521367521,0.05455537370430987,0.05200945626477541,0.05455537370430987,0.056864884524458995,0.053537006728496095,0.056864884524458995,0.02065830150936534,0.018348790689216216,QC-passed raw cells; independent with-replacement full-size A/B within environment×perturbation; controls resampled independently,"min(n_left,n_right) cells per full-size replicate per ordered pair, sampled with replacement",0
matched_budget_source_frozen,frangieh_melanoma_control,frangieh_melanoma_control,frangieh_melanoma_ifng,systema_centroid_accuracy,20260908,"0,2",235,20,20,40,0.07521367521367521,0.05455537370430987,0.05200945626477541,0.05455537370430987,0.05862884160756501,0.05429168939807237,0.05862884160756501,0.02065830150936534,0.016584833606110197,QC-passed raw cells; independent with-replacement full-size A/B within environment×perturbation; controls resampled independently,"min(n_left,n_right) cells per full-size replicate per ordered pair, sampled with replacement",0
matched_budget_source_frozen,frangieh_melanoma_control,frangieh_melanoma_control,frangieh_melanoma_ifng,systema_centroid_accuracy,20260908,"1,2",235,20,20,40,0.07521367521367521,0.05455537370430987,0.05200945626477541,0.05455537370430987,0.05667394071649391,0.054128023276959446,0.05667394071649391,0.02065830150936534,0.0185397344971813,QC-passed raw cells; independent with-replacement full-size A/B within environment×perturbation; controls resampled independently,"min(n_left,n_right) cells per full-size replicate per ordered pair, sampled with replacement",0
matched_budget_source_frozen,frangieh_melanoma_control,frangieh_melanoma_control,frangieh_melanoma_ifng,absolute_effect_rank_agreement,20260908,"0,1",235,20,20,40,0.21953082378614294,0.17188579741771234,0.18501545735588287,0.18501545735588287,0.20518276050190942,0.22947808692489546,0.22947808692489546,0.03451536643026007,-0.009947263138752521,QC-passed raw cells; independent with-replacement full-size A/B within environment×perturbation; controls resampled independently,"min(n_left,n_right) cells per full-size replicate per ordered pair, sampled with replacement",0
matched_budget_source_frozen,frangieh_melanoma_control,frangieh_melanoma_control,frangieh_melanoma_ifng,absolute_effect_rank_agreement,20260908,"0,2",235,20,20,40,0.21953082378614294,0.17188579741771234,0.18501545735588287,0.18501545735588287,0.21718494271685762,0.23404255319148937,0.23404255319148937,0.03451536643026007,-0.014511729405346424,QC-passed raw cells; independent with-replacement full-size A/B within environment×perturbation; controls resampled independently,"min(n_left,n_right) cells per full-size replicate per ordered pair, sampled with replacement",0
matched_budget_source_frozen,frangieh_melanoma_control,frangieh_melanoma_control,frangieh_melanoma_ifng,absolute_effect_rank_agreement,20260908,"1,2",235,20,20,40,0.21953082378614294,0.17188579741771234,0.18501545735588287,0.18501545735588287,0.21425713766139298,0.22296781232951446,0.22296781232951446,0.03451536643026007,-0.0034369885433715164,QC-passed raw cells; independent with-replacement full-size A/B within environment×perturbation; controls resampled independently,"min(n_left,n_right) cells per full-size replicate per ordered pair, sampled with replacement",0
matched_budget_source_frozen,frangieh_melanoma_control,frangieh_melanoma_coculture,frangieh_melanoma_ifng,delta_cosine,20260908,"0,1",237,20,20,40,0.2497139383537152,0.16391332332117567,0.13505685475219908,0.16391332332117567,0.18214975327183008,0.16198240720875345,0.18214975327183008,0.08580061503253952,0.06756418508188511,QC-passed raw cells; independent with-replacement full-size A/B within environment×perturbation; controls resampled independently,"min(n_left,n_right) cells per full-size replicate per ordered pair, sampled with replacement",0
matched_budget_source_frozen,frangieh_melanoma_control,frangieh_melanoma_coculture,frangieh_melanoma_ifng,delta_cosine,20260908,"0,2",237,20,20,40,0.2497139383537152,0.16391332332117567,0.13505685475219908,0.16391332332117567,0.18468855038260745,0.17310305370807408,0.18468855038260745,0.08580061503253952,0.06502538797110774,QC-passed raw cells; independent with-replacement full-size A/B within environment×perturbation; controls resampled independently,"min(n_left,n_right) cells per full-size replicate per ordered pair, sampled with replacement",0
matched_budget_source_frozen,frangieh_melanoma_control,frangieh_melanoma_coculture,frangieh_melanoma_ifng,delta_cosine,20260908,"1,2",237,20,20,40,0.2497139383537152,0.16391332332117567,0.13505685475219908,0.16391332332117567,0.17723306872631056,0.16264392476578704,0.17723306872631056,0.08580061503253952,0.07248086962740463,QC-passed raw cells; independent with-replacement full-size A/B within environment×perturbation; controls resampled independently,"min(n_left,n_right) cells per full-size replicate per ordered pair, sampled with replacement",0
matched_budget_source_frozen,frangieh_melanoma_control,frangieh_melanoma_coculture,frangieh_melanoma_ifng,systema_centroid_accuracy,20260908,"0,1",237,20,20,40,0.06853858256454266,0.05506686690981906,0.0524565543874705,0.05506686690981906,0.05613959808338697,0.054566259028820716,0.05613959808338697,0.013471715654723604,0.012398984481155693,QC-passed raw cells; independent with-replacement full-size A/B within environment×perturbation; controls resampled independently,"min(n_left,n_right) cells per full-size replicate per ordered pair, sampled with replacement",0
matched_budget_source_frozen,frangieh_melanoma_control,frangieh_melanoma_coculture,frangieh_melanoma_ifng,systema_centroid_accuracy,20260908,"0,2",237,20,20,40,0.06853858256454266,0.05506686690981906,0.0524565543874705,0.05506686690981906,0.05765930057927483,0.056747479081742117,0.05765930057927483,0.013471715654723604,0.01087928198526783,QC-passed raw cells; independent with-replacement full-size A/B within environment×perturbation; controls resampled independently,"min(n_left,n_right) cells per full-size replicate per ordered pair, sampled with replacement",0
matched_budget_source_frozen,frangieh_melanoma_control,frangieh_melanoma_coculture,frangieh_melanoma_ifng,systema_centroid_accuracy,20260908,"1,2",237,20,20,40,0.06853858256454266,0.05506686690981906,0.0524565543874705,0.05506686690981906,0.05932203389830508,0.05611277980404777,0.05932203389830508,0.013471715654723604,0.009216548666237584,QC-passed raw cells; independent with-replacement full-size A/B within environment×perturbation; controls resampled independently,"min(n_left,n_right) cells per full-size replicate per ordered pair, sampled with replacement",0
matched_budget_source_frozen,frangieh_melanoma_control,frangieh_melanoma_coculture,frangieh_melanoma_ifng,absolute_effect_rank_agreement,20260908,"0,1",237,20,20,40,0.2322105413716656,0.1781091325180576,0.17456911964528354,0.1781091325180576,0.2111850103697347,0.20893227490524208,0.2111850103697347,0.05410140885360801,0.021025531001930914,QC-passed raw cells; independent with-replacement full-size A/B within environment×perturbation; controls resampled independently,"min(n_left,n_right) cells per full-size replicate per ordered pair, sampled with replacement",0
matched_budget_source_frozen,frangieh_melanoma_control,frangieh_melanoma_coculture,frangieh_melanoma_ifng,absolute_effect_rank_agreement,20260908,"0,2",237,20,20,40,0.2322105413716656,0.1781091325180576,0.17456911964528354,0.1781091325180576,0.2299399270542802,0.22482657512693982,0.2299399270542802,0.05410140885360801,0.0022706143173854,QC-passed raw cells; independent with-replacement full-size A/B within environment×perturbation; controls resampled independently,"min(n_left,n_right) cells per full-size replicate per ordered pair, sampled with replacement",0
matched_budget_source_frozen,frangieh_melanoma_control,frangieh_melanoma_coculture,frangieh_melanoma_ifng,absolute_effect_rank_agreement,20260908,"1,2",237,20,20,40,0.2322105413716656,0.1781091325180576,0.17456911964528354,0.1781091325180576,0.21608381606236143,0.2062146892655367,0.21608381606236143,0.05410140885360801,0.016126725309304174,QC-passed raw cells; independent with-replacement full-size A/B within environment×perturbation; controls resampled independently,"min(n_left,n_right) cells per full-size replicate per ordered pair, sampled with replacement",0
matched_budget_source_frozen,frangieh_melanoma_coculture,frangieh_melanoma_control,frangieh_melanoma_coculture,delta_cosine,20260908,"0,1",234,20,20,40,0.25305381313965003,0.14500568577821796,0.16587799420417448,0.16587799420417448,0.2238179083672646,0.2106489123656506,0.2238179083672646,0.08717581893547555,0.02923590477238544,QC-passed raw cells; independent with-replacement full-size A/B within environment×perturbation; controls resampled independently,"min(n_left,n_right) cells per full-size replicate per ordered pair, sampled with replacement",0
matched_budget_source_frozen,frangieh_melanoma_coculture,frangieh_melanoma_control,frangieh_melanoma_coculture,delta_cosine,20260908,"0,2",234,20,20,40,0.25305381313965003,0.14500568577821796,0.16587799420417448,0.16587799420417448,0.20402773192472762,0.21105241920692563,0.21105241920692563,0.08717581893547555,0.042001393932724396,QC-passed raw cells; independent with-replacement full-size A/B within environment×perturbation; controls resampled independently,"min(n_left,n_right) cells per full-size replicate per ordered pair, sampled with replacement",0
matched_budget_source_frozen,frangieh_melanoma_coculture,frangieh_melanoma_control,frangieh_melanoma_coculture,delta_cosine,20260908,"1,2",234,20,20,40,0.25305381313965003,0.14500568577821796,0.16587799420417448,0.16587799420417448,0.20243204577968527,0.21527089982025605,0.21527089982025605,0.08717581893547555,0.037782913319393985,QC-passed raw cells; independent with-replacement full-size A/B within environment×perturbation; controls resampled independently,"min(n_left,n_right) cells per full-size replicate per ordered pair, sampled with replacement",0
matched_budget_source_frozen,frangieh_melanoma_coculture,frangieh_melanoma_control,frangieh_melanoma_coculture,systema_centroid_accuracy,20260908,"0,1",234,20,20,40,0.09040387366567623,0.056967829500018344,0.04875096291405304,0.056967829500018344,0.05873775723561131,0.05265764278639816,0.05873775723561131,0.03343604416565789,0.03166611643006492,QC-passed raw cells; independent with-replacement full-size A/B within environment×perturbation; controls resampled independently,"min(n_left,n_right) cells per full-size replicate per ordered pair, sampled with replacement",0
matched_budget_source_frozen,frangieh_melanoma_coculture,frangieh_melanoma_control,frangieh_melanoma_coculture,systema_centroid_accuracy,20260908,"0,2",234,20,20,40,0.09040387366567623,0.056967829500018344,0.04875096291405304,0.056967829500018344,0.058398444664539084,0.05231833021532593,0.058398444664539084,0.03343604416565789,0.03200542900113715,QC-passed raw cells; independent with-replacement full-size A/B within environment×perturbation; controls resampled independently,"min(n_left,n_right) cells per full-size replicate per ordered pair, sampled with replacement",0
matched_budget_source_frozen,frangieh_melanoma_coculture,frangieh_melanoma_control,frangieh_melanoma_coculture,systema_centroid_accuracy,20260908,"1,2",234,20,20,40,0.09040387366567623,0.056967829500018344,0.04875096291405304,0.056967829500018344,0.05882029272587212,0.05119951579179047,0.05882029272587212,0.03343604416565789,0.03158358093980411,QC-passed raw cells; independent with-replacement full-size A/B within environment×perturbation; controls resampled independently,"min(n_left,n_right) cells per full-size replicate per ordered pair, sampled with replacement",0
matched_budget_source_frozen,frangieh_melanoma_coculture,frangieh_melanoma_control,frangieh_melanoma_coculture,absolute_effect_rank_agreement,20260908,"0,1",234,20,20,40,0.19665456146142843,0.1463629360625069,0.1584314588606434,0.1584314588606434,0.22792634166024725,0.22979714610615898,0.22979714610615898,0.03822310260078504,-0.03314258464473055,QC-passed raw cells; independent with-replacement full-size A/B within environment×perturbation; controls resampled independently,"min(n_left,n_right) cells per full-size replicate per ordered pair, sampled with replacement",0
matched_budget_source_frozen,frangieh_melanoma_coculture,frangieh_melanoma_control,frangieh_melanoma_coculture,absolute_effect_rank_agreement,20260908,"0,2",234,20,20,40,0.19665456146142843,0.1463629360625069,0.1584314588606434,0.1584314588606434,0.2146839807784014,0.23256667033491066,0.23256667033491066,0.03822310260078504,-0.03591210887348223,QC-passed raw cells; independent with-replacement full-size A/B within environment×perturbation; controls resampled independently,"min(n_left,n_right) cells per full-size replicate per ordered pair, sampled with replacement",0
matched_budget_source_frozen,frangieh_melanoma_coculture,frangieh_melanoma_control,frangieh_melanoma_coculture,absolute_effect_rank_agreement,20260908,"1,2",234,20,20,40,0.19665456146142843,0.1463629360625069,0.1584314588606434,0.1584314588606434,0.20780602325666703,0.21231796339092474,0.21231796339092474,0.03822310260078504,-0.015663401929496307,QC-passed raw cells; independent with-replacement full-size A/B within environment×perturbation; controls resampled independently,"min(n_left,n_right) cells per full-size replicate per ordered pair, sampled with replacement",0
matched_budget_source_frozen,frangieh_melanoma_coculture,frangieh_melanoma_control,frangieh_melanoma_ifng,delta_cosine,20260908,"0,1",235,20,20,40,0.19419894526277504,0.14180760138206944,0.14380796508456084,0.14380796508456084,0.22031278414257136,0.19781778505182757,0.22031278414257136,0.050390980178214195,-0.02611383887979632,QC-passed raw cells; independent with-replacement full-size A/B within environment×perturbation; controls resampled independently,"min(n_left,n_right) cells per full-size replicate per ordered pair, sampled with replacement",0
matched_budget_source_frozen,frangieh_melanoma_coculture,frangieh_melanoma_control,frangieh_melanoma_ifng,delta_cosine,20260908,"0,2",235,20,20,40,0.19419894526277504,0.14180760138206944,0.14380796508456084,0.14380796508456084,0.20150936533915256,0.19419894526277504,0.20150936533915256,0.050390980178214195,-0.007310420076377527,QC-passed raw cells; independent with-replacement full-size A/B within environment×perturbation; controls resampled independently,"min(n_left,n_right) cells per full-size replicate per ordered pair, sampled with replacement",0
matched_budget_source_frozen,frangieh_melanoma_coculture,frangieh_melanoma_control,frangieh_melanoma_ifng,delta_cosine,20260908,"1,2",235,20,20,40,0.19419894526277504,0.14180760138206944,0.14380796508456084,0.14380796508456084,0.19932715039098017,0.1878887070376432,0.19932715039098017,0.050390980178214195,-0.005128205128205138,QC-passed raw cells; independent with-replacement full-size A/B within environment×perturbation; controls resampled independently,"min(n_left,n_right) cells per full-size replicate per ordered pair, sampled with replacement",0
matched_budget_source_frozen,frangieh_melanoma_coculture,frangieh_melanoma_control,frangieh_melanoma_ifng,systema_centroid_accuracy,20260908,"0,1",235,20,20,40,0.08033278777959629,0.057083106019276235,0.05539188943444263,0.057083106019276235,0.05919258046917621,0.05729223495180942,0.05919258046917621,0.023249681760320058,0.02114020731042008,QC-passed raw cells; independent with-replacement full-size A/B within environment×perturbation; controls resampled independently,"min(n_left,n_right) cells per full-size replicate per ordered pair, sampled with replacement",0
matched_budget_source_frozen,frangieh_melanoma_coculture,frangieh_melanoma_control,frangieh_melanoma_ifng,systema_centroid_accuracy,20260908,"0,2",235,20,20,40,0.08033278777959629,0.057083106019276235,0.05539188943444263,0.057083106019276235,0.05834697217675941,0.05706492089470813,0.05834697217675941,0.023249681760320058,0.021985815602836883,QC-passed raw cells; independent with-replacement full-size A/B within environment×perturbation; controls resampled independently,"min(n_left,n_right) cells per full-size replicate per ordered pair, sampled with replacement",0
matched_budget_source_frozen,frangieh_melanoma_coculture,frangieh_melanoma_control,frangieh_melanoma_ifng,systema_centroid_accuracy,20260908,"1,2",235,20,20,40,0.08033278777959629,0.057083106019276235,0.05539188943444263,0.057083106019276235,0.05935624659028914,0.05621931260229132,0.05935624659028914,0.023249681760320058,0.020976541189307155,QC-passed raw cells; independent with-replacement full-size A/B within environment×perturbation; controls resampled independently,"min(n_left,n_right) cells per full-size replicate per ordered pair, sampled with replacement",0
matched_budget_source_frozen,frangieh_melanoma_coculture,frangieh_melanoma_control,frangieh_melanoma_ifng,absolute_effect_rank_agreement,20260908,"0,1",235,20,20,40,0.19589016184760866,0.1473722494999091,0.16315693762502273,0.16315693762502273,0.22882342244044374,0.23404255319148937,0.23404255319148937,0.03273322422258593,-0.03815239134388071,QC-passed raw cells; independent with-replacement full-size A/B within environment×perturbation; controls resampled independently,"min(n_left,n_right) cells per full-size replicate per ordered pair, sampled with replacement",0
matched_budget_source_frozen,frangieh_melanoma_coculture,frangieh_melanoma_control,frangieh_melanoma_ifng,absolute_effect_rank_agreement,20260908,"0,2",235,20,20,40,0.19589016184760866,0.1473722494999091,0.16315693762502273,0.16315693762502273,0.21751227495908346,0.24829969085288234,0.24829969085288234,0.03273322422258593,-0.05240952900527368,QC-passed raw cells; independent with-replacement full-size A/B within environment×perturbation; controls resampled independently,"min(n_left,n_right) cells per full-size replicate per ordered pair, sampled with replacement",0
matched_budget_source_frozen,frangieh_melanoma_coculture,frangieh_melanoma_control,frangieh_melanoma_ifng,absolute_effect_rank_agreement,20260908,"1,2",235,20,20,40,0.19589016184760866,0.1473722494999091,0.16315693762502273,0.16315693762502273,0.21096563011456632,0.22645935624659028,0.22645935624659028,0.03273322422258593,-0.03056919439898162,QC-passed raw cells; independent with-replacement full-size A/B within environment×perturbation; controls resampled independently,"min(n_left,n_right) cells per full-size replicate per ordered pair, sampled with replacement",0
matched_budget_source_frozen,frangieh_melanoma_coculture,frangieh_melanoma_coculture,frangieh_melanoma_ifng,delta_cosine,20260908,"0,1",237,20,20,40,0.2102553100193092,0.1618751340913967,0.12232711149252663,0.1618751340913967,0.19722162626045914,0.18672673961238645,0.19722162626045914,0.048380175927912494,0.013033683758850056,QC-passed raw cells; independent with-replacement full-size A/B within environment×perturbation; controls resampled independently,"min(n_left,n_right) cells per full-size replicate per ordered pair, sampled with replacement",0
matched_budget_source_frozen,frangieh_melanoma_coculture,frangieh_melanoma_coculture,frangieh_melanoma_ifng,delta_cosine,20260908,"0,2",237,20,20,40,0.2102553100193092,0.1618751340913967,0.12232711149252663,0.1618751340913967,0.2052671100622184,0.1811485375098334,0.2052671100622184,0.048380175927912494,0.004988199957090794,QC-passed raw cells; independent with-replacement full-size A/B within environment×perturbation; controls resampled independently,"min(n_left,n_right) cells per full-size replicate per ordered pair, sampled with replacement",0
matched_budget_source_frozen,frangieh_melanoma_coculture,frangieh_melanoma_coculture,frangieh_melanoma_ifng,delta_cosine,20260908,"1,2",237,20,20,40,0.2102553100193092,0.1618751340913967,0.12232711149252663,0.1618751340913967,0.20474862332832724,0.18506400629335618,0.20474862332832724,0.048380175927912494,0.005506686690981949,QC-passed raw cells; independent with-replacement full-size A/B within environment×perturbation; controls resampled independently,"min(n_left,n_right) cells per full-size replicate per ordered pair, sampled with replacement",0
matched_budget_source_frozen,frangieh_melanoma_coculture,frangieh_melanoma_coculture,frangieh_melanoma_ifng,systema_centroid_accuracy,20260908,"0,1",237,20,20,40,0.07110419795465923,0.05158049059572337,0.05426231852964314,0.05426231852964314,0.05526353429163985,0.056166416362726165,0.056166416362726165,0.016841879425016096,0.01493778159193307,QC-passed raw cells; independent with-replacement full-size A/B within environment×perturbation; controls resampled independently,"min(n_left,n_right) cells per full-size replicate per ordered pair, sampled with replacement",0
matched_budget_source_frozen,frangieh_melanoma_coculture,frangieh_melanoma_coculture,frangieh_melanoma_ifng,systema_centroid_accuracy,20260908,"0,2",237,20,20,40,0.07110419795465923,0.05158049059572337,0.05426231852964314,0.05426231852964314,0.056103840377601376,0.056336265465207744,0.056336265465207744,0.016841879425016096,0.01476793248945149,QC-passed raw cells; independent with-replacement full-size A/B within environment×perturbation; controls resampled independently,"min(n_left,n_right) cells per full-size replicate per ordered pair, sampled with replacement",0
matched_budget_source_frozen,frangieh_melanoma_coculture,frangieh_melanoma_coculture,frangieh_melanoma_ifng,systema_centroid_accuracy,20260908,"1,2",237,20,20,40,0.07110419795465923,0.05158049059572337,0.05426231852964314,0.05426231852964314,0.0546020167346063,0.055120503468497464,0.055120503468497464,0.016841879425016096,0.01598369448616177,QC-passed raw cells; independent with-replacement full-size A/B within environment×perturbation; controls resampled independently,"min(n_left,n_right) cells per full-size replicate per ordered pair, sampled with replacement",0
matched_budget_source_frozen,frangieh_melanoma_coculture,frangieh_melanoma_coculture,frangieh_melanoma_ifng,absolute_effect_rank_agreement,20260908,"0,1",237,20,20,40,0.203264678538225,0.162733319030251,0.16033755274261605,0.162733319030251,0.23242508760637917,0.22759779732532362,0.23242508760637917,0.040531359507973985,-0.029160409068154175,QC-passed raw cells; independent with-replacement full-size A/B within environment×perturbation; controls resampled independently,"min(n_left,n_right) cells per full-size replicate per ordered pair, sampled with replacement",0
matched_budget_source_frozen,frangieh_melanoma_coculture,frangieh_melanoma_coculture,frangieh_melanoma_ifng,absolute_effect_rank_agreement,20260908,"0,2",237,20,20,40,0.203264678538225,0.162733319030251,0.16033755274261605,0.162733319030251,0.2288850747336051,0.23651934491882998,0.23651934491882998,0.040531359507973985,-0.03325466638060498,QC-passed raw cells; independent with-replacement full-size A/B within environment×perturbation; controls resampled independently,"min(n_left,n_right) cells per full-size replicate per ordered pair, sampled with replacement",0
matched_budget_source_frozen,frangieh_melanoma_coculture,frangieh_melanoma_coculture,frangieh_melanoma_ifng,absolute_effect_rank_agreement,20260908,"1,2",237,20,20,40,0.203264678538225,0.162733319030251,0.16033755274261605,0.162733319030251,0.220732317814489,0.2207144389615962,0.220732317814489,0.040531359507973985,-0.01746763927626399,QC-passed raw cells; independent with-replacement full-size A/B within environment×perturbation; controls resampled independently,"min(n_left,n_right) cells per full-size replicate per ordered pair, sampled with replacement",0
matched_budget_source_frozen,frangieh_melanoma_ifng,frangieh_melanoma_control,frangieh_melanoma_coculture,delta_cosine,20260908,"0,1",234,20,20,40,0.26290304831077366,0.16309012875536483,0.16543780492278348,0.16543780492278348,0.18177983199442427,0.18511793404497268,0.18511793404497268,0.09746524338799017,0.07778511426580098,QC-passed raw cells; independent with-replacement full-size A/B within environment×perturbation; controls resampled independently,"min(n_left,n_right) cells per full-size replicate per ordered pair, sampled with replacement",0
matched_budget_source_frozen,frangieh_melanoma_ifng,frangieh_melanoma_control,frangieh_melanoma_coculture,delta_cosine,20260908,"0,2",234,20,20,40,0.26290304831077366,0.16309012875536483,0.16543780492278348,0.16543780492278348,0.1855581233263637,0.18434760280253842,0.1855581233263637,0.09746524338799017,0.07734492498440995,QC-passed raw cells; independent with-replacement full-size A/B within environment×perturbation; controls resampled independently,"min(n_left,n_right) cells per full-size replicate per ordered pair, sampled with replacement",0
matched_budget_source_frozen,frangieh_melanoma_ifng,frangieh_melanoma_control,frangieh_melanoma_coculture,delta_cosine,20260908,"1,2",234,20,20,40,0.26290304831077366,0.16309012875536483,0.16543780492278348,0.16543780492278348,0.18704376215105828,0.18464106232346578,0.18704376215105828,0.09746524338799017,0.07585928615971538,QC-passed raw cells; independent with-replacement full-size A/B within environment×perturbation; controls resampled independently,"min(n_left,n_right) cells per full-size replicate per ordered pair, sampled with replacement",0
matched_budget_source_frozen,frangieh_melanoma_ifng,frangieh_melanoma_control,frangieh_melanoma_coculture,systema_centroid_accuracy,20260908,"0,1",234,20,20,40,0.09166941784967536,0.05735299512123546,0.0529877847474414,0.05735299512123546,0.057903231722974215,0.05550053189538168,0.057903231722974215,0.0343164227284399,0.033766186126701146,QC-passed raw cells; independent with-replacement full-size A/B within environment×perturbation; controls resampled independently,"min(n_left,n_right) cells per full-size replicate per ordered pair, sampled with replacement",0
matched_budget_source_frozen,frangieh_melanoma_ifng,frangieh_melanoma_control,frangieh_melanoma_coculture,systema_centroid_accuracy,20260908,"0,2",234,20,20,40,0.09166941784967536,0.05735299512123546,0.0529877847474414,0.05735299512123546,0.05890282821613294,0.0561516452074392,0.05890282821613294,0.0343164227284399,0.03276658963354242,QC-passed raw cells; independent with-replacement full-size A/B within environment×perturbation; controls resampled independently,"min(n_left,n_right) cells per full-size replicate per ordered pair, sampled with replacement",0
matched_budget_source_frozen,frangieh_melanoma_ifng,frangieh_melanoma_control,frangieh_melanoma_coculture,systema_centroid_accuracy,20260908,"1,2",234,20,20,40,0.09166941784967536,0.05735299512123546,0.0529877847474414,0.05735299512123546,0.05864605113532152,0.05590403873665676,0.05864605113532152,0.0343164227284399,0.03302336671435384,QC-passed raw cells; independent with-replacement full-size A/B within environment×perturbation; controls resampled independently,"min(n_left,n_right) cells per full-size replicate per ordered pair, sampled with replacement",0
matched_budget_source_frozen,frangieh_melanoma_ifng,frangieh_melanoma_control,frangieh_melanoma_coculture,absolute_effect_rank_agreement,20260908,"0,1",234,20,20,40,0.17554381717471845,0.13609185283005026,0.1444554491764792,0.1444554491764792,0.17811158798283264,0.18289864641795975,0.18289864641795975,0.031088367998239247,-0.007354829243241295,QC-passed raw cells; independent with-replacement full-size A/B within environment×perturbation; controls resampled independently,"min(n_left,n_right) cells per full-size replicate per ordered pair, sampled with replacement",0
matched_budget_source_frozen,frangieh_melanoma_ifng,frangieh_melanoma_control,frangieh_melanoma_coculture,absolute_effect_rank_agreement,20260908,"0,2",234,20,20,40,0.17554381717471845,0.13609185283005026,0.1444554491764792,0.1444554491764792,0.18249513957668462,0.18082608855141044,0.18249513957668462,0.031088367998239247,-0.006951322401966165,QC-passed raw cells; independent with-replacement full-size A/B within environment×perturbation; controls resampled independently,"min(n_left,n_right) cells per full-size replicate per ordered pair, sampled with replacement",0
matched_budget_source_frozen,frangieh_melanoma_ifng,frangieh_melanoma_control,frangieh_melanoma_coculture,absolute_effect_rank_agreement,20260908,"1,2",234,20,20,40,0.17554381717471845,0.13609185283005026,0.1444554491764792,0.1444554491764792,0.192014232786765,0.19476541579545872,0.19476541579545872,0.031088367998239247,-0.01922159862074027,QC-passed raw cells; independent with-replacement full-size A/B within environment×perturbation; controls resampled independently,"min(n_left,n_right) cells per full-size replicate per ordered pair, sampled with replacement",0
matched_budget_source_frozen,frangieh_melanoma_ifng,frangieh_melanoma_control,frangieh_melanoma_ifng,delta_cosine,20260908,"0,1",235,20,20,40,0.2164757228587016,0.1574831787597745,0.13697035824695397,0.1574831787597745,0.17983269685397346,0.16048372431351154,0.17983269685397346,0.0589925440989271,0.03664302600472813,QC-passed raw cells; independent with-replacement full-size A/B within environment×perturbation; controls resampled independently,"min(n_left,n_right) cells per full-size replicate per ordered pair, sampled with replacement",0
matched_budget_source_frozen,frangieh_melanoma_ifng,frangieh_melanoma_control,frangieh_melanoma_ifng,delta_cosine,20260908,"0,2",235,20,20,40,0.2164757228587016,0.1574831787597745,0.13697035824695397,0.1574831787597745,0.18114202582287686,0.1630478268776141,0.18114202582287686,0.0589925440989271,0.03533369703582473,QC-passed raw cells; independent with-replacement full-size A/B within environment×perturbation; controls resampled independently,"min(n_left,n_right) cells per full-size replicate per ordered pair, sampled with replacement",0
matched_budget_source_frozen,frangieh_melanoma_ifng,frangieh_melanoma_control,frangieh_melanoma_ifng,delta_cosine,20260908,"1,2",235,20,20,40,0.2164757228587016,0.1574831787597745,0.13697035824695397,0.1574831787597745,0.18210583742498634,0.1629932715039098,0.18210583742498634,0.0589925440989271,0.03436988543371525,QC-passed raw cells; independent with-replacement full-size A/B within environment×perturbation; controls resampled independently,"min(n_left,n_right) cells per full-size replicate per ordered pair, sampled with replacement",0
matched_budget_source_frozen,frangieh_melanoma_ifng,frangieh_melanoma_control,frangieh_melanoma_ifng,systema_centroid_accuracy,20260908,"0,1",235,20,20,40,0.07803236952173123,0.05813784324422622,0.049027095835606466,0.05813784324422622,0.059138025095471905,0.04979996362975086,0.059138025095471905,0.019894526277505015,0.018894344426259327,QC-passed raw cells; independent with-replacement full-size A/B within environment×perturbation; controls resampled independently,"min(n_left,n_right) cells per full-size replicate per ordered pair, sampled with replacement",0
matched_budget_source_frozen,frangieh_melanoma_ifng,frangieh_melanoma_control,frangieh_melanoma_ifng,systema_centroid_accuracy,20260908,"0,2",235,20,20,40,0.07803236952173123,0.05813784324422622,0.049027095835606466,0.05813784324422622,0.05997454082560466,0.05068194217130387,0.05997454082560466,0.019894526277505015,0.01805782869612657,QC-passed raw cells; independent with-replacement full-size A/B within environment×perturbation; controls resampled independently,"min(n_left,n_right) cells per full-size replicate per ordered pair, sampled with replacement",0
matched_budget_source_frozen,frangieh_melanoma_ifng,frangieh_melanoma_control,frangieh_melanoma_ifng,systema_centroid_accuracy,20260908,"1,2",235,20,20,40,0.07803236952173123,0.05813784324422622,0.049027095835606466,0.05813784324422622,0.05958356064739044,0.050554646299327155,0.05958356064739044,0.019894526277505015,0.01844880887434079,QC-passed raw cells; independent with-replacement full-size A/B within environment×perturbation; controls resampled independently,"min(n_left,n_right) cells per full-size replicate per ordered pair, sampled with replacement",0
matched_budget_source_frozen,frangieh_melanoma_ifng,frangieh_melanoma_control,frangieh_melanoma_ifng,absolute_effect_rank_agreement,20260908,"0,1",235,20,20,40,0.17157665030005453,0.1349336242953264,0.13824331696672124,0.13824331696672124,0.18156028368794325,0.18428805237315876,0.18428805237315876,0.0333333333333333,-0.012711402073104228,QC-passed raw cells; independent with-replacement full-size A/B within environment×perturbation; controls resampled independently,"min(n_left,n_right) cells per full-size replicate per ordered pair, sampled with replacement",0
matched_budget_source_frozen,frangieh_melanoma_ifng,frangieh_melanoma_control,frangieh_melanoma_ifng,absolute_effect_rank_agreement,20260908,"0,2",235,20,20,40,0.17157665030005453,0.1349336242953264,0.13824331696672124,0.13824331696672124,0.18632478632478633,0.17446808510638298,0.18632478632478633,0.0333333333333333,-0.014748136024731795,QC-passed raw cells; independent with-replacement full-size A/B within environment×perturbation; controls resampled independently,"min(n_left,n_right) cells per full-size replicate per ordered pair, sampled with replacement",0
matched_budget_source_frozen,frangieh_melanoma_ifng,frangieh_melanoma_control,frangieh_melanoma_ifng,absolute_effect_rank_agreement,20260908,"1,2",235,20,20,40,0.17157665030005453,0.1349336242953264,0.13824331696672124,0.13824331696672124,0.1907437715948354,0.1900163666121113,0.1907437715948354,0.0333333333333333,-0.019167121294780876,QC-passed raw cells; independent with-replacement full-size A/B within environment×perturbation; controls resampled independently,"min(n_left,n_right) cells per full-size replicate per ordered pair, sampled with replacement",0
matched_budget_source_frozen,frangieh_melanoma_ifng,frangieh_melanoma_coculture,frangieh_melanoma_ifng,delta_cosine,20260908,"0,1",237,20,20,40,0.2433133090180934,0.1730315382965029,0.1262604591289423,0.1730315382965029,0.1897661446041622,0.15252449402846316,0.1897661446041622,0.0702817707215905,0.0535471644139312,QC-passed raw cells; independent with-replacement full-size A/B within environment×perturbation; controls resampled independently,"min(n_left,n_right) cells per full-size replicate per ordered pair, sampled with replacement",0
matched_budget_source_frozen,frangieh_melanoma_ifng,frangieh_melanoma_coculture,frangieh_melanoma_ifng,delta_cosine,20260908,"0,2",237,20,20,40,0.2433133090180934,0.1730315382965029,0.1262604591289423,0.1730315382965029,0.18595794893799616,0.15345419437888863,0.18595794893799616,0.0702817707215905,0.05735536008009723,QC-passed raw cells; independent with-replacement full-size A/B within environment×perturbation; controls resampled independently,"min(n_left,n_right) cells per full-size replicate per ordered pair, sampled with replacement",0
matched_budget_source_frozen,frangieh_melanoma_ifng,frangieh_melanoma_coculture,frangieh_melanoma_ifng,delta_cosine,20260908,"1,2",237,20,20,40,0.2433133090180934,0.1730315382965029,0.1262604591289423,0.1730315382965029,0.18763856110991917,0.15627905313595078,0.18763856110991917,0.0702817707215905,0.05567474790817423,QC-passed raw cells; independent with-replacement full-size A/B within environment×perturbation; controls resampled independently,"min(n_left,n_right) cells per full-size replicate per ordered pair, sampled with replacement",0
matched_budget_source_frozen,frangieh_melanoma_ifng,frangieh_melanoma_coculture,frangieh_melanoma_ifng,systema_centroid_accuracy,20260908,"0,1",237,20,20,40,0.07114889508689123,0.056944146463562904,0.04864835872130444,0.056944146463562904,0.05798111993134521,0.05039154687835229,0.05798111993134521,0.01420474862332833,0.013167775155546027,QC-passed raw cells; independent with-replacement full-size A/B within environment×perturbation; controls resampled independently,"min(n_left,n_right) cells per full-size replicate per ordered pair, sampled with replacement",0
matched_budget_source_frozen,frangieh_melanoma_ifng,frangieh_melanoma_coculture,frangieh_melanoma_ifng,systema_centroid_accuracy,20260908,"0,2",237,20,20,40,0.07114889508689123,0.056944146463562904,0.04864835872130444,0.056944146463562904,0.05930415504541228,0.05091003361224343,0.05930415504541228,0.01420474862332833,0.011844740041478952,QC-passed raw cells; independent with-replacement full-size A/B within environment×perturbation; controls resampled independently,"min(n_left,n_right) cells per full-size replicate per ordered pair, sampled with replacement",0
matched_budget_source_frozen,frangieh_melanoma_ifng,frangieh_melanoma_coculture,frangieh_melanoma_ifng,systema_centroid_accuracy,20260908,"1,2",237,20,20,40,0.07114889508689123,0.056944146463562904,0.04864835872130444,0.056944146463562904,0.05905385110491311,0.0524923120932561,0.05905385110491311,0.01420474862332833,0.012095043981978124,QC-passed raw cells; independent with-replacement full-size A/B within environment×perturbation; controls resampled independently,"min(n_left,n_right) cells per full-size replicate per ordered pair, sampled with replacement",0
matched_budget_source_frozen,frangieh_melanoma_ifng,frangieh_melanoma_coculture,frangieh_melanoma_ifng,absolute_effect_rank_agreement,20260908,"0,1",237,20,20,40,0.17499821211471073,0.13723807480512049,0.11996710291067723,0.13723807480512049,0.18161338768504612,0.17903883286848316,0.18161338768504612,0.03776013730959024,-0.006615175570335391,QC-passed raw cells; independent with-replacement full-size A/B within environment×perturbation; controls resampled independently,"min(n_left,n_right) cells per full-size replicate per ordered pair, sampled with replacement",0
matched_budget_source_frozen,frangieh_melanoma_ifng,frangieh_melanoma_coculture,frangieh_melanoma_ifng,absolute_effect_rank_agreement,20260908,"0,2",237,20,20,40,0.17499821211471073,0.13723807480512049,0.11996710291067723,0.13723807480512049,0.17676821855109776,0.17639276264034898,0.17676821855109776,0.03776013730959024,-0.0017700064363870283,QC-passed raw cells; independent with-replacement full-size A/B within environment×perturbation; controls resampled independently,"min(n_left,n_right) cells per full-size replicate per ordered pair, sampled with replacement",0
matched_budget_source_frozen,frangieh_melanoma_ifng,frangieh_melanoma_coculture,frangieh_melanoma_ifng,absolute_effect_rank_agreement,20260908,"1,2",237,20,20,40,0.17499821211471073,0.13723807480512049,0.11996710291067723,0.13723807480512049,0.18526067367517696,0.18808553243223913,0.18808553243223913,0.03776013730959024,-0.013087320317528406,QC-passed raw cells; independent with-replacement full-size A/B within environment×perturbation; controls resampled independently,"min(n_left,n_right) cells per full-size replicate per ordered pair, sampled with replacement",0
