estimand,source_environment_id,left_target_environment_id,right_target_environment_id,metric,n_split_seeds,n_perturbations_primary_min,min_cells_primary,sensitivity_min_cells,cross_d,cross_d_ci_low,cross_d_ci_high,measurement_floor_d,measurement_floor_d_ci_low,measurement_floor_d_ci_high,joint_floor_d,joint_floor_d_ci_low,joint_floor_d_ci_high,delta_meas,delta_meas_ci_low,delta_meas_ci_high,delta_joint,delta_joint_ci_low,delta_joint_ci_high,bootstrap_draws,bootstrap_seed,bootstrap_unit,measurement_definition,joint_definition,metric_entrypoint,refit_per_metric
matched_budget_source_frozen,frangieh_melanoma_control,frangieh_melanoma_control,frangieh_melanoma_coculture,delta_cosine,30,223,20,40,0.2660477719872339,0.24103290510241182,0.29238930634670546,0.25818446248939525,0.2282945501555367,0.2913212539894154,0.2637073284046378,0.23554569143134166,0.294125964529552,0.007863309497838646,-0.026443764392194875,0.042784712964085134,0.0023404435825960497,-0.03005898274956575,0.03626176625055548,2000,20270662,matched perturbation label; each draw also selects one of 30 measurement seeds and one unordered model-member pair,fixed source-frozen mean prediction versus half A/B truths within each target context,"source-frozen model member m1 with half A versus member m2 with half B, averaged over both orientations",delta_cosine; third_party/systema/evaluation/centroid_accuracy.py-equivalent chunked distance; absolute_effect_rank_agreement,0
matched_budget_source_frozen,frangieh_melanoma_control,frangieh_melanoma_control,frangieh_melanoma_coculture,systema_centroid_accuracy,30,223,20,40,0.0664946370136953,0.05284157475861512,0.08265690017371632,0.05217107017331232,0.043852765321375185,0.06179049004161112,0.0543544873348685,0.04569092635236133,0.06460959277663313,0.014323566840382985,0.001247323556740599,0.02911667272653815,0.012140149678826808,-0.0007587464145760136,0.027545398537550985,2000,20272067,matched perturbation label; each draw also selects one of 30 measurement seeds and one unordered model-member pair,fixed source-frozen mean prediction versus half A/B truths within each target context,"source-frozen model member m1 with half A versus member m2 with half B, averaged over both orientations",delta_cosine; third_party/systema/evaluation/centroid_accuracy.py-equivalent chunked distance; absolute_effect_rank_agreement,0
matched_budget_source_frozen,frangieh_melanoma_control,frangieh_melanoma_control,frangieh_melanoma_coculture,absolute_effect_rank_agreement,30,223,20,40,0.24407502120955035,0.21906385084636204,0.26936128954066174,0.22945750010099783,0.20352785520946953,0.2572243768432109,0.2499313517553428,0.2248969821839777,0.27560699713166076,0.014617521108552498,-0.016746454975154507,0.04430069082535452,-0.0058563305457924285,-0.03563305457924293,0.025857976810891574,2000,20272553,matched perturbation label; each draw also selects one of 30 measurement seeds and one unordered model-member pair,fixed source-frozen mean prediction versus half A/B truths within each target context,"source-frozen model member m1 with half A versus member m2 with half B, averaged over both orientations",delta_cosine; third_party/systema/evaluation/centroid_accuracy.py-equivalent chunked distance; absolute_effect_rank_agreement,0
matched_budget_source_frozen,frangieh_melanoma_control,frangieh_melanoma_control,frangieh_melanoma_ifng,delta_cosine,30,226,20,40,0.23612013765978365,0.21095329400196655,0.2610029498525074,0.23438239921337264,0.20625270403146512,0.2654523107177974,0.24266023598820058,0.21655408062930187,0.27156489675516227,0.0017377384464110123,-0.024232055063913446,0.028090462143559435,-0.006540098328416912,-0.031917895771878056,0.0199616519174041,2000,20270100,matched perturbation label; each draw also selects one of 30 measurement seeds and one unordered model-member pair,fixed source-frozen mean prediction versus half A/B truths within each target context,"source-frozen model member m1 with half A versus member m2 with half B, averaged over both orientations",delta_cosine; third_party/systema/evaluation/centroid_accuracy.py-equivalent chunked distance; absolute_effect_rank_agreement,0
matched_budget_source_frozen,frangieh_melanoma_control,frangieh_melanoma_control,frangieh_melanoma_ifng,systema_centroid_accuracy,30,226,20,40,0.05896955752212389,0.046514995083579154,0.07528269419862339,0.05005875122910521,0.04174827925270403,0.059725663716814155,0.052540427728613566,0.04392330383480826,0.06238962635201573,0.00891080629301868,-0.003815142576204522,0.02471017699115044,0.006429129793510324,-0.006156342182890854,0.021683382497541776,2000,20271505,matched perturbation label; each draw also selects one of 30 measurement seeds and one unordered model-member pair,fixed source-frozen mean prediction versus half A/B truths within each target context,"source-frozen model member m1 with half A versus member m2 with half B, averaged over both orientations",delta_cosine; third_party/systema/evaluation/centroid_accuracy.py-equivalent chunked distance; absolute_effect_rank_agreement,0
matched_budget_source_frozen,frangieh_melanoma_control,frangieh_melanoma_control,frangieh_melanoma_ifng,absolute_effect_rank_agreement,30,226,20,40,0.22699705998033431,0.20208161258603735,0.25241248770894786,0.2297650737463127,0.2029046214355949,0.2593195673549656,0.2504097738446411,0.2258377581120944,0.27500540806293017,-0.002768013765978368,-0.033141101278269414,0.02489724680432644,-0.023412713864306784,-0.0518810226155359,0.004483775811209402,2000,20271991,matched perturbation label; each draw also selects one of 30 measurement seeds and one unordered model-member pair,fixed source-frozen mean prediction versus half A/B truths within each target context,"source-frozen model member m1 with half A versus member m2 with half B, averaged over both orientations",delta_cosine; third_party/systema/evaluation/centroid_accuracy.py-equivalent chunked distance; absolute_effect_rank_agreement,0
matched_budget_source_frozen,frangieh_melanoma_control,frangieh_melanoma_coculture,frangieh_melanoma_ifng,delta_cosine,30,225,20,40,0.25331170634920636,0.22999751984126982,0.27877232142857145,0.24226569444444443,0.2142450396825397,0.274970238095238,0.2478021031746032,0.22144742063492065,0.27781944444444445,0.011046011904761904,-0.019866071428571424,0.04075595238095238,0.005509603174603174,-0.02387003968253974,0.03492063492063491,2000,20270313,matched perturbation label; each draw also selects one of 30 measurement seeds and one unordered model-member pair,fixed source-frozen mean prediction versus half A/B truths within each target context,"source-frozen model member m1 with half A versus member m2 with half B, averaged over both orientations",delta_cosine; third_party/systema/evaluation/centroid_accuracy.py-equivalent chunked distance; absolute_effect_rank_agreement,0
matched_budget_source_frozen,frangieh_melanoma_control,frangieh_melanoma_coculture,frangieh_melanoma_ifng,systema_centroid_accuracy,30,225,20,40,0.05460266369047619,0.04690451388888889,0.06304687499999999,0.05193869047619047,0.04382787698412698,0.062123511904761904,0.05449014384920635,0.046269345238095234,0.06428819444444442,0.0026639732142857146,-0.004487847222222224,0.009851438492063493,0.00011251984126984133,-0.006836061507936513,0.006736855158730146,2000,20271718,matched perturbation label; each draw also selects one of 30 measurement seeds and one unordered model-member pair,fixed source-frozen mean prediction versus half A/B truths within each target context,"source-frozen model member m1 with half A versus member m2 with half B, averaged over both orientations",delta_cosine; third_party/systema/evaluation/centroid_accuracy.py-equivalent chunked distance; absolute_effect_rank_agreement,0
matched_budget_source_frozen,frangieh_melanoma_control,frangieh_melanoma_coculture,frangieh_melanoma_ifng,absolute_effect_rank_agreement,30,225,20,40,0.22475889880952382,0.20079315476190476,0.2485719246031746,0.2227994841269841,0.19475892857142857,0.2553978174603175,0.24698569444444446,0.2224791666666667,0.27516021825396825,0.001959414682539683,-0.024447420634920624,0.029544642857142846,-0.022226795634920637,-0.049705853174603166,0.004464781746031755,2000,20272204,matched perturbation label; each draw also selects one of 30 measurement seeds and one unordered model-member pair,fixed source-frozen mean prediction versus half A/B truths within each target context,"source-frozen model member m1 with half A versus member m2 with half B, averaged over both orientations",delta_cosine; third_party/systema/evaluation/centroid_accuracy.py-equivalent chunked distance; absolute_effect_rank_agreement,0
matched_budget_source_frozen,frangieh_melanoma_coculture,frangieh_melanoma_control,frangieh_melanoma_coculture,delta_cosine,30,223,20,40,0.25533663596331757,0.22964893144265341,0.2816673736516786,0.23796511533955478,0.2110451258433321,0.266516179856987,0.26832315274916174,0.24184593786611724,0.2961171373166888,0.017371520623762775,-0.012405567001979607,0.04573385044237065,-0.012986516785844142,-0.044849109198885004,0.019412798448672906,2000,20270875,matched perturbation label; each draw also selects one of 30 measurement seeds and one unordered model-member pair,fixed source-frozen mean prediction versus half A/B truths within each target context,"source-frozen model member m1 with half A versus member m2 with half B, averaged over both orientations",delta_cosine; third_party/systema/evaluation/centroid_accuracy.py-equivalent chunked distance; absolute_effect_rank_agreement,0
matched_budget_source_frozen,frangieh_melanoma_coculture,frangieh_melanoma_control,frangieh_melanoma_coculture,systema_centroid_accuracy,30,223,20,40,0.07158722680079183,0.0581341150567608,0.0864933038419585,0.0612888740758696,0.05064032642507979,0.07389306346705449,0.06217530198359795,0.0520434391790894,0.0738705914434614,0.010298352724922232,-0.0030915444592574644,0.02578500585787581,0.009411924817193875,-0.003293035187654016,0.02444779420676278,2000,20272280,matched perturbation label; each draw also selects one of 30 measurement seeds and one unordered model-member pair,fixed source-frozen mean prediction versus half A/B truths within each target context,"source-frozen model member m1 with half A versus member m2 with half B, averaged over both orientations",delta_cosine; third_party/systema/evaluation/centroid_accuracy.py-equivalent chunked distance; absolute_effect_rank_agreement,0
matched_budget_source_frozen,frangieh_melanoma_coculture,frangieh_melanoma_control,frangieh_melanoma_coculture,absolute_effect_rank_agreement,30,223,20,40,0.2000569021936735,0.1767846321657981,0.2262584333212136,0.20047400315113323,0.17767543328081445,0.22797741687876216,0.25654155051912897,0.23285864339675996,0.2819481476992688,-0.0004171009574597014,-0.031149254635801715,0.02658920130893221,-0.0564846483254555,-0.08818779541873714,-0.025309053448066922,2000,20272766,matched perturbation label; each draw also selects one of 30 measurement seeds and one unordered model-member pair,fixed source-frozen mean prediction versus half A/B truths within each target context,"source-frozen model member m1 with half A versus member m2 with half B, averaged over both orientations",delta_cosine; third_party/systema/evaluation/centroid_accuracy.py-equivalent chunked distance; absolute_effect_rank_agreement,0
matched_budget_source_frozen,frangieh_melanoma_coculture,frangieh_melanoma_control,frangieh_melanoma_ifng,delta_cosine,30,226,20,40,0.2157876499508358,0.1930172074729597,0.23967010816125858,0.22243557522123894,0.19252409046214355,0.2519646017699115,0.26102902654867255,0.231858407079646,0.29319567354965587,-0.006647925270403146,-0.03244837758112096,0.018092920353982314,-0.04524137659783677,-0.07836529006882992,-0.015514257620452323,2000,20270313,matched perturbation label; each draw also selects one of 30 measurement seeds and one unordered model-member pair,fixed source-frozen mean prediction versus half A/B truths within each target context,"source-frozen model member m1 with half A versus member m2 with half B, averaged over both orientations",delta_cosine; third_party/systema/evaluation/centroid_accuracy.py-equivalent chunked distance; absolute_effect_rank_agreement,0
matched_budget_source_frozen,frangieh_melanoma_coculture,frangieh_melanoma_control,frangieh_melanoma_ifng,systema_centroid_accuracy,30,226,20,40,0.06567392822025565,0.05290019665683382,0.0810142576204523,0.05978083579154376,0.0498520157325467,0.0724316617502458,0.060925875122910526,0.05100147492625369,0.07290093411996068,0.0058930924287118975,-0.006658800393313665,0.02026573254670598,0.004748053097345133,-0.0074830383480825975,0.018889134709931164,2000,20271718,matched perturbation label; each draw also selects one of 30 measurement seeds and one unordered model-member pair,fixed source-frozen mean prediction versus half A/B truths within each target context,"source-frozen model member m1 with half A versus member m2 with half B, averaged over both orientations",delta_cosine; third_party/systema/evaluation/centroid_accuracy.py-equivalent chunked distance; absolute_effect_rank_agreement,0
matched_budget_source_frozen,frangieh_melanoma_coculture,frangieh_melanoma_control,frangieh_melanoma_ifng,absolute_effect_rank_agreement,30,226,20,40,0.19021299901671584,0.16880973451327433,0.2107207472959685,0.1982415732546706,0.17301769911504425,0.22667158308751226,0.25728135693215337,0.23408013765978367,0.2838387413962635,-0.008028574237954769,-0.032586037364798426,0.021675516224188774,-0.06706835791543755,-0.09447541789577185,-0.04149410029498525,2000,20272204,matched perturbation label; each draw also selects one of 30 measurement seeds and one unordered model-member pair,fixed source-frozen mean prediction versus half A/B truths within each target context,"source-frozen model member m1 with half A versus member m2 with half B, averaged over both orientations",delta_cosine; third_party/systema/evaluation/centroid_accuracy.py-equivalent chunked distance; absolute_effect_rank_agreement,0
matched_budget_source_frozen,frangieh_melanoma_coculture,frangieh_melanoma_coculture,frangieh_melanoma_ifng,delta_cosine,30,225,20,40,0.22507706349206347,0.20126934523809523,0.24892906746031748,0.21655285714285713,0.1918611111111111,0.24686805555555552,0.24600349206349204,0.2219206349206349,0.27408779761904756,0.00852420634920635,-0.025439484126984088,0.04030307539682537,-0.020926428571428575,-0.05363541666666665,0.008857638888888875,2000,20270526,matched perturbation label; each draw also selects one of 30 measurement seeds and one unordered model-member pair,fixed source-frozen mean prediction versus half A/B truths within each target context,"source-frozen model member m1 with half A versus member m2 with half B, averaged over both orientations",delta_cosine; third_party/systema/evaluation/centroid_accuracy.py-equivalent chunked distance; absolute_effect_rank_agreement,0
matched_budget_source_frozen,frangieh_melanoma_coculture,frangieh_melanoma_coculture,frangieh_melanoma_ifng,systema_centroid_accuracy,30,225,20,40,0.057351289682539684,0.04899776785714286,0.06674900793650793,0.053980238095238095,0.045198412698412696,0.06484325396825395,0.056007465277777786,0.04695362103174604,0.06643005952380951,0.0033710515873015875,-0.004603422619047631,0.010863839285714291,0.0013438244047619047,-0.006321428571428574,0.00877157738095237,2000,20271931,matched perturbation label; each draw also selects one of 30 measurement seeds and one unordered model-member pair,fixed source-frozen mean prediction versus half A/B truths within each target context,"source-frozen model member m1 with half A versus member m2 with half B, averaged over both orientations",delta_cosine; third_party/systema/evaluation/centroid_accuracy.py-equivalent chunked distance; absolute_effect_rank_agreement,0
matched_budget_source_frozen,frangieh_melanoma_coculture,frangieh_melanoma_coculture,frangieh_melanoma_ifng,absolute_effect_rank_agreement,30,225,20,40,0.19612953373015873,0.17604960317460316,0.2159330357142857,0.19763031746031745,0.1719831349206349,0.22531845238095238,0.2507038591269841,0.22658680555555558,0.2752380952380952,-0.0015007837301587305,-0.026567460317460295,0.021813492063492014,-0.0545743253968254,-0.07982390873015872,-0.028589781746031773,2000,20272417,matched perturbation label; each draw also selects one of 30 measurement seeds and one unordered model-member pair,fixed source-frozen mean prediction versus half A/B truths within each target context,"source-frozen model member m1 with half A versus member m2 with half B, averaged over both orientations",delta_cosine; third_party/systema/evaluation/centroid_accuracy.py-equivalent chunked distance; absolute_effect_rank_agreement,0
matched_budget_source_frozen,frangieh_melanoma_ifng,frangieh_melanoma_control,frangieh_melanoma_coculture,delta_cosine,30,223,20,40,0.2659038399385933,0.23996636771300447,0.2949410172504342,0.2504509958388882,0.2211843008928211,0.28437361127944083,0.2583807922272048,0.23021249949501071,0.2914197269017897,0.015452844099705087,-0.01648941542439297,0.04698672888134766,0.007523047711388518,-0.023473417363551942,0.03918969417848341,2000,20270313,matched perturbation label; each draw also selects one of 30 measurement seeds and one unordered model-member pair,fixed source-frozen mean prediction versus half A/B truths within each target context,"source-frozen model member m1 with half A versus member m2 with half B, averaged over both orientations",delta_cosine; third_party/systema/evaluation/centroid_accuracy.py-equivalent chunked distance; absolute_effect_rank_agreement,0
matched_budget_source_frozen,frangieh_melanoma_ifng,frangieh_melanoma_control,frangieh_melanoma_coculture,systema_centroid_accuracy,30,223,20,40,0.07200935745162203,0.05883958510079586,0.08817188825596896,0.058747111461237025,0.04892285783541389,0.0707409202924898,0.06029539348765806,0.05056836545065244,0.07195466206116428,0.013262245990385004,0.0008362622712398457,0.027343402819860196,0.011713963963963965,-0.0006163394336040132,0.025825152506766855,2000,20271718,matched perturbation label; each draw also selects one of 30 measurement seeds and one unordered model-member pair,fixed source-frozen mean prediction versus half A/B truths within each target context,"source-frozen model member m1 with half A versus member m2 with half B, averaged over both orientations",delta_cosine; third_party/systema/evaluation/centroid_accuracy.py-equivalent chunked distance; absolute_effect_rank_agreement,0
matched_budget_source_frozen,frangieh_melanoma_ifng,frangieh_melanoma_control,frangieh_melanoma_coculture,absolute_effect_rank_agreement,30,223,20,40,0.17461095624772754,0.15543267482729364,0.19515109279683268,0.16968080636690502,0.1480618510887569,0.1933533309093847,0.20624403102654223,0.18464277057326384,0.2294711752110855,0.004930149880822526,-0.016140467822082196,0.02595745970185433,-0.03163307477881469,-0.05557003191532342,-0.008583808023269919,2000,20272204,matched perturbation label; each draw also selects one of 30 measurement seeds and one unordered model-member pair,fixed source-frozen mean prediction versus half A/B truths within each target context,"source-frozen model member m1 with half A versus member m2 with half B, averaged over both orientations",delta_cosine; third_party/systema/evaluation/centroid_accuracy.py-equivalent chunked distance; absolute_effect_rank_agreement,0
matched_budget_source_frozen,frangieh_melanoma_ifng,frangieh_melanoma_control,frangieh_melanoma_ifng,delta_cosine,30,226,20,40,0.22648163225172074,0.2015526057030482,0.25396411012782694,0.22573443461160275,0.19398230088495574,0.2592015732546706,0.2380419272369715,0.20789675516224188,0.2692433628318584,0.0007471976401179942,-0.031427728613569315,0.03070058997050148,-0.011560294985250736,-0.04104424778761064,0.015733038348082613,2000,20269751,matched perturbation label; each draw also selects one of 30 measurement seeds and one unordered model-member pair,fixed source-frozen mean prediction versus half A/B truths within each target context,"source-frozen model member m1 with half A versus member m2 with half B, averaged over both orientations",delta_cosine; third_party/systema/evaluation/centroid_accuracy.py-equivalent chunked distance; absolute_effect_rank_agreement,0
matched_budget_source_frozen,frangieh_melanoma_ifng,frangieh_melanoma_control,frangieh_melanoma_ifng,systema_centroid_accuracy,30,226,20,40,0.0632274237954769,0.050313913470993114,0.0796882989183874,0.057061474926253686,0.04701917404129794,0.06881317600786625,0.05864933136676499,0.04879965585054081,0.07000270403146508,0.006165948869223206,-0.00583407079646017,0.020600786627335294,0.004578092428711898,-0.007414208456243856,0.01850565388397247,2000,20271156,matched perturbation label; each draw also selects one of 30 measurement seeds and one unordered model-member pair,fixed source-frozen mean prediction versus half A/B truths within each target context,"source-frozen model member m1 with half A versus member m2 with half B, averaged over both orientations",delta_cosine; third_party/systema/evaluation/centroid_accuracy.py-equivalent chunked distance; absolute_effect_rank_agreement,0
matched_budget_source_frozen,frangieh_melanoma_ifng,frangieh_melanoma_control,frangieh_melanoma_ifng,absolute_effect_rank_agreement,30,226,20,40,0.17171913470993116,0.15120501474926257,0.19605162241887902,0.1690376401179941,0.14721533923303834,0.1915447394296952,0.20616095378564403,0.18491445427728612,0.23017109144542772,0.0026814945919370697,-0.017822025565388415,0.02226204523107177,-0.03444181907571288,-0.05817207472959688,-0.011581120943952796,2000,20271642,matched perturbation label; each draw also selects one of 30 measurement seeds and one unordered model-member pair,fixed source-frozen mean prediction versus half A/B truths within each target context,"source-frozen model member m1 with half A versus member m2 with half B, averaged over both orientations",delta_cosine; third_party/systema/evaluation/centroid_accuracy.py-equivalent chunked distance; absolute_effect_rank_agreement,0
matched_budget_source_frozen,frangieh_melanoma_ifng,frangieh_melanoma_coculture,frangieh_melanoma_ifng,delta_cosine,30,225,20,40,0.24115360119047616,0.2179166666666667,0.2645248015873016,0.2370428968253968,0.20681944444444444,0.2682589285714285,0.2447304365079365,0.21517460317460319,0.2758179563492063,0.004110704365079365,-0.026511408730158757,0.03678670634920631,-0.0035768353174603167,-0.03488144841269838,0.02820089285714284,2000,20269964,matched perturbation label; each draw also selects one of 30 measurement seeds and one unordered model-member pair,fixed source-frozen mean prediction versus half A/B truths within each target context,"source-frozen model member m1 with half A versus member m2 with half B, averaged over both orientations",delta_cosine; third_party/systema/evaluation/centroid_accuracy.py-equivalent chunked distance; absolute_effect_rank_agreement,0
matched_budget_source_frozen,frangieh_melanoma_ifng,frangieh_melanoma_coculture,frangieh_melanoma_ifng,systema_centroid_accuracy,30,225,20,40,0.0571493998015873,0.04937475198412699,0.06620188492063492,0.05433481150793651,0.0445828373015873,0.06513938492063491,0.056480679563492064,0.04677554563492064,0.06719320436507936,0.0028145882936507936,-0.005942956349206344,0.01179662698412698,0.0006687202380952382,-0.007709821428571433,0.009236607142857147,2000,20271369,matched perturbation label; each draw also selects one of 30 measurement seeds and one unordered model-member pair,fixed source-frozen mean prediction versus half A/B truths within each target context,"source-frozen model member m1 with half A versus member m2 with half B, averaged over both orientations",delta_cosine; third_party/systema/evaluation/centroid_accuracy.py-equivalent chunked distance; absolute_effect_rank_agreement,0
matched_budget_source_frozen,frangieh_melanoma_ifng,frangieh_melanoma_coculture,frangieh_melanoma_ifng,absolute_effect_rank_agreement,30,225,20,40,0.17104347222222221,0.1495421626984127,0.19546031746031742,0.16306694444444447,0.14336805555555554,0.1858382936507936,0.20021675595238095,0.17886507936507937,0.22563839285714282,0.007976527777777779,-0.012103670634920646,0.029345734126984147,-0.02917328373015873,-0.05484474206349208,-0.0036443452380952777,2000,20271855,matched perturbation label; each draw also selects one of 30 measurement seeds and one unordered model-member pair,fixed source-frozen mean prediction versus half A/B truths within each target context,"source-frozen model member m1 with half A versus member m2 with half B, averaged over both orientations",delta_cosine; third_party/systema/evaluation/centroid_accuracy.py-equivalent chunked distance; absolute_effect_rank_agreement,0
