split_seed,scenario,predictor,environment_key,n_test,base_aurc,base_brier,base_log_loss,base_rank_spearman_confidence_vs_negative_risk,platt_aurc,platt_brier,platt_log_loss,platt_rank_spearman_confidence_vs_negative_risk,isotonic_aurc,isotonic_brier,isotonic_log_loss,isotonic_rank_spearman_confidence_vs_negative_risk,platt_delta_aurc,platt_delta_brier,platt_delta_log_loss,platt_delta_rank_spearman,isotonic_delta_aurc,isotonic_delta_brier,isotonic_delta_log_loss,isotonic_delta_rank_spearman,n_comparable_pairs,n_order_disagreements,rank_order_preserved,n_base_tied_pairs,n_recalibrated_tied_pairs,calibration_fit_on,test_outcomes_used_for_evaluation_only
20260907,in_domain,mean_matching,frangieh_melanoma_coculture,50,0.7433460803906153,0.3443543074366348,0.8972747032691961,,0.7433460803906153,0.2605583705756788,0.7143074694232654,,0.7433460803906153,0.26662872830221046,0.7265588983469743,,0.0,-0.08379593686095599,-0.18296723384593072,,0.0,-0.07772557913442435,-0.17071580492222183,,0,0,True,1225,1225,calibration_rows_only,1
20260907,in_domain,mean_matching,frangieh_melanoma_control,50,0.7409830038690708,0.23002736617938283,0.6547386829171918,,0.7409830038690708,0.23323767727214262,0.663188115274273,,0.7409830038690708,0.23015307938768245,0.6550617350373672,,0.0,0.0032103110927597933,0.008449432357081177,,0.0,0.00012571320829962707,0.00032305212017536,,0,0,True,1225,1225,calibration_rows_only,1
20260907,in_domain,mean_matching,frangieh_melanoma_ifng,50,0.5728126434590203,0.2762874543482371,0.745844251266844,,0.5728126434590203,0.20757144174002554,0.607580136719667,,0.5728126434590203,0.19126233984457047,0.5735271044381131,,0.0,-0.06871601260821156,-0.1382641145471769,,0.0,-0.08502511450366662,-0.1723171468287309,,0,0,True,1225,1225,calibration_rows_only,1
20260907,in_domain,slim_string,frangieh_melanoma_coculture,50,0.9275724943870385,0.16144632745872683,0.48919384767735424,-0.026415638545200223,0.9275724943870385,0.2733337962322863,0.742604020298318,-0.026415638545200223,0.9244765553853174,0.24984839480568571,0.6944594459934416,-0.01478850561616089,0.0,0.11188746877355948,0.2534101726209637,0.0,-0.0030959390017211152,0.08840206734695888,0.20526559831608732,0.011627132929039333,1218,0,True,7,7,calibration_rows_only,1
20260907,in_domain,slim_string,frangieh_melanoma_control,50,0.7724437471354046,0.09496920060902189,0.32584219918625096,0.5745989372766871,0.7724437471354046,0.16299669077222081,0.5096751795573691,0.5745989372766871,0.7786131577614498,0.1565929963402101,0.4925302457769416,0.5677462043963258,0.0,0.06802749016319892,0.18383298037111812,0.0,0.0061694106260451465,0.0616237957311882,0.16668804659069064,-0.006852732880361256,1212,0,True,13,13,calibration_rows_only,1
20260907,in_domain,slim_string,frangieh_melanoma_ifng,50,0.7992852509543625,0.19578063270606733,0.5669697837545847,0.07929645091646913,0.7992852509543625,0.2490180951431925,0.6959859521145266,0.07929645091646913,0.796617407979612,0.23653823255484951,0.6680205902872474,0.05043285489056179,0.0,0.05323746243712518,0.1290161683599419,0.0,-0.002667842974750534,0.04075759984878219,0.10105080653266263,-0.028863596025907337,1201,0,True,24,24,calibration_rows_only,1
20260907,in_domain,strong_linear,frangieh_melanoma_coculture,50,0.8043318338766302,0.12685468061180824,0.40029454091001704,0.6131079420197536,0.8043318338766302,0.20969177711059214,0.6100920026815798,0.6131079420197536,0.8105406074629647,0.20119972321532045,0.5900614514074399,0.5675209229446855,0.0,0.0828370964987839,0.20979746177156278,0.0,0.006208773586334537,0.07434504260351221,0.1897669104974229,-0.045587019075068125,1205,0,True,20,20,calibration_rows_only,1
20260907,in_domain,strong_linear,frangieh_melanoma_control,50,0.7064006329548431,0.22914771766063943,0.6373630999174565,0.44180798222704787,0.7064006329548431,0.2010062319537037,0.5892142442393525,0.44180798222704787,0.7194763538179543,0.19259421179429714,0.5680150750992585,0.4592303737154216,0.0,-0.028141485706935726,-0.04814885567810401,0.0,0.013075720863111151,-0.03655350586634229,-0.06934802481819802,0.017422391488373712,1215,0,True,10,10,calibration_rows_only,1
20260907,in_domain,strong_linear,frangieh_melanoma_ifng,50,0.6851443237403818,0.27110499656678844,0.815875418144702,0.3685133207696127,0.6851443237403818,0.23552977370767494,0.6668274885158888,0.3685133207696127,0.6640608100019197,0.2478134997847782,0.6950909520690126,0.3994414141973207,0.0,-0.03557522285911349,-0.1490479296288132,0.0,-0.021083513738462067,-0.02329149678201023,-0.12078446607568938,0.030928093427708025,1218,0,True,7,7,calibration_rows_only,1
20260917,in_domain,mean_matching,frangieh_melanoma_coculture,50,0.7591740820487205,0.2903808377036292,0.7926854136077952,,0.7591740820487205,0.24926258138236362,0.691877007898278,,0.7591740820487205,0.258421556122449,0.7119016461513019,,0.0,-0.04111825632126559,-0.10080840570951721,,0.0,-0.03195928158118022,-0.0807837674564933,,0,0,True,1225,1225,calibration_rows_only,1
20260917,in_domain,mean_matching,frangieh_melanoma_control,50,0.6448046994366615,0.19245827901561366,0.5732103444220743,,0.6448046994366615,0.19557281697448672,0.5822541148561658,,0.6448046994366615,0.19266620498614956,0.5737309494062126,,0.0,0.003114537958873065,0.009043770434091547,,0.0,0.00020792597053589934,0.0005206049841383065,,0,0,True,1225,1225,calibration_rows_only,1
20260917,in_domain,mean_matching,frangieh_melanoma_ifng,50,0.6240614607121553,0.25792922608444707,0.7090133855824261,,0.6240614607121553,0.21918250690111726,0.6307590563925288,,0.6240614607121553,0.21922360552886974,0.6308449756857607,,0.0,-0.03874671918332981,-0.07825432918989728,,0.0,-0.03870562055557733,-0.0781684098966654,,0,0,True,1225,1225,calibration_rows_only,1
20260917,in_domain,slim_string,frangieh_melanoma_coculture,50,0.8709716333063697,0.21966324672352194,0.6333756683295213,0.1738295122041303,0.8709716333063697,0.29126251178470874,0.8092723114414061,0.1738295122041303,0.872225478792774,0.29280719678840206,0.8408419593280949,0.16864955427749317,0.0,0.0715992650611868,0.1758966431118848,0.0,0.0012538454864042814,0.07314395006488011,0.2074662909985736,-0.005179957926637113,1208,0,True,17,17,calibration_rows_only,1
20260917,in_domain,slim_string,frangieh_melanoma_control,50,0.7961023396411635,0.2474011583357383,0.6872842091605379,0.19802598863139464,0.7961023396411635,0.2932691432267852,0.7861609539133247,0.19802598863139464,0.7923485678416877,0.29576256870044804,0.7962185200439457,0.22293616056532573,0.0,0.0458679848910469,0.09887674475278685,0.0,-0.00375377179947578,0.04836141036470973,0.10893431088340777,0.02491017193393108,1217,0,True,8,8,calibration_rows_only,1
20260917,in_domain,slim_string,frangieh_melanoma_ifng,50,0.7460757059460592,0.21516544099354157,0.6168448257400708,0.37792261347242034,0.7460757059460592,0.2461131718992744,0.6914126283416293,0.37792261347242034,0.7411521301616344,0.24489350501846335,0.6955738350132005,0.40768615169406003,0.0,0.03094773090573283,0.07456780260155849,0.0,-0.004923575784424816,0.029728064024921785,0.07872900927312965,0.029763538221639685,1192,0,True,33,33,calibration_rows_only,1
20260917,in_domain,strong_linear,frangieh_melanoma_coculture,50,0.8125658514501356,0.15956811193264936,0.4693905042693573,0.3203631883779587,0.8125658514501356,0.20665734892786505,0.6006763038991256,0.3203631883779587,0.7984466611897487,0.18874784514954804,0.5564915201918343,0.33692370975004177,0.0,0.047089236995215694,0.13128579962976833,0.0,-0.014119190260386882,0.02917973321689868,0.08710101592247704,0.01656052137208308,1213,0,True,12,12,calibration_rows_only,1
20260917,in_domain,strong_linear,frangieh_melanoma_control,50,0.6771560918747894,0.23162107295325857,0.6538872115900978,0.4643723594398686,0.6771560918747894,0.20584807621238216,0.5968622357965588,0.4643723594398686,0.6821537711468991,0.1991476766343797,0.5837914361959498,0.46526924501372835,0.0,-0.025772996740876408,-0.057024975793538935,0.0,0.004997679272109701,-0.032473396318878855,-0.07009577539414802,0.0008968855738597514,1215,0,True,10,10,calibration_rows_only,1
20260917,in_domain,strong_linear,frangieh_melanoma_ifng,50,0.6883352055885074,0.1986645304461185,0.5786472571117666,0.4937548501469418,0.6883352055885074,0.19318924721858585,0.5722693942109764,0.4937548501469418,0.6720814894914767,0.19885719348772646,0.5850993050520265,0.4893570165781551,0.0,-0.005475283227532657,-0.006377862900790121,0.0,-0.016253716097030635,0.0001926630416079489,0.006452047940259886,-0.004397833568786702,1212,0,True,13,13,calibration_rows_only,1
20260927,in_domain,mean_matching,frangieh_melanoma_coculture,50,0.7570173782865255,0.29691110469802673,0.8049740932606149,,0.7570173782865255,0.2540630484429236,0.7016676777463735,,0.7570173782865255,0.2511149584487535,0.6955014817471913,,0.0,-0.04284805625510313,-0.10330641551424136,,0.0,-0.04579614624927325,-0.10947261151342358,,0,0,True,1225,1225,calibration_rows_only,1
20260927,in_domain,mean_matching,frangieh_melanoma_control,50,0.6103805217207366,0.20820587327966245,0.6088833421457415,,0.6103805217207366,0.17478555765066195,0.5373016067925018,,0.6103805217207366,0.19785274654079316,0.5874348888837405,,0.0,-0.0334203156290005,-0.07158173535323964,,0.0,-0.01035312673886929,-0.021448453262000955,,0,0,True,1225,1225,calibration_rows_only,1
20260927,in_domain,mean_matching,frangieh_melanoma_ifng,50,0.6293431759370928,0.2862539183393208,0.7663777466736262,,0.6293431759370928,0.23676420794629788,0.6666183656482945,,0.6293431759370928,0.22350214159737966,0.6395358738197662,,0.0,-0.04948971039302291,-0.09975938102533177,,0.0,-0.06275177674194113,-0.12684187285386006,,0,0,True,1225,1225,calibration_rows_only,1
20260927,in_domain,slim_string,frangieh_melanoma_coculture,50,0.8235863679510086,0.12989566022151677,0.4232118171510297,0.34068016338090523,0.8235863679510086,0.19444724357171167,0.5863736884705352,0.34068016338090523,0.8242790960085656,0.19126589640262737,0.5846847685630686,0.336953477046267,0.0,0.0645515833501949,0.1631618713195055,0.0,0.000692728057557046,0.06137023618111059,0.16147295141203893,-0.0037266863346382406,1185,0,True,40,40,calibration_rows_only,1
20260927,in_domain,slim_string,frangieh_melanoma_control,50,0.777763491568533,0.17277756769397645,0.5131260206321459,0.5029072302251023,0.777763491568533,0.22434659284359704,0.6365636934535575,0.5029072302251023,0.7789660539011587,0.2033791134993023,0.5838112714125245,0.47916783256170975,0.0,0.051569025149620584,0.1234376728214116,0.0,0.0012025623326257229,0.03060154580532584,0.07068525078037868,-0.02373939766339256,1208,0,True,17,17,calibration_rows_only,1
20260927,in_domain,slim_string,frangieh_melanoma_ifng,50,0.8133598406308081,0.2578345888604723,0.7237562809694404,0.1191190992357131,0.8133598406308081,0.29354567544256627,0.792888386148936,0.1191190992357131,0.8087699571559235,0.2738499160812561,0.7452697500659724,0.15229464629422643,0.0,0.03571108658209399,0.06913210517949553,0.0,-0.004589883474884648,0.016015327220783804,0.021513469096531956,0.03317554705851333,1215,0,True,10,10,calibration_rows_only,1
20260927,in_domain,strong_linear,frangieh_melanoma_coculture,50,0.7995658701012244,0.1048007244574033,0.3416689786976035,0.4302776963339203,0.7995658701012244,0.14354238481918963,0.4659064854190097,0.4302776963339203,0.8012364230720621,0.12974250605981597,0.43266918712027097,0.5578527805464598,0.0,0.038741660361786334,0.12423750672140621,0.0,0.0016705529708377354,0.02494178160241267,0.09100020842266748,0.1275750842125395,1201,0,True,24,24,calibration_rows_only,1
20260927,in_domain,strong_linear,frangieh_melanoma_control,50,0.6590423769274821,0.2581441749843267,0.7417936759609439,0.5107108696744843,0.6590423769274821,0.19864789478643977,0.5741013138561044,0.5107108696744843,0.6567040798687092,0.19635571084388792,0.5634430755316318,0.5286447137043551,0.0,-0.059496280197886914,-0.1676923621048395,0.0,-0.0023382970587729757,-0.06178846414043876,-0.17835060042931217,0.01793384402987075,1216,0,True,9,9,calibration_rows_only,1
20260927,in_domain,strong_linear,frangieh_melanoma_ifng,50,0.6728680903323117,0.17169262307317223,0.5264332386195245,0.5684372357530147,0.6728680903323117,0.18300206624369816,0.5498538080692815,0.5684372357530147,0.6684195528168593,0.17931826796020897,0.5331793947513155,0.5669867735567032,0.0,0.011309443170525929,0.02342056944975701,0.0,-0.004448537515452378,0.007625644887036737,0.00674615613179097,-0.0014504621963115083,1219,0,True,6,6,calibration_rows_only,1
20261007,in_domain,mean_matching,frangieh_melanoma_coculture,50,0.7772199920235839,0.4173638905750879,1.2020053878524912,,0.7772199920235839,0.27610622543213253,0.7474464878419461,,0.7772199920235839,0.26640281392090137,0.7266944522280656,,0.0,-0.14125766514295535,-0.4545589000105451,,0.0,-0.1509610766541865,-0.4753109356244256,,0,0,True,1225,1225,calibration_rows_only,1
20261007,in_domain,mean_matching,frangieh_melanoma_control,50,0.6256666406841209,0.16863358178507099,0.5264768491261141,,0.6256666406841209,0.14355832951453096,0.4694392007750137,,0.6256666406841209,0.15115976331360945,0.4874070831473391,,0.0,-0.025075252270540027,-0.05703764835110042,,0.0,-0.01747381847146154,-0.03906976597877504,,0,0,True,1225,1225,calibration_rows_only,1
20261007,in_domain,mean_matching,frangieh_melanoma_ifng,50,0.5949840142788511,0.26020051945984135,0.7135581440319038,,0.5949840142788511,0.20526429628855616,0.6024164773320657,,0.5949840142788511,0.2060239320478641,0.6040094445470366,,0.0,-0.05493622317128519,-0.11114166669983805,,0.0,-0.054176587411977256,-0.10954869948486712,,0,0,True,1225,1225,calibration_rows_only,1
20261007,in_domain,slim_string,frangieh_melanoma_coculture,50,0.8464603412589685,0.14307894396401596,0.4489346163003397,0.24374779171023525,0.8464603412589685,0.24391439265779571,0.6807572217529433,0.24374779171023525,0.8657569100779563,0.24405758175192283,0.6780221376449691,0.21844428866853596,0.0,0.10083544869377975,0.23182260545260358,0.0,0.01929656881898778,0.10097863778790686,0.2290875213446294,-0.025303503041699288,1210,0,True,15,15,calibration_rows_only,1
20261007,in_domain,slim_string,frangieh_melanoma_control,50,0.7532574364491328,0.14580770034531143,0.4509935020305524,0.44044436974799434,0.7532574364491328,0.2125493356549405,0.6090941062282652,0.44044436974799434,0.7571153894161778,0.21210622133307463,0.5971743580154883,0.4073485697494247,0.0,0.06674163530962907,0.15810060419771282,0.0,0.003857952967045053,0.0662985209877632,0.14618085598493596,-0.03309579999856965,1203,0,True,22,22,calibration_rows_only,1
20261007,in_domain,slim_string,frangieh_melanoma_ifng,50,0.785091374579261,0.23027361203713842,0.6482549365394648,0.49834273747682467,0.785091374579261,0.31946460743651656,0.8446513827171941,0.49834273747682467,0.7811587896602719,0.2997541592175612,0.8016509651543471,0.5316217437288674,0.0,0.08919099539937814,0.19639644617772933,0.0,-0.003932584918989179,0.06948054718042279,0.15339602861488233,0.03327900625204272,1213,0,True,12,12,calibration_rows_only,1
20261007,in_domain,strong_linear,frangieh_melanoma_coculture,50,0.8036540211323624,0.17204221357561522,0.542611393796965,0.4378317575366976,0.8036540211323624,0.22026166117510843,0.6330962002128753,0.4378317575366976,0.8012705076598833,0.21144719923332456,0.6143083919736584,0.4154834352851277,0.0,0.048219447599493204,0.09048480641591028,0.0,-0.002383513472479115,0.039404985657709335,0.0716969981766934,-0.022348322251569908,1213,0,True,12,12,calibration_rows_only,1
20261007,in_domain,strong_linear,frangieh_melanoma_control,50,0.651354111330802,0.25138373354297483,0.719034197210195,0.363902801115303,0.651354111330802,0.19340766663678263,0.5691470984425056,0.363902801115303,0.6627308328711152,0.20108163087682057,0.5877879047194546,0.3182497245346922,0.0,-0.0579760669061922,-0.14988709876768946,0.0,0.011376721540313217,-0.05030210266615426,-0.13124629249074038,-0.045653076580610796,1211,0,True,14,14,calibration_rows_only,1
20261007,in_domain,strong_linear,frangieh_melanoma_ifng,50,0.7090834856297835,0.24244414811571416,0.7107428904991943,0.33400577332045184,0.7090834856297835,0.23364252972733332,0.6588930515299672,0.33400577332045184,0.688606145568844,0.24062474385512544,0.6739995044423627,0.35060501806919137,0.0,-0.008801618388380839,-0.05184983896922701,0.0,-0.020477340060939486,-0.001819404260588714,-0.036743386056831584,0.016599244748739528,1216,0,True,9,9,calibration_rows_only,1
20261017,in_domain,mean_matching,frangieh_melanoma_coculture,50,0.785174308685199,0.2930669028450875,0.8003369678569788,,0.785174308685199,0.2557476890630585,0.7059148275203294,,0.785174308685199,0.2502998750520617,0.6940742331700591,,0.0,-0.037319213782029015,-0.09442214033664942,,0.0,-0.042767027793025825,-0.10626273468691971,,0,0,True,1225,1225,calibration_rows_only,1
20261017,in_domain,mean_matching,frangieh_melanoma_control,50,0.7377170953820782,0.2974196180676492,0.7895025801753539,,0.7377170953820782,0.24290840446943662,0.6789559648135055,,0.7377170953820782,0.228335262345679,0.6495220497388544,,0.0,-0.05451121359821259,-0.1105466153618484,,0.0,-0.06908435572197022,-0.1399805304364995,,0,0,True,1225,1225,calibration_rows_only,1
20261017,in_domain,mean_matching,frangieh_melanoma_ifng,50,0.6554063286487097,0.23786016379902278,0.6687848882675064,,0.6554063286487097,0.2318132366945872,0.6565920257008679,,0.6554063286487097,0.23063020214030916,0.6539242498420957,,0.0,-0.006046927104435579,-0.01219286256663843,,0.0,-0.007229961658713618,-0.014860638425410633,,0,0,True,1225,1225,calibration_rows_only,1
20261017,in_domain,slim_string,frangieh_melanoma_coculture,50,0.899991871938697,0.1844066514742907,0.5387299346341592,0.3167585473938453,0.899991871938697,0.2653877993490165,0.7414746025312623,0.3167585473938453,0.9010541829007831,0.2488259880120721,0.7108033206067357,0.32647573373417293,0.0,0.08098114787472582,0.2027446678971031,0.0,0.0010623109620860882,0.0644193365377814,0.1720733859725765,0.009717186340327644,1204,0,True,21,21,calibration_rows_only,1
20261017,in_domain,slim_string,frangieh_melanoma_control,50,0.7848570845945705,0.11671267501915632,0.3856308912974968,0.3960510609200638,0.7848570845945705,0.1572838002063732,0.48812472157614833,0.3960510609200638,0.7904926761419169,0.1513338951045675,0.4705794721950369,0.38067304505133454,0.0,0.04057112518721688,0.10249383027865155,0.0,0.005635591547346386,0.03462122008541117,0.0849485808975401,-0.015378015868729278,1211,0,True,14,14,calibration_rows_only,1
20261017,in_domain,slim_string,frangieh_melanoma_ifng,50,0.7977274738027522,0.26027794086914985,0.7137414943021522,0.1582717184018033,0.7977274738027522,0.34310441312642337,0.923765608340225,0.1582717184018033,0.7951387773825132,0.33382337168334886,0.9391265767800046,0.1605610216709944,0.0,0.08282647225727352,0.21002411403807286,0.0,-0.002588696420239067,0.07354543081419901,0.22538508247785238,0.0022893032691911064,1207,0,True,18,18,calibration_rows_only,1
20261017,in_domain,strong_linear,frangieh_melanoma_coculture,50,0.843249423079932,0.15334136074595228,0.4842907784740639,0.22371678179514387,0.843249423079932,0.20931816759937477,0.6103263207106203,0.22371678179514387,0.8283677468566821,0.20065535664091594,0.5929006460179059,0.25525962633777305,0.0,0.05597680685342249,0.12603554223655644,0.0,-0.014881676223249873,0.047313995894963656,0.10860986754384205,0.03154284454262918,1212,0,True,13,13,calibration_rows_only,1
20261017,in_domain,strong_linear,frangieh_melanoma_control,50,0.6865179454281765,0.23471464538407194,0.6757622364126518,0.4325881827440532,0.6865179454281765,0.2006234413874162,0.5874501466968418,0.4325881827440532,0.6907186109608483,0.20184895518377372,0.5929133880052726,0.41756593775938516,0.0,-0.034091203996655745,-0.08831208971580995,0.0,0.004200665532671843,-0.032865690200298225,-0.08284884840737916,-0.015022244984668032,1222,0,True,3,3,calibration_rows_only,1
20261017,in_domain,strong_linear,frangieh_melanoma_ifng,50,0.7192537651238662,0.19896834479395756,0.5726841523480732,0.4610322774368868,0.7192537651238662,0.20611397716570892,0.5981481272131264,0.4610322774368868,0.722282312599789,0.1992999142295276,0.5793534654167746,0.423811859655128,0.0,0.007145632371751365,0.02546397486505314,0.0,0.0030285474759228492,0.000331569435570056,0.0066693130687013324,-0.037220417781758774,1213,0,True,12,12,calibration_rows_only,1
