estimand,source_environment_id,left_target_environment_id,right_target_environment_id,metric,n_split_seeds,n_perturbations_primary_min,min_cells_primary,eligibility_min_cells,sensitivity_min_cells,cross_d,cross_d_ci_low,cross_d_ci_high,measurement_floor_d,measurement_floor_d_ci_low,measurement_floor_d_ci_high,joint_floor_d,joint_floor_d_ci_low,joint_floor_d_ci_high,delta_meas,delta_meas_ci_low,delta_meas_ci_high,delta_joint,delta_joint_ci_low,delta_joint_ci_high,bootstrap_draws,bootstrap_seed,bootstrap_unit,measurement_definition,joint_definition,metric_entrypoint,refit_per_metric
matched_budget_source_frozen,frangieh_melanoma_control,frangieh_melanoma_control,frangieh_melanoma_coculture,delta_cosine,30,207,20,40,40,0.28713307302659347,0.26258031987242625,0.3142682097462595,0.2780166971530416,0.2458608883260635,0.31152384972562264,0.2820643497021716,0.253127784813095,0.3137986023169645,0.009116375873551897,-0.028518831199287022,0.046471202101214706,0.005068723324421932,-0.030467614089395405,0.04122695933586601,2000,20270662,matched perturbation label; each draw also selects one of 30 measurement seeds and one unordered model-member pair,fixed source-frozen mean prediction versus half A/B truths within each target context,"source-frozen model member m1 with half A versus member m2 with half B, averaged over both orientations",delta_cosine; third_party/systema/evaluation/centroid_accuracy.py-equivalent chunked distance; absolute_effect_rank_agreement,0
matched_budget_source_frozen,frangieh_melanoma_control,frangieh_melanoma_control,frangieh_melanoma_coculture,systema_centroid_accuracy,30,207,20,40,40,0.07517599432484405,0.05997578678298392,0.09291426293325827,0.059324738520707285,0.05011491018244923,0.06967309225646078,0.06188033511561372,0.05269423338492566,0.07262880493410252,0.01585125580413677,0.0015196285352469389,0.03333802354486187,0.013295659209230336,-0.0013258641714741454,0.030182683739036632,2000,20272067,matched perturbation label; each draw also selects one of 30 measurement seeds and one unordered model-member pair,fixed source-frozen mean prediction versus half A/B truths within each target context,"source-frozen model member m1 with half A versus member m2 with half B, averaged over both orientations",delta_cosine; third_party/systema/evaluation/centroid_accuracy.py-equivalent chunked distance; absolute_effect_rank_agreement,0
matched_budget_source_frozen,frangieh_melanoma_control,frangieh_melanoma_control,frangieh_melanoma_coculture,absolute_effect_rank_agreement,30,207,20,40,40,0.2544309952628864,0.22601953473101635,0.28014692087613147,0.2416953473101637,0.21410815627784813,0.2708690961962384,0.25897311336241263,0.23448478026358988,0.28666572862436096,0.012735647952722667,-0.02155562590872849,0.045567750105529777,-0.004542118099526288,-0.037365156418554424,0.027559682941700633,2000,20272553,matched perturbation label; each draw also selects one of 30 measurement seeds and one unordered model-member pair,fixed source-frozen mean prediction versus half A/B truths within each target context,"source-frozen model member m1 with half A versus member m2 with half B, averaged over both orientations",delta_cosine; third_party/systema/evaluation/centroid_accuracy.py-equivalent chunked distance; absolute_effect_rank_agreement,0
matched_budget_source_frozen,frangieh_melanoma_control,frangieh_melanoma_control,frangieh_melanoma_ifng,delta_cosine,30,208,20,40,40,0.2617415226681531,0.2355740198810851,0.28853644091415825,0.25869618636194724,0.22700436640654031,0.2928314288368636,0.26603435061315495,0.23603620865849126,0.29626881270903005,0.0030453363062058723,-0.02782422891118541,0.0316372863247863,-0.004292827945001857,-0.03332926885916017,0.023228469899665545,2000,20270100,matched perturbation label; each draw also selects one of 30 measurement seeds and one unordered model-member pair,fixed source-frozen mean prediction versus half A/B truths within each target context,"source-frozen model member m1 with half A versus member m2 with half B, averaged over both orientations",delta_cosine; third_party/systema/evaluation/centroid_accuracy.py-equivalent chunked distance; absolute_effect_rank_agreement,0
matched_budget_source_frozen,frangieh_melanoma_control,frangieh_melanoma_control,frangieh_melanoma_ifng,systema_centroid_accuracy,30,208,20,40,40,0.06749182460052026,0.05410221571906355,0.08520357209215905,0.057737527870680046,0.048587304905239694,0.06805439427722033,0.0607536231884058,0.051514016629505756,0.07150019741731697,0.00975429672984021,-0.004470921590486801,0.026837432645856564,0.0067382014121144555,-0.00718163554440727,0.02421439520624302,2000,20271505,matched perturbation label; each draw also selects one of 30 measurement seeds and one unordered model-member pair,fixed source-frozen mean prediction versus half A/B truths within each target context,"source-frozen model member m1 with half A versus member m2 with half B, averaged over both orientations",delta_cosine; third_party/systema/evaluation/centroid_accuracy.py-equivalent chunked distance; absolute_effect_rank_agreement,0
matched_budget_source_frozen,frangieh_melanoma_control,frangieh_melanoma_control,frangieh_melanoma_ifng,absolute_effect_rank_agreement,30,208,20,40,40,0.24175793153102937,0.2155077108881457,0.26993450390189516,0.2442422426607209,0.21567145113340763,0.2745738108509847,0.26043286649944264,0.2348488015607581,0.2869768441099963,-0.002484311129691565,-0.03460725566703829,0.027825970828688217,-0.018674934968413225,-0.049867614269788176,0.010918338907469398,2000,20271991,matched perturbation label; each draw also selects one of 30 measurement seeds and one unordered model-member pair,fixed source-frozen mean prediction versus half A/B truths within each target context,"source-frozen model member m1 with half A versus member m2 with half B, averaged over both orientations",delta_cosine; third_party/systema/evaluation/centroid_accuracy.py-equivalent chunked distance; absolute_effect_rank_agreement,0
matched_budget_source_frozen,frangieh_melanoma_control,frangieh_melanoma_coculture,frangieh_melanoma_ifng,delta_cosine,30,209,20,40,40,0.2720263387927862,0.2484812062937063,0.2978756440927493,0.2614298398969452,0.23279122193595875,0.2926952981229297,0.26624993099006256,0.23913956109679793,0.29647071678321674,0.010596498895841001,-0.023235645933014352,0.043730447184394554,0.005776407802723592,-0.026592404306220115,0.038563328119249146,2000,20270313,matched perturbation label; each draw also selects one of 30 measurement seeds and one unordered model-member pair,fixed source-frozen mean prediction versus half A/B truths within each target context,"source-frozen model member m1 with half A versus member m2 with half B, averaged over both orientations",delta_cosine; third_party/systema/evaluation/centroid_accuracy.py-equivalent chunked distance; absolute_effect_rank_agreement,0
matched_budget_source_frozen,frangieh_melanoma_control,frangieh_melanoma_coculture,frangieh_melanoma_ifng,systema_centroid_accuracy,30,209,20,40,40,0.06164147037173353,0.053527845509753404,0.07065611198012513,0.0588050009201325,0.049408239786529265,0.06967703349282296,0.06169820804195804,0.05228595417740155,0.07217346797938903,0.0028364694516010303,-0.005313765182186236,0.010765837780640412,-5.6737670224512454e-05,-0.007970647773279355,0.007500230033124761,2000,20271718,matched perturbation label; each draw also selects one of 30 measurement seeds and one unordered model-member pair,fixed source-frozen mean prediction versus half A/B truths within each target context,"source-frozen model member m1 with half A versus member m2 with half B, averaged over both orientations",delta_cosine; third_party/systema/evaluation/centroid_accuracy.py-equivalent chunked distance; absolute_effect_rank_agreement,0
matched_budget_source_frozen,frangieh_melanoma_control,frangieh_melanoma_coculture,frangieh_melanoma_ifng,absolute_effect_rank_agreement,30,209,20,40,40,0.2334893609679794,0.20833985093853516,0.2595711032388664,0.23260542418108207,0.20311349834376152,0.2646335572322414,0.2528270265918292,0.22770921512697828,0.28236566065513435,0.0008839367868973136,-0.027886915715863082,0.030480539197644475,-0.019337665623849837,-0.04975673997055577,0.01000931634155314,2000,20272204,matched perturbation label; each draw also selects one of 30 measurement seeds and one unordered model-member pair,fixed source-frozen mean prediction versus half A/B truths within each target context,"source-frozen model member m1 with half A versus member m2 with half B, averaged over both orientations",delta_cosine; third_party/systema/evaluation/centroid_accuracy.py-equivalent chunked distance; absolute_effect_rank_agreement,0
matched_budget_source_frozen,frangieh_melanoma_coculture,frangieh_melanoma_control,frangieh_melanoma_coculture,delta_cosine,30,207,20,40,40,0.26874868674077196,0.2431341165986586,0.2941237512311805,0.24978605600112563,0.22198419398714883,0.27944749308193795,0.27958832840861125,0.25273204821537454,0.30960320810468545,0.018962630739646356,-0.014353806106655341,0.05058627644106749,-0.010839641667839217,-0.04573073495614656,0.019865977205571945,2000,20270875,matched perturbation label; each draw also selects one of 30 measurement seeds and one unordered model-member pair,fixed source-frozen mean prediction versus half A/B truths within each target context,"source-frozen model member m1 with half A versus member m2 with half B, averaged over both orientations",delta_cosine; third_party/systema/evaluation/centroid_accuracy.py-equivalent chunked distance; absolute_effect_rank_agreement,0
matched_budget_source_frozen,frangieh_melanoma_coculture,frangieh_melanoma_control,frangieh_melanoma_coculture,systema_centroid_accuracy,30,207,20,40,40,0.08140054406453731,0.06703455513343652,0.09870638103278456,0.07028704094554664,0.05865050888795084,0.08477909103700573,0.0712965093100699,0.0600572792082923,0.08511707940528117,0.011113503118990667,-0.003987266075700011,0.02817263496083669,0.010104034754467426,-0.004761444116129633,0.02749958960649124,2000,20272280,matched perturbation label; each draw also selects one of 30 measurement seeds and one unordered model-member pair,fixed source-frozen mean prediction versus half A/B truths within each target context,"source-frozen model member m1 with half A versus member m2 with half B, averaged over both orientations",delta_cosine; third_party/systema/evaluation/centroid_accuracy.py-equivalent chunked distance; absolute_effect_rank_agreement,0
matched_budget_source_frozen,frangieh_melanoma_coculture,frangieh_melanoma_control,frangieh_melanoma_coculture,absolute_effect_rank_agreement,30,207,20,40,40,0.20433796491721778,0.1805455888560574,0.2317984616106186,0.2054053046292388,0.18047816706533468,0.23418460672576333,0.2610490244360021,0.2384022794428029,0.28685392336194365,-0.0010673397120210119,-0.035212935603395716,0.025609141222269125,-0.056711059518784294,-0.09068641245720181,-0.02450518268373902,2000,20272766,matched perturbation label; each draw also selects one of 30 measurement seeds and one unordered model-member pair,fixed source-frozen mean prediction versus half A/B truths within each target context,"source-frozen model member m1 with half A versus member m2 with half B, averaged over both orientations",delta_cosine; third_party/systema/evaluation/centroid_accuracy.py-equivalent chunked distance; absolute_effect_rank_agreement,0
matched_budget_source_frozen,frangieh_melanoma_coculture,frangieh_melanoma_control,frangieh_melanoma_ifng,delta_cosine,30,208,20,40,40,0.22745302629134154,0.20291771181716833,0.25353260869565214,0.2351924470457079,0.20303442028985508,0.2682564567075436,0.2735797217577109,0.24274723615756227,0.3072661185432924,-0.0077394207543664065,-0.036696395392047526,0.017535302861389823,-0.04612669546636938,-0.08099277684875511,-0.01500023225566708,2000,20270313,matched perturbation label; each draw also selects one of 30 measurement seeds and one unordered model-member pair,fixed source-frozen mean prediction versus half A/B truths within each target context,"source-frozen model member m1 with half A versus member m2 with half B, averaged over both orientations",delta_cosine; third_party/systema/evaluation/centroid_accuracy.py-equivalent chunked distance; absolute_effect_rank_agreement,0
matched_budget_source_frozen,frangieh_melanoma_coculture,frangieh_melanoma_control,frangieh_melanoma_ifng,systema_centroid_accuracy,30,208,20,40,40,0.0755628135451505,0.0621629389632107,0.09281052582683016,0.06937745029728726,0.05711166852471201,0.08366197510219248,0.07066302025269416,0.05891164994425864,0.08419471153846153,0.006185363247863248,-0.007873757432181336,0.022648701690821237,0.004899793292456336,-0.008629459308807142,0.021681937476774427,2000,20271718,matched perturbation label; each draw also selects one of 30 measurement seeds and one unordered model-member pair,fixed source-frozen mean prediction versus half A/B truths within each target context,"source-frozen model member m1 with half A versus member m2 with half B, averaged over both orientations",delta_cosine; third_party/systema/evaluation/centroid_accuracy.py-equivalent chunked distance; absolute_effect_rank_agreement,0
matched_budget_source_frozen,frangieh_melanoma_coculture,frangieh_melanoma_control,frangieh_melanoma_ifng,absolute_effect_rank_agreement,30,208,20,40,40,0.19653304998141954,0.17300666573764398,0.21922786603493125,0.20377125139353403,0.1760916016350799,0.23453641768859157,0.2622232209215905,0.23838373281308065,0.28843889353400226,-0.007238201412114456,-0.03286940263842439,0.025852378298030464,-0.06569017094017095,-0.09489966555183946,-0.03723000278706799,2000,20272204,matched perturbation label; each draw also selects one of 30 measurement seeds and one unordered model-member pair,fixed source-frozen mean prediction versus half A/B truths within each target context,"source-frozen model member m1 with half A versus member m2 with half B, averaged over both orientations",delta_cosine; third_party/systema/evaluation/centroid_accuracy.py-equivalent chunked distance; absolute_effect_rank_agreement,0
matched_budget_source_frozen,frangieh_melanoma_coculture,frangieh_melanoma_coculture,frangieh_melanoma_ifng,delta_cosine,30,209,20,40,40,0.23707595693779904,0.21317112164151636,0.26184785609127714,0.22930327567169673,0.2020127898417372,0.2603077843209422,0.25844976076555026,0.23311384339344865,0.29011835204269415,0.007772681266102319,-0.029203280272359206,0.039014193043798294,-0.021373803827751198,-0.05723511685682738,0.009753404490246588,2000,20270526,matched perturbation label; each draw also selects one of 30 measurement seeds and one unordered model-member pair,fixed source-frozen mean prediction versus half A/B truths within each target context,"source-frozen model member m1 with half A versus member m2 with half B, averaged over both orientations",delta_cosine; third_party/systema/evaluation/centroid_accuracy.py-equivalent chunked distance; absolute_effect_rank_agreement,0
matched_budget_source_frozen,frangieh_melanoma_coculture,frangieh_melanoma_coculture,frangieh_melanoma_ifng,systema_centroid_accuracy,30,209,20,40,40,0.064851755152742,0.05533245537357379,0.07507131026867869,0.06138347672064778,0.051273808428413684,0.07338114188443136,0.06366155226352595,0.05404513249907987,0.07525562430990063,0.0034682784320942215,-0.005545236013986011,0.011559164519690829,0.0011902028892160472,-0.007200036805299959,0.009029087688627159,2000,20271931,matched perturbation label; each draw also selects one of 30 measurement seeds and one unordered model-member pair,fixed source-frozen mean prediction versus half A/B truths within each target context,"source-frozen model member m1 with half A versus member m2 with half B, averaged over both orientations",delta_cosine; third_party/systema/evaluation/centroid_accuracy.py-equivalent chunked distance; absolute_effect_rank_agreement,0
matched_budget_source_frozen,frangieh_melanoma_coculture,frangieh_melanoma_coculture,frangieh_melanoma_ifng,absolute_effect_rank_agreement,30,209,20,40,40,0.20039942951785059,0.1785057048214943,0.22398440375414058,0.20264515090172985,0.17610990982701508,0.23390573242546922,0.25564245951417003,0.2299853928965771,0.28245882407066614,-0.0022457213838792786,-0.03329384431358118,0.023399544534412935,-0.05524302999631947,-0.08323806128082444,-0.026927677585572372,2000,20272417,matched perturbation label; each draw also selects one of 30 measurement seeds and one unordered model-member pair,fixed source-frozen mean prediction versus half A/B truths within each target context,"source-frozen model member m1 with half A versus member m2 with half B, averaged over both orientations",delta_cosine; third_party/systema/evaluation/centroid_accuracy.py-equivalent chunked distance; absolute_effect_rank_agreement,0
matched_budget_source_frozen,frangieh_melanoma_ifng,frangieh_melanoma_control,frangieh_melanoma_coculture,delta_cosine,30,207,20,40,40,0.28033370855025563,0.25554089864452884,0.30917874396135264,0.26505764269968574,0.23328760377093005,0.2994242765348717,0.27261940105998783,0.24278645466910556,0.30781975517095816,0.01527606585056986,-0.017711997561089998,0.048991604521363905,0.00771430749026781,-0.025351179588199442,0.03996353360536557,2000,20270313,matched perturbation label; each draw also selects one of 30 measurement seeds and one unordered model-member pair,fixed source-frozen mean prediction versus half A/B truths within each target context,"source-frozen model member m1 with half A versus member m2 with half B, averaged over both orientations",delta_cosine; third_party/systema/evaluation/centroid_accuracy.py-equivalent chunked distance; absolute_effect_rank_agreement,0
matched_budget_source_frozen,frangieh_melanoma_ifng,frangieh_melanoma_control,frangieh_melanoma_coculture,systema_centroid_accuracy,30,207,20,40,40,0.08200769194690681,0.06693840579710145,0.10027789503306597,0.06700118427841097,0.05647014680362084,0.0797810843769054,0.0687953719337742,0.058496904460391165,0.08138836124009192,0.01500650766849585,0.0014996951362506328,0.031709054453355826,0.013212320013132592,0.00015155246001593263,0.029385054640964307,2000,20271718,matched perturbation label; each draw also selects one of 30 measurement seeds and one unordered model-member pair,fixed source-frozen mean prediction versus half A/B truths within each target context,"source-frozen model member m1 with half A versus member m2 with half B, averaged over both orientations",delta_cosine; third_party/systema/evaluation/centroid_accuracy.py-equivalent chunked distance; absolute_effect_rank_agreement,0
matched_budget_source_frozen,frangieh_melanoma_ifng,frangieh_melanoma_control,frangieh_melanoma_coculture,absolute_effect_rank_agreement,30,207,20,40,40,0.18228543454809812,0.16063622719384646,0.20605623563622713,0.17703517658646406,0.15547816706533463,0.2029466253928052,0.21096749683410723,0.18858988790394446,0.23607476197176483,0.005250257961634069,-0.01725997842502694,0.027789503306599128,-0.0286820622860091,-0.05412504103935087,-0.003060949298813426,2000,20272204,matched perturbation label; each draw also selects one of 30 measurement seeds and one unordered model-member pair,fixed source-frozen mean prediction versus half A/B truths within each target context,"source-frozen model member m1 with half A versus member m2 with half B, averaged over both orientations",delta_cosine; third_party/systema/evaluation/centroid_accuracy.py-equivalent chunked distance; absolute_effect_rank_agreement,0
matched_budget_source_frozen,frangieh_melanoma_ifng,frangieh_melanoma_control,frangieh_melanoma_ifng,delta_cosine,30,208,20,40,40,0.245185189056113,0.21771646228167968,0.274921033073207,0.24195712560386473,0.20744727796358234,0.2785244797473058,0.2542321511519881,0.2230722779635823,0.28874430973615756,0.003228063452248235,-0.0321256038647343,0.034467321627647665,-0.00904696209587514,-0.04320245726495727,0.022460864920104056,2000,20269751,matched perturbation label; each draw also selects one of 30 measurement seeds and one unordered model-member pair,fixed source-frozen mean prediction versus half A/B truths within each target context,"source-frozen model member m1 with half A versus member m2 with half B, averaged over both orientations",delta_cosine; third_party/systema/evaluation/centroid_accuracy.py-equivalent chunked distance; absolute_effect_rank_agreement,0
matched_budget_source_frozen,frangieh_melanoma_ifng,frangieh_melanoma_control,frangieh_melanoma_ifng,systema_centroid_accuracy,30,208,20,40,40,0.07282172054998143,0.05824885033444816,0.09103318933481977,0.06597193190263843,0.054277568747677446,0.07966543571163137,0.0678378565124489,0.056623931623931624,0.08068852192493496,0.006849788647342995,-0.006946186361947234,0.023831463675213663,0.004983864037532516,-0.00870958751393533,0.02192580592716454,2000,20271156,matched perturbation label; each draw also selects one of 30 measurement seeds and one unordered model-member pair,fixed source-frozen mean prediction versus half A/B truths within each target context,"source-frozen model member m1 with half A versus member m2 with half B, averaged over both orientations",delta_cosine; third_party/systema/evaluation/centroid_accuracy.py-equivalent chunked distance; absolute_effect_rank_agreement,0
matched_budget_source_frozen,frangieh_melanoma_ifng,frangieh_melanoma_control,frangieh_melanoma_ifng,absolute_effect_rank_agreement,30,208,20,40,40,0.18258949972129318,0.16083588814567076,0.20849707357859532,0.17897296544035673,0.1559817447045708,0.2041585377183203,0.2134629552211074,0.19155750650315864,0.23827573392790782,0.0036165342809364553,-0.0189764492753623,0.025711282980304714,-0.03087345549981419,-0.05562697417316983,-0.006200645670754389,2000,20271642,matched perturbation label; each draw also selects one of 30 measurement seeds and one unordered model-member pair,fixed source-frozen mean prediction versus half A/B truths within each target context,"source-frozen model member m1 with half A versus member m2 with half B, averaged over both orientations",delta_cosine; third_party/systema/evaluation/centroid_accuracy.py-equivalent chunked distance; absolute_effect_rank_agreement,0
matched_budget_source_frozen,frangieh_melanoma_ifng,frangieh_melanoma_coculture,frangieh_melanoma_ifng,delta_cosine,30,209,20,40,40,0.2544409159919028,0.2298030916451969,0.27894046742730955,0.2508718255428782,0.21862348178137653,0.28496848546190645,0.25850328947368423,0.22696678321678324,0.29027995031284504,0.0035690904490246595,-0.02946781836584472,0.03966001104158998,-0.004062373481781376,-0.036944470003680556,0.030187822046374622,2000,20269964,matched perturbation label; each draw also selects one of 30 measurement seeds and one unordered model-member pair,fixed source-frozen mean prediction versus half A/B truths within each target context,"source-frozen model member m1 with half A versus member m2 with half B, averaged over both orientations",delta_cosine; third_party/systema/evaluation/centroid_accuracy.py-equivalent chunked distance; absolute_effect_rank_agreement,0
matched_budget_source_frozen,frangieh_melanoma_ifng,frangieh_melanoma_coculture,frangieh_melanoma_ifng,systema_centroid_accuracy,30,209,20,40,40,0.06453265895288922,0.05558491672800883,0.07455402327935223,0.06165285701140964,0.05074530732425469,0.07365718163415533,0.06408551481413323,0.052825669396393084,0.07653230815237394,0.002879801941479573,-0.006717542326094962,0.012537092841369153,0.0004471441387559809,-0.00898308106367318,0.009938868697092375,2000,20271369,matched perturbation label; each draw also selects one of 30 measurement seeds and one unordered model-member pair,fixed source-frozen mean prediction versus half A/B truths within each target context,"source-frozen model member m1 with half A versus member m2 with half B, averaged over both orientations",delta_cosine; third_party/systema/evaluation/centroid_accuracy.py-equivalent chunked distance; absolute_effect_rank_agreement,0
matched_budget_source_frozen,frangieh_melanoma_ifng,frangieh_melanoma_coculture,frangieh_melanoma_ifng,absolute_effect_rank_agreement,30,209,20,40,40,0.17678240016562385,0.15478813949208686,0.2041158676849466,0.17052061096797938,0.14708202981229296,0.19552930622009568,0.20508546880750828,0.18204533952889213,0.23187914059624584,0.006261789197644461,-0.015714712918660296,0.02836308428413678,-0.028303068641884428,-0.05610565421420685,0.00011789197644460375,2000,20271855,matched perturbation label; each draw also selects one of 30 measurement seeds and one unordered model-member pair,fixed source-frozen mean prediction versus half A/B truths within each target context,"source-frozen model member m1 with half A versus member m2 with half B, averaged over both orientations",delta_cosine; third_party/systema/evaluation/centroid_accuracy.py-equivalent chunked distance; absolute_effect_rank_agreement,0
