target_environment_id,selected_source_environment_id,selected_predicted_gain,selected_positive_transfer_probability,realized_gain_vs_target_excluded_u_only,oracle_gain,selection_regret,fallback_to_u_only,selected_source_positive,selected_source_negative_transfer,accepted_pair_count,accepted_pair_negative_transfer_count,split_seed
env__v~frangiehizar2021%5Frna__v~patient-derived%5Fmelanoma__v~rna__v~co-culture,env__v~replogleweissman2022%5Frpe1__v~rpe1__v~rna__v~baseline,0.022199340714700973,0.6651392144822525,0.0116990452853789,0.0579596387070657,0.0462605934216868,0,1,0,3,0,20260907
env__v~frangiehizar2021%5Frna__v~patient-derived%5Fmelanoma__v~rna__v~co-culture,env__v~replogleweissman2022%5Frpe1__v~rpe1__v~rna__v~baseline,0.02223742210076859,0.6647462659475423,-0.0086303269625743,0.0284381915925354,0.0284381915925354,0,0,1,3,1,20260917
env__v~frangiehizar2021%5Frna__v~patient-derived%5Fmelanoma__v~rna__v~co-culture,env__v~frangiehizar2021%5Frna__v~patient-derived%5Fmelanoma__v~rna__v~ifn%CE%B3,0.021442677061640197,0.8979408810148193,-0.0076545767651815,0.002097254248044,0.002097254248044,0,0,1,3,2,20260927
env__v~frangiehizar2021%5Frna__v~patient-derived%5Fmelanoma__v~rna__v~co-culture,env__v~replogleweissman2022%5Frpe1__v~rpe1__v~rna__v~baseline,0.0256990558300618,0.6815361356571114,0.0321798227151433,0.0459734131429867,0.013793590427843394,0,1,0,3,0,20261007
env__v~frangiehizar2021%5Frna__v~patient-derived%5Fmelanoma__v~rna__v~co-culture,env__v~frangiehizar2021%5Frna__v~patient-derived%5Fmelanoma__v~rna__v~ifn%CE%B3,0.021613635868401104,0.8983557298229126,0.0148825751949358,0.0171559741410222,0.002273398946086398,0,1,0,3,0,20261017
env__v~frangiehizar2021%5Frna__v~patient-derived%5Fmelanoma__v~rna__v~control,env__v~replogleweissman2022%5Frpe1__v~rpe1__v~rna__v~baseline,0.026391232054303517,0.7015225335470228,-0.014926130539845,-0.0102511040353214,0.0,0,0,1,7,7,20260907
env__v~frangiehizar2021%5Frna__v~patient-derived%5Fmelanoma__v~rna__v~control,env__v~replogleweissman2022%5Frpe1__v~rpe1__v~rna__v~baseline,0.02666486816506552,0.7022037390648266,0.0004320951764514,0.0130514321939089,0.012619337017457499,0,1,0,7,3,20260917
env__v~frangiehizar2021%5Frna__v~patient-derived%5Fmelanoma__v~rna__v~control,env__v~frangiehizar2021%5Frna__v~patient-derived%5Fmelanoma__v~rna__v~co-culture,0.022743558265312516,0.897909336434826,0.0232982611961338,0.0236919062914504,0.00039364509531659986,0,1,0,7,2,20260927
env__v~frangiehizar2021%5Frna__v~patient-derived%5Fmelanoma__v~rna__v~control,env__v~replogleweissman2022%5Frpe1__v~rpe1__v~rna__v~baseline,0.028465928995411626,0.7104463371906831,0.0324238120003714,0.0324238120003714,0.0,0,1,0,4,0,20261007
env__v~frangiehizar2021%5Frna__v~patient-derived%5Fmelanoma__v~rna__v~control,env__v~frangiehizar2021%5Frna__v~patient-derived%5Fmelanoma__v~rna__v~ifn%CE%B3,0.02330740503208535,0.8993229647551618,0.0198457740916767,0.0198457740916767,0.0,0,1,0,7,3,20261017
env__v~frangiehizar2021%5Frna__v~patient-derived%5Fmelanoma__v~rna__v~ifn%CE%B3,env__v~replogleweissman2022%5Frpe1__v~rpe1__v~rna__v~baseline,0.023039358658999136,0.6726523654816037,-0.011845562504769,0.0269439265629095,0.0269439265629095,0,0,1,3,1,20260907
env__v~frangiehizar2021%5Frna__v~patient-derived%5Fmelanoma__v~rna__v~ifn%CE%B3,env__v~replogleweissman2022%5Frpe1__v~rpe1__v~rna__v~baseline,0.024575792385742805,0.6796357485349993,-0.0218538436068977,0.020685993366684,0.020685993366684,0,0,1,3,1,20260917
env__v~frangiehizar2021%5Frna__v~patient-derived%5Fmelanoma__v~rna__v~ifn%CE%B3,env__v~frangiehizar2021%5Frna__v~patient-derived%5Fmelanoma__v~rna__v~control,0.016227695496994328,0.8020529296867148,0.0521598478409396,0.0522525633250138,9.271548407420449e-05,0,1,0,3,0,20260927
env__v~frangiehizar2021%5Frna__v~patient-derived%5Fmelanoma__v~rna__v~ifn%CE%B3,env__v~replogleweissman2022%5Frpe1__v~rpe1__v~rna__v~baseline,0.02490969939675189,0.6825330456609613,0.0258435692336315,0.0377917836131098,0.011948214379478302,0,1,0,3,0,20261007
env__v~frangiehizar2021%5Frna__v~patient-derived%5Fmelanoma__v~rna__v~ifn%CE%B3,env__v~replogleweissman2022%5Frpe1__v~rpe1__v~rna__v~baseline,0.017921889503572565,0.6454389950212088,0.0325326083682593,0.033275339964751,0.0007427315964916997,0,1,0,3,0,20261017
env__v~normanweissman2019%5Ffiltered__v~k562__v~rna__v~baseline,env__v~replogleweissman2022%5Frpe1__v~rpe1__v~rna__v~baseline,0.024126255333730154,0.7776861955729057,-0.0081845151963283,0.0405569606464659,0.0405569606464659,0,0,1,6,3,20260907
env__v~normanweissman2019%5Ffiltered__v~k562__v~rna__v~baseline,env__v~replogleweissman2022%5Frpe1__v~rpe1__v~rna__v~baseline,0.025565394170325897,0.7840484361312411,-0.0086520106800996,0.018874890336921,0.018874890336921,0,0,1,6,4,20260917
env__v~normanweissman2019%5Ffiltered__v~k562__v~rna__v~baseline,env__v~replogleweissman2022%5Frpe1__v~rpe1__v~rna__v~baseline,0.01717907671459423,0.727335190917822,-0.0743508694232715,0.0002979957455652,0.0002979957455652,0,0,1,6,6,20260927
env__v~normanweissman2019%5Ffiltered__v~k562__v~rna__v~baseline,u_only_fallback,,,0.0,0.0274783665939507,0.0274783665939507,1,0,0,0,0,20261007
env__v~normanweissman2019%5Ffiltered__v~k562__v~rna__v~baseline,env__v~replogleweissman2022%5Frpe1__v~rpe1__v~rna__v~baseline,0.019332977929704384,0.7482198821117346,-0.0394326725191809,0.0065541332966116,0.0065541332966116,0,0,1,6,3,20261017
env__v~replogleweissman2022%5Frpe1__v~rpe1__v~rna__v~baseline,u_only_fallback,,,0.0,0.0414044384723536,0.0414044384723536,1,0,0,0,0,20260907
env__v~replogleweissman2022%5Frpe1__v~rpe1__v~rna__v~baseline,u_only_fallback,,,0.0,0.0798846549455567,0.0798846549455567,1,0,0,0,0,20260917
env__v~replogleweissman2022%5Frpe1__v~rpe1__v~rna__v~baseline,env__v~xucao2023__v~hek293__v~rna__v~baseline,0.0006850545668096774,0.7949349071786449,-0.0110879806729651,-0.0110879806729651,0.0,0,0,1,1,1,20260927
env__v~replogleweissman2022%5Frpe1__v~rpe1__v~rna__v~baseline,u_only_fallback,,,0.0,0.0200067810470694,0.0200067810470694,1,0,0,0,0,20261007
env__v~replogleweissman2022%5Frpe1__v~rpe1__v~rna__v~baseline,env__v~xucao2023__v~hek293__v~rna__v~baseline,0.00251925323933431,0.8011988933824307,0.0218002778697526,0.0275330550948345,0.005732777225081899,0,1,0,1,0,20261017
env__v~tiankampmann2021%5Fcrispra__v~ipsc-induced%5Fneuron__v~rna__v~baseline,env__v~replogleweissman2022%5Frpe1__v~rpe1__v~rna__v~baseline,0.012450889868308853,0.6026386629212477,0.0231006143932339,0.0314115958656163,0.008310981472382403,0,1,0,4,0,20260907
env__v~tiankampmann2021%5Fcrispra__v~ipsc-induced%5Fneuron__v~rna__v~baseline,env__v~replogleweissman2022%5Frpe1__v~rpe1__v~rna__v~baseline,0.014437686248191197,0.6136250630567331,0.0386573498380522,0.059557964010774,0.0209006141727218,0,1,0,4,1,20260917
env__v~tiankampmann2021%5Fcrispra__v~ipsc-induced%5Fneuron__v~rna__v~baseline,env__v~frangiehizar2021%5Frna__v~patient-derived%5Fmelanoma__v~rna__v~ifn%CE%B3,0.001553140259755698,0.5753766975128151,-0.0120156856954221,0.0231744979169191,0.0231744979169191,0,0,1,3,2,20260927
env__v~tiankampmann2021%5Fcrispra__v~ipsc-induced%5Fneuron__v~rna__v~baseline,env__v~replogleweissman2022%5Frpe1__v~rpe1__v~rna__v~baseline,0.009700406144088684,0.5745352863619226,0.0045762496770735,0.0045762496770735,0.0,0,1,0,1,0,20261007
env__v~tiankampmann2021%5Fcrispra__v~ipsc-induced%5Fneuron__v~rna__v~baseline,env__v~replogleweissman2022%5Frpe1__v~rpe1__v~rna__v~baseline,0.007744731424372028,0.5733847602667056,0.0230849543139338,0.0249922985901082,0.0019073442761744011,0,1,0,4,2,20261017
env__v~tiankampmann2021%5Fcrispri__v~ipsc-induced%5Fneuron__v~rna__v~baseline,env__v~replogleweissman2022%5Frpe1__v~rpe1__v~rna__v~baseline,0.02638843294179833,0.861007986207134,-0.0332809449738458,0.0055252564563339,0.0055252564563339,0,0,1,1,1,20260907
env__v~tiankampmann2021%5Fcrispri__v~ipsc-induced%5Fneuron__v~rna__v~baseline,env__v~replogleweissman2022%5Frpe1__v~rpe1__v~rna__v~baseline,0.026683067258356438,0.8615521432174013,0.0082461065101138,0.0104115339147976,0.0021654274046837996,0,1,0,1,0,20260917
env__v~tiankampmann2021%5Fcrispri__v~ipsc-induced%5Fneuron__v~rna__v~baseline,env__v~replogleweissman2022%5Frpe1__v~rpe1__v~rna__v~baseline,0.016398659123947796,0.8227149501634986,-0.0533921971163763,0.0052120633122213,0.0052120633122213,0,0,1,1,1,20260927
env__v~tiankampmann2021%5Fcrispri__v~ipsc-induced%5Fneuron__v~rna__v~baseline,env__v~replogleweissman2022%5Frpe1__v~rpe1__v~rna__v~baseline,0.022209980854523817,0.8332960584144952,0.0120326746962015,0.0124617874586308,0.00042911276242930084,0,1,0,1,0,20261007
env__v~tiankampmann2021%5Fcrispri__v~ipsc-induced%5Fneuron__v~rna__v~baseline,env__v~replogleweissman2022%5Frpe1__v~rpe1__v~rna__v~baseline,0.019747470174669317,0.8368662395104307,0.0091556496410094,0.0091556496410094,0.0,0,1,0,1,0,20261017
env__v~xucao2023__v~hek293__v~rna__v~baseline,env__v~replogleweissman2022%5Frpe1__v~rpe1__v~rna__v~baseline,0.012650750439345305,0.8210621781617206,0.0345167273845925,0.0738390860531774,0.039322358668584904,0,1,0,2,0,20260907
env__v~xucao2023__v~hek293__v~rna__v~baseline,env__v~replogleweissman2022%5Frpe1__v~rpe1__v~rna__v~baseline,0.013343822301100967,0.8229302660489386,0.0040034869101006,0.0302673694231103,0.0262638825130097,0,1,0,2,0,20260917
env__v~xucao2023__v~hek293__v~rna__v~baseline,env__v~replogleweissman2022%5Frpe1__v~rpe1__v~rna__v~baseline,0.004789672756006795,0.7889665750653033,-0.0360508150012899,0.0194015456191053,0.0194015456191053,0,0,1,2,1,20260927
env__v~xucao2023__v~hek293__v~rna__v~baseline,env__v~replogleweissman2022%5Frpe1__v~rpe1__v~rna__v~baseline,0.01237986199718567,0.8071140590675776,-0.0359654506784686,0.0097015474444727,0.0097015474444727,0,0,1,1,1,20261007
env__v~xucao2023__v~hek293__v~rna__v~baseline,env__v~replogleweissman2022%5Frpe1__v~rpe1__v~rna__v~baseline,0.0072606188311106525,0.7997148138201738,0.0007137036263163,0.0015802380329991,0.0008665344066828,0,1,0,2,0,20261017
