dataset_id,source_path,stage,n_cells,n_perturbations,n_control_cells,control_fraction,n_unique_labels,filter_rule,n_reference_groups,n_signatures,n_pseudobulk_rows,n_eligible_labels,n_eligible_labels_missing_signature
ReplogleWeissman2022_K562_gwps,H:\2026try\9.5PTL\data\raw\scperturb_v1.4\ReplogleWeissman2022_K562_gwps.h5ad,raw_obs,1989578,9866,75328,0.03786129520933585,9867,raw obs perturbation metadata,,,,,
ReplogleWeissman2022_K562_gwps,H:\2026try\9.5PTL\data\raw\scperturb_v1.4\ReplogleWeissman2022_K562_gwps.h5ad,label_parsing,1989578,9866,75328,0.03786129520933585,9867,direct perturbation -> perturbation_label; control == control,,,,,
ReplogleWeissman2022_K562_gwps,H:\2026try\9.5PTL\data\raw\scperturb_v1.4\ReplogleWeissman2022_K562_gwps.h5ad,contract_filter,1989578,9866,75328,0.03786129520933585,9867,contract_filter_query (empty in GWPS config),,,,,
ReplogleWeissman2022_K562_gwps,H:\2026try\9.5PTL\data\raw\scperturb_v1.4\ReplogleWeissman2022_K562_gwps.h5ad,qc_min_genes,1988532,9866,75293,0.03786360993939247,9867,ngenes >= 700,,,,,
ReplogleWeissman2022_K562_gwps,H:\2026try\9.5PTL\data\raw\scperturb_v1.4\ReplogleWeissman2022_K562_gwps.h5ad,qc_min_counts,1986836,9866,75247,0.037872778628935656,9867,ncounts >= 1500,,,,,
ReplogleWeissman2022_K562_gwps,H:\2026try\9.5PTL\data\raw\scperturb_v1.4\ReplogleWeissman2022_K562_gwps.h5ad,qc_max_percent_mito,1986836,9866,75247,0.037872778628935656,9867,percent_mito <= 25,,,,,
ReplogleWeissman2022_K562_gwps,H:\2026try\9.5PTL\data\raw\scperturb_v1.4\ReplogleWeissman2022_K562_gwps.h5ad,min_cells_per_perturbation,77168,31,75247,0.9751062616628654,32,grouped by batch + perturbation; non-control groups >= 10 cells; controls retained,440.0,,,,
ReplogleWeissman2022_K562_gwps,H:\2026try\9.5PTL\data\raw\scperturb_v1.4\ReplogleWeissman2022_K562_gwps.h5ad,reference_matching,77168,31,267,0.6068181818181818,32,reference_key must contain a control profile before delta signature is emitted,,440.0,440.0,,
ReplogleWeissman2022_K562_gwps,H:\2026try\9.5PTL\data\raw\scperturb_v1.4\ReplogleWeissman2022_K562_gwps.h5ad,signature_eligibility_reconciliation,77168,31,267,0.6068181818181818,32,eligible non-control labels must have a reference-matched delta signature,,440.0,,31.0,0.0
