comparison_id,axis,left_sample,right_sample,modality,target,risk_left_source_to_right_guides,risk_right_source_to_left_guides,confidence_left_source,confidence_right_source,source_within_guide_mse_left,source_within_guide_mse_right,response_program_shift,absolute_risk_change,left_guide_count,right_guide_count,shared_response_id_count,response_program_is_descriptive,destination_outcomes_used_for_evaluation_only,predictor
d7_k562_to_a549_context,cell_context,d7_k562,d7_a549,CRISPRi,AKT2,0.24224316495760392,0.25489813216260854,-0.12140422470617239,-0.11013274036806395,0.12908122266065827,0.11642625545565365,0.879339250380278,0.012654967205004614,3,4,11718,1,1,source_response_persistence_baseline
d7_k562_to_a549_context,cell_context,d7_k562,d7_a549,CRISPRi,CNIH4,0.20002939719326152,0.2982168374388461,-0.16026008707173356,-0.072905314308525,0.17381612569257388,0.07562868544698935,0.905346883704088,0.09818744024558457,3,4,11850,1,1,source_response_persistence_baseline
d7_k562_to_a549_context,cell_context,d7_k562,d7_a549,CRISPRi,COTL1,0.16929373877970916,0.2329486351642207,-0.10809751102997772,-0.04926765609642611,0.11415638262614308,0.050501486241631574,0.9576641335551993,0.06365489638451155,3,3,13265,1,1,source_response_persistence_baseline
d7_k562_to_a549_context,cell_context,d7_k562,d7_a549,CRISPRi,CTBP1,0.1916956427378214,0.2631055296868661,-0.11878754350193232,-0.053276041986307594,0.12613063909909394,0.05472075215004925,0.9442018518378479,0.07140988694904474,4,4,12997,1,1,source_response_persistence_baseline
d7_k562_to_a549_context,cell_context,d7_k562,d7_a549,CRISPRi,DCAF13,0.4538291431150632,0.49449764279969805,-0.12175283513030302,-0.0850820513570249,0.1294749007607257,0.08880640107609082,0.8960455510245485,0.04066849968463482,2,4,10780,1,1,source_response_persistence_baseline
d7_k562_to_a549_context,cell_context,d7_k562,d7_a549,CRISPRi,EPB41L2,0.1395938259699493,0.1984872523547535,-0.10411360385038192,-0.04958326917399405,0.10972651696007772,0.05083309057527349,0.93343268459607,0.058893426384804215,4,4,13340,1,1,source_response_persistence_baseline
d7_k562_to_a549_context,cell_context,d7_k562,d7_a549,CRISPRi,ETHE1,0.13873507425777212,0.20082662760779946,-0.10566908393964988,-0.0481828029151839,0.11145401765990325,0.04936246430987594,0.9372509134178031,0.062091553350027334,4,4,12944,1,1,source_response_persistence_baseline
d7_k562_to_a549_context,cell_context,d7_k562,d7_a549,CRISPRi,GNG5,0.1351894293849898,0.19906782260842648,-0.10469623021083793,-0.04544635896945196,0.11037326126860204,0.046494868045165345,0.9683272211313783,0.06387839322343669,4,4,13451,1,1,source_response_persistence_baseline
d7_k562_to_a549_context,cell_context,d7_k562,d7_a549,CRISPRi,IFT25,0.1559793442061039,0.22261191995193705,-0.12579824078553697,-0.0652452373637657,0.13405333948870793,0.06742076374287476,0.9249436643679019,0.06663257574583314,4,4,12487,1,1,source_response_persistence_baseline
d7_k562_to_a549_context,cell_context,d7_k562,d7_a549,CRISPRi,MGAT4B,0.1372447388317185,0.21597098592861802,-0.11896545954490191,-0.04650638359693272,0.1263310136306626,0.04760476653376308,0.9966569377634408,0.07872624709689952,4,4,13021,1,1,source_response_persistence_baseline
d7_k562_to_a549_context,cell_context,d7_k562,d7_a549,CRISPRi,MOSMO,0.14809631982022484,0.27402637397932583,-0.14865591347988347,-0.0337670533919791,0.16027368598060418,0.03434363182150319,0.995692908738896,0.125930054159101,3,3,12488,1,1,source_response_persistence_baseline
d7_k562_to_a549_context,cell_context,d7_k562,d7_a549,CRISPRi,MPG,0.13631423705198853,0.1979060258103703,-0.10653006605504035,-0.04957041493847109,0.11241137176442859,0.05081958300604684,0.9168286137406219,0.06159178875838178,4,4,12631,1,1,source_response_persistence_baseline
d7_k562_to_a549_context,cell_context,d7_k562,d7_a549,CRISPRi,NAMPT,0.2386869948013242,0.34146953908154626,-0.14208821133249525,-0.04869090120790568,0.15267832334334447,0.04989577906312236,0.8832939081886954,0.10278254428022207,4,4,10937,1,1,source_response_persistence_baseline
d7_k562_to_a549_context,cell_context,d7_k562,d7_a549,CRISPRi,NDUFV2,0.1450374497954568,0.23271707625571128,-0.12018725789889555,-0.039247998915565095,0.12770800404017985,0.04002837757992534,0.867561742322979,0.08767962646025448,4,4,12178,1,1,source_response_persistence_baseline
d7_k562_to_a549_context,cell_context,d7_k562,d7_a549,CRISPRi,OGFOD1,0.2828600749943748,0.382493196185631,-0.13413781353386517,-0.042980256740147514,0.14355040550820114,0.04391728431694492,0.5570929536248409,0.09963312119125617,4,4,11356,1,1,source_response_persistence_baseline
d7_k562_to_a549_context,cell_context,d7_k562,d7_a549,CRISPRi,PDHA1,0.15176148384086455,0.2328895513588672,-0.12025126975931866,-0.04559661834024165,0.12778019303798385,0.046652125519981186,0.9585442166402008,0.08112806751800264,4,4,13145,1,1,source_response_persistence_baseline
d7_k562_to_a549_context,cell_context,d7_k562,d7_a549,CRISPRi,PYGB,0.13769931984324082,0.23026343521415665,-0.1394476959273106,-0.055505241760759556,0.1496386733607546,0.057074557989838785,0.9455915055172475,0.09256411537091583,4,4,11683,1,1,source_response_persistence_baseline
d7_k562_to_a549_context,cell_context,d7_k562,d7_a549,CRISPRi,RPL29,0.14449584917098188,0.20795939069130934,-0.11062275814090068,-0.05212736731809027,0.11697345822147935,0.05350991670115188,0.9070381312168141,0.06346354152032746,4,4,12306,1,1,source_response_persistence_baseline
d7_k562_to_a549_context,cell_context,d7_k562,d7_a549,CRISPRi,SH3KBP1,0.14258713375009907,0.20352576628247185,-0.1083241334153525,-0.05208973505360275,0.11440890401567343,0.0534702714833007,0.954958898384983,0.06093863253237278,4,4,13435,1,1,source_response_persistence_baseline
d7_k562_to_a549_context,cell_context,d7_k562,d7_a549,CRISPRi,SPAG7,0.14063953511143987,0.2058588240500244,-0.1081949076828698,-0.04788081185744096,0.11426490301328465,0.049045614074700115,0.8775009325909633,0.06521928893858453,4,4,13362,1,1,source_response_persistence_baseline
d7_k562_to_a549_context,cell_context,d7_k562,d7_a549,CRISPRi,STK24,0.191188163442468,0.2672387975203949,-0.16071268823555396,-0.09376069124327988,0.1743475164821472,0.09829688240422024,0.7785420039540346,0.07605063407792692,4,4,12775,1,1,source_response_persistence_baseline
d7_k562_to_a549_context,cell_context,d7_k562,d7_a549,CRISPRi,TMED4,0.1368674640607113,0.19639992111636947,-0.1037835705123577,-0.04862622081517201,0.1093603306435614,0.049827873587903214,0.9265209113866555,0.05953245705565818,4,4,13674,1,1,source_response_persistence_baseline
d7_k562_to_a549_context,cell_context,d7_k562,d7_a549,CRISPRi,TMSB10,0.1383057812631134,0.20586753260300716,-0.10814649839604991,-0.04559383488023514,0.11421096354959737,0.046649212209703604,0.9664754434127337,0.06756175133989376,4,4,13556,1,1,source_response_persistence_baseline
d7_k562_to_a549_context,cell_context,d7_k562,d7_a549,CRISPRi,UBE2E1,0.1682908067032951,0.23687866091601867,-0.1377237219345106,-0.07610009600457662,0.14765843361812503,0.07907057940540146,0.8986410931772405,0.06858785421272356,4,4,11836,1,1,source_response_persistence_baseline
d7_k562_to_a549_context,cell_context,d7_k562,d7_a549,CRISPRko,AKT2,0.16848181209977348,0.2252913839818448,-0.11467504156362016,-0.06269247074629285,0.12150893456122068,0.06469936267914932,0.9370050777877861,0.056809571882071336,4,4,12084,1,1,source_response_persistence_baseline
d7_k562_to_a549_context,cell_context,d7_k562,d7_a549,CRISPRko,CNIH4,0.15239899738700072,0.20796945431682118,-0.11095723153385682,-0.05994360096760952,0.11734711861013813,0.06177666168031771,0.9820080834907953,0.05557045692982046,4,4,12480,1,1,source_response_persistence_baseline
d7_k562_to_a549_context,cell_context,d7_k562,d7_a549,CRISPRko,COTL1,0.2695913317195594,0.3118812670991106,-0.08588364822305125,-0.04630097289149092,0.08967953477876946,0.04738959939921819,1.006744182670838,0.042289935379551225,2,2,13756,1,1,source_response_persistence_baseline
d7_k562_to_a549_context,cell_context,d7_k562,d7_a549,CRISPRko,CTBP1,0.19692535222358393,0.2523109142085803,-0.1075164356364506,-0.05649715066083142,0.11350916182790895,0.058123599842912516,0.9115926604404166,0.05538556198499639,4,4,12999,1,1,source_response_persistence_baseline
d7_k562_to_a549_context,cell_context,d7_k562,d7_a549,CRISPRko,DCAF13,0.3230722477692667,0.41544847258985257,-0.15707104258367405,-0.07483147108486193,0.17007873636479476,0.07770251154420883,0.9029623820632003,0.09237622482058588,3,3,10059,1,1,source_response_persistence_baseline
d7_k562_to_a549_context,cell_context,d7_k562,d7_a549,CRISPRko,EPB41L2,0.15349236975737474,0.20441753642507782,-0.10593447650411915,-0.059045834322922125,0.11174902843704147,0.06082386176933836,0.9826724071048061,0.05092516666770308,4,4,12877,1,1,source_response_persistence_baseline
d7_k562_to_a549_context,cell_context,d7_k562,d7_a549,CRISPRko,ETHE1,0.15488671187811742,0.21399014412931072,-0.11298237343064621,-0.05874876052489277,0.11961219785260069,0.060508765601407395,0.9446184420137633,0.0591034322511933,4,4,12504,1,1,source_response_persistence_baseline
d7_k562_to_a549_context,cell_context,d7_k562,d7_a549,CRISPRko,GNG5,0.16454337101203648,0.2169738951303357,-0.11152323099237182,-0.06349033889000948,0.11797971548210028,0.06554919136380101,1.002522390958373,0.05243052411829921,4,4,12047,1,1,source_response_persistence_baseline
d7_k562_to_a549_context,cell_context,d7_k562,d7_a549,CRISPRko,IFT25,0.15274866445563257,0.20338809123804488,-0.1052024467422962,-0.058548176748061995,0.11093549286300301,0.06029606608059067,0.9677013479867355,0.05063942678241232,4,4,12989,1,1,source_response_persistence_baseline
d7_k562_to_a549_context,cell_context,d7_k562,d7_a549,CRISPRko,MGAT4B,0.15518576256137928,0.20362920484147795,-0.10529564369206278,-0.06071458596435067,0.11103903348708549,0.06259559120698684,0.9998081797812085,0.04844344228009867,4,4,12539,1,1,source_response_persistence_baseline
d7_k562_to_a549_context,cell_context,d7_k562,d7_a549,CRISPRko,MOSMO,0.18332602076962545,0.23250786946955795,-0.10147611196682402,-0.05602264188987282,0.1068034787179222,0.05762163001798968,0.9824263826255406,0.0491818486999325,3,3,13288,1,1,source_response_persistence_baseline
d7_k562_to_a549_context,cell_context,d7_k562,d7_a549,CRISPRko,MPG,0.15665887199065825,0.21045129224177966,-0.10893967116201751,-0.05949707406356315,0.11509507592200408,0.06130265567088271,0.987305821452069,0.05379242025112141,4,4,12569,1,1,source_response_persistence_baseline
d7_k562_to_a549_context,cell_context,d7_k562,d7_a549,CRISPRko,NAMPT,0.3547662815964815,0.4984916555317346,-0.166496656517588,-0.03675056170716077,0.18115958667746784,0.037434212742214736,0.9948556659500859,0.1437253739352531,3,4,10140,1,1,source_response_persistence_baseline
d7_k562_to_a549_context,cell_context,d7_k562,d7_a549,CRISPRko,NDUFV2,0.17110000932257846,0.2322250462415003,-0.12018256171122868,-0.06445508441176773,0.12770270812419476,0.0665776712052729,0.9408427672686134,0.06112503691892185,4,4,11775,1,1,source_response_persistence_baseline
d7_k562_to_a549_context,cell_context,d7_k562,d7_a549,CRISPRko,OGFOD1,0.15731526366629844,0.20531335262963,-0.10318772136523363,-0.05893041302267487,0.10869951612912766,0.060701427165796115,0.9948674204638531,0.04799808896333155,4,4,12824,1,1,source_response_persistence_baseline
d7_k562_to_a549_context,cell_context,d7_k562,d7_a549,CRISPRko,PDHA1,0.1666115312496952,0.22445083584108488,-0.1097729141822388,-0.056555463401396944,0.11602460832030996,0.05818530372892028,0.971658490186765,0.057839304591389695,4,4,12864,1,1,source_response_persistence_baseline
d7_k562_to_a549_context,cell_context,d7_k562,d7_a549,CRISPRko,PYGB,0.1505081502051473,0.20954564331679673,-0.10950564487744126,-0.055140317244048116,0.11572636905598299,0.05668887594433352,1.0061173775677097,0.059037493111649436,4,4,12448,1,1,source_response_persistence_baseline
d7_k562_to_a549_context,cell_context,d7_k562,d7_a549,CRISPRko,RPL29,0.1808908155331287,0.24093386999452682,-0.12795113883121087,-0.07367269255438896,0.1364974707456468,0.07645441628424872,0.9691283308866159,0.060043054461398127,4,4,10648,1,1,source_response_persistence_baseline
d7_k562_to_a549_context,cell_context,d7_k562,d7_a549,CRISPRko,RPL9,0.32324946184713493,0.39466551986236387,-0.10773367469787734,-0.0414634154294917,0.11375108578983031,0.0423350277746014,0.9859627441528781,0.07141605801522893,2,2,12285,1,1,source_response_persistence_baseline
d7_k562_to_a549_context,cell_context,d7_k562,d7_a549,CRISPRko,SH3KBP1,0.15093213360499616,0.2091151409087358,-0.10949142630535949,-0.055933634275620314,0.1157105051329625,0.05752749782922285,0.9852163091236411,0.05818300730373965,4,4,12795,1,1,source_response_persistence_baseline
d7_k562_to_a549_context,cell_context,d7_k562,d7_a549,CRISPRko,SPAG7,0.17208748470282167,0.241396978725236,-0.12721404033356032,-0.06424214110265096,0.1356600688291382,0.06635057480672385,0.9209859099688255,0.06930949402241432,4,4,11638,1,1,source_response_persistence_baseline
d7_k562_to_a549_context,cell_context,d7_k562,d7_a549,CRISPRko,STK24,0.15275786167917924,0.20794404321175344,-0.10495613941942245,-0.05399157854768032,0.11066189501183082,0.05547571347925667,1.0115487597086368,0.05518618153257421,4,4,12919,1,1,source_response_persistence_baseline
d7_k562_to_a549_context,cell_context,d7_k562,d7_a549,CRISPRko,TMED4,0.161913283522095,0.21274754761897832,-0.10653420545591605,-0.059759977430891745,0.11241597649056541,0.06158171239368209,0.9732069144721511,0.050834264096883325,4,4,12634,1,1,source_response_persistence_baseline
d7_k562_to_a549_context,cell_context,d7_k562,d7_a549,CRISPRko,TMSB10,0.17340393897800246,0.24734937974488955,-0.12916900346151136,-0.06197615346600244,0.13788241398320758,0.0639369732163205,0.9044491407240034,0.07394544076688708,4,4,10713,1,1,source_response_persistence_baseline
d7_k562_to_a549_context,cell_context,d7_k562,d7_a549,CRISPRko,UBE2E1,0.15706087596704071,0.21808713841033664,-0.11155346733185437,-0.05542265115229916,0.11801351960736613,0.05698725716407019,0.9471282204242641,0.061026262443295926,4,4,12538,1,1,source_response_persistence_baseline
d10_to_d14_time,time,d10_k562,d14_k562_crispri,CRISPRi,AKT2,0.2515624112882908,0.22535859287584184,-0.10336153006926378,-0.1267172754717402,0.10889223450276515,0.13509605291521418,0.7665109303281594,0.02620381841244898,3,3,12084,1,1,source_response_persistence_baseline
d10_to_d14_time,time,d10_k562,d14_k562_crispri,CRISPRi,CNIH4,0.35042364940935716,0.20963138630901285,-0.03991875998487596,-0.1668004630952212,0.04072622214390292,0.18151848524424719,1.0726257431501138,0.14079226310034432,2,3,13034,1,1,source_response_persistence_baseline
d10_to_d14_time,time,d10_k562,d14_k562_crispri,CRISPRi,COTL1,0.22134254335980758,0.23892111144885264,-0.10193278490963062,-0.08593039342589497,0.10730904134925795,0.08973047326021288,0.9222617106767144,0.017578568089045066,3,3,15257,1,1,source_response_persistence_baseline
d10_to_d14_time,time,d10_k562,d14_k562_crispri,CRISPRi,CTBP1,0.22637484319094514,0.2188543051512923,-0.11169583589676663,-0.11839905828285222,0.11817270091864367,0.12569323895829654,0.3251321744329537,0.00752053803965283,4,4,14314,1,1,source_response_persistence_baseline
d10_to_d14_time,time,d10_k562,d14_k562_crispri,CRISPRi,EPB41L2,0.19034652560537585,0.20546758333822562,-0.0982257030528922,-0.08442450666807873,0.10321175527193928,0.08809069753908953,0.921370189789264,0.015121057732849774,4,4,15499,1,1,source_response_persistence_baseline
d10_to_d14_time,time,d10_k562,d14_k562_crispri,CRISPRi,ETHE1,0.19355594262582645,0.2145116802446525,-0.1058681902230156,-0.0868376614912875,0.11167533717081289,0.0907195995519868,0.8873273414321958,0.020955737618826048,4,4,15280,1,1,source_response_persistence_baseline
d10_to_d14_time,time,d10_k562,d14_k562_crispri,CRISPRi,GNG5,0.18480915738426182,0.20845295641240044,-0.10295324999386693,-0.08139175663213179,0.10843958830715454,0.0847957892790159,0.9151378093015934,0.023643799028138623,4,4,15709,1,1,source_response_persistence_baseline
d10_to_d14_time,time,d10_k562,d14_k562_crispri,CRISPRi,IFT25,0.19591863284250732,0.20841096150788074,-0.11199304459703385,-0.1007614331413198,0.11850508096443203,0.1060127522990586,0.9201864112533412,0.01249232866537342,4,4,13114,1,1,source_response_persistence_baseline
d10_to_d14_time,time,d10_k562,d14_k562_crispri,CRISPRi,MGAT4B,0.18959759371860913,0.2045769421066229,-0.10538376445455021,-0.09181096926528391,0.11113694340775475,0.09615759501974104,0.93442647037465,0.014979348388013763,4,4,14558,1,1,source_response_persistence_baseline
d10_to_d14_time,time,d10_k562,d14_k562_crispri,CRISPRi,MOSMO,0.27328108114930205,0.28991392887074297,-0.07909109902800421,-0.06360377183441836,0.08230291432291828,0.06567006660147735,0.9671969626980566,0.016632847721440913,2,2,17394,1,1,source_response_persistence_baseline
d10_to_d14_time,time,d10_k562,d14_k562_crispri,CRISPRi,MPG,0.18820724476189268,0.20121116712975126,-0.0969369640119732,-0.08506422939707214,0.10179091895278664,0.08878699658492809,0.9144039270234611,0.013003922367858578,4,4,15114,1,1,source_response_persistence_baseline
d10_to_d14_time,time,d10_k562,d14_k562_crispri,CRISPRi,NDUFV2,0.2275498941359456,0.1950159104989559,-0.09146994975447247,-0.1207278786898765,0.09578384762411421,0.12831783126110397,0.6840949125801057,0.0325339836369897,4,4,12646,1,1,source_response_persistence_baseline
d10_to_d14_time,time,d10_k562,d14_k562_crispri,CRISPRi,OGFOD1,0.3138351396492894,0.3247761426402042,-0.15684771148639975,-0.14745095607247632,0.1698174505744122,0.15887644758349734,0.6177709373975029,0.010941002990914828,4,3,10480,1,1,source_response_persistence_baseline
d10_to_d14_time,time,d10_k562,d14_k562_crispri,CRISPRi,PDHA1,0.21079405683371147,0.20941448120492684,-0.11009407518256435,-0.11132906694737467,0.11638308946190579,0.11776266509069037,0.6751440441436427,0.0013795756287846295,4,4,14094,1,1,source_response_persistence_baseline
d10_to_d14_time,time,d10_k562,d14_k562_crispri,CRISPRi,PYGB,0.14307194370067033,0.2564169550958096,-0.14951774894358133,-0.04681590290431315,0.16127408201724755,0.04792907062210837,1.0542210837583093,0.11334501139513925,4,3,13176,1,1,source_response_persistence_baseline
d10_to_d14_time,time,d10_k562,d14_k562_crispri,CRISPRi,RPL29,0.20654013710767935,0.20523236187281935,-0.10092554911164729,-0.10210708007806928,0.10619428155061393,0.10750205678547392,0.7706259157941323,0.0013077752348600036,4,4,13798,1,1,source_response_persistence_baseline
d10_to_d14_time,time,d10_k562,d14_k562_crispri,CRISPRi,SH3KBP1,0.19185414411279358,0.21108387053521557,-0.1061720827311931,-0.08872810347217001,0.1120132183144786,0.0927834918920566,0.9063663133238937,0.01922972642242199,4,4,15572,1,1,source_response_persistence_baseline
d10_to_d14_time,time,d10_k562,d14_k562_crispri,CRISPRi,SPAG7,0.19618831254417185,0.2108074947526878,-0.10181725784634241,-0.08852534420012713,0.10718112457662521,0.0925619423681092,0.8211965829407789,0.014619182208515963,4,4,15387,1,1,source_response_persistence_baseline
d10_to_d14_time,time,d10_k562,d14_k562_crispri,CRISPRi,STK24,0.25393547283682955,0.27027742690297785,-0.16498696360077633,-0.15103364667087335,0.17937774377207055,0.16303578970592225,0.6945924948497074,0.0163419540661483,4,4,14020,1,1,source_response_persistence_baseline
d10_to_d14_time,time,d10_k562,d14_k562_crispri,CRISPRi,TMED4,0.19692688698045807,0.2142386507215494,-0.10320973091128371,-0.08747241244028177,0.10872391837072376,0.09141215462963244,0.908791390658433,0.017311763741091335,4,4,16221,1,1,source_response_persistence_baseline
d10_to_d14_time,time,d10_k562,d14_k562_crispri,CRISPRi,TMSB10,0.18951852426091434,0.2088762090723217,-0.10392210775774524,-0.08632112100360755,0.10951402901413959,0.09015634420273225,0.9008322005348124,0.019357684811407372,4,4,15910,1,1,source_response_persistence_baseline
d10_to_d14_time,time,d10_k562,d14_k562_crispri,CRISPRi,UBE2E1,0.14794976187782888,0.23650646008290938,-0.13369405057291062,-0.05305378066299388,0.14304305277475354,0.05448635456967307,0.85237870825781,0.0885566982050805,4,3,13043,1,1,source_response_persistence_baseline
d10_to_d14_time,time,d10_k562,d14_k562_crisprko,CRISPRko,AKT2,0.2046983215246163,0.21863510856337004,-0.1069631695427094,-0.09436107347070752,0.11289326535662746,0.09895647831787376,0.846858248247936,0.013936787038753728,4,4,14019,1,1,source_response_persistence_baseline
d10_to_d14_time,time,d10_k562,d14_k562_crisprko,CRISPRko,CNIH4,0.18731379058893372,0.21448038851005166,-0.10602950206261337,-0.08129246188950483,0.11185467802900036,0.08468808010788235,0.9345799868283562,0.027166597921117946,4,4,14947,1,1,source_response_persistence_baseline
d10_to_d14_time,time,d10_k562,d14_k562_crisprko,CRISPRko,COTL1,0.27300124679180743,0.2921409659196816,-0.08125756603572781,-0.06345403691312537,0.08465022965166107,0.06551051052378697,0.9320043859921454,0.019139719127874155,2,2,16471,1,1,source_response_persistence_baseline
d10_to_d14_time,time,d10_k562,d14_k562_crisprko,CRISPRko,CTBP1,0.20100761698439465,0.21560963698483135,-0.10511287267518807,-0.09188063865325515,0.11083598630928237,0.09623396630884566,0.3420650791679358,0.0146020200004367,4,4,14952,1,1,source_response_persistence_baseline
d10_to_d14_time,time,d10_k562,d14_k562_crisprko,CRISPRko,DCAF13,0.3414135625904044,0.36650253281140166,-0.11368964837468598,-0.09104234133160084,0.12040435160941304,0.09531538138841579,0.9166063031687514,0.025088970220997264,2,2,11713,1,1,source_response_persistence_baseline
d10_to_d14_time,time,d10_k562,d14_k562_crisprko,CRISPRko,EPB41L2,0.19118382086961316,0.22464010264327047,-0.10863791911622944,-0.07816620601268276,0.11475864446358962,0.0813023626899323,0.9187520326162997,0.03345628177365731,4,4,15703,1,1,source_response_persistence_baseline
d10_to_d14_time,time,d10_k562,d14_k562_crisprko,CRISPRko,ETHE1,0.18600163290271618,0.21326529068436317,-0.1053592616291515,-0.08051588183065708,0.11110971774679056,0.0838460599651436,0.9334784223761822,0.027263657781646994,4,4,14713,1,1,source_response_persistence_baseline
d10_to_d14_time,time,d10_k562,d14_k562_crisprko,CRISPRko,GNG5,0.19333373725663935,0.20872415537696934,-0.10292370608305493,-0.08894123472674086,0.10840684115055901,0.09301642303022899,0.7802136420683745,0.015390418120329985,4,4,14211,1,1,source_response_persistence_baseline
d10_to_d14_time,time,d10_k562,d14_k562_crisprko,CRISPRko,IFT25,0.19080883114456243,0.22226894789974488,-0.1070171899259297,-0.07834274276329302,0.11295338590115812,0.08149326914597567,0.9381863861396047,0.031460116755182455,4,4,15431,1,1,source_response_persistence_baseline
d10_to_d14_time,time,d10_k562,d14_k562_crisprko,CRISPRko,MGAT4B,0.18555271133178047,0.21490604181475148,-0.10563473045697683,-0.07886894725523201,0.11141583599940594,0.0820625055164349,0.955136175670226,0.029353330482971007,4,4,15076,1,1,source_response_persistence_baseline
d10_to_d14_time,time,d10_k562,d14_k562_crisprko,CRISPRko,MOSMO,0.22011917170702247,0.25240199520000006,-0.10411088617747341,-0.07458848588619016,0.1097235010904848,0.07744067759750724,0.9407666812702368,0.03228282349297759,3,3,15870,1,1,source_response_persistence_baseline
d10_to_d14_time,time,d10_k562,d14_k562_crisprko,CRISPRko,MPG,0.19784904954464497,0.21983238119370171,-0.10411866601236311,-0.08411024212677895,0.10973213458968005,0.08774880294062329,0.9612519353940499,0.021983331649056748,4,4,15282,1,1,source_response_persistence_baseline
d10_to_d14_time,time,d10_k562,d14_k562_crisprko,CRISPRko,NDUFV2,0.18828750184691012,0.24524185641623886,-0.12554686467579515,-0.07400663193258626,0.1337683013993715,0.07681394683004276,0.8814688756967511,0.056954354569328736,4,3,12363,1,1,source_response_persistence_baseline
d10_to_d14_time,time,d10_k562,d14_k562_crisprko,CRISPRko,OGFOD1,0.19512845443843044,0.22473036926342965,-0.10795845715805015,-0.08102642441631931,0.11400146563835921,0.08439955081335997,0.92602888883268,0.029601914824999215,4,4,15326,1,1,source_response_persistence_baseline
d10_to_d14_time,time,d10_k562,d14_k562_crisprko,CRISPRko,PDHA1,0.20710724212938567,0.23948666614767872,-0.11105848842309793,-0.08165449058887599,0.11746026343182078,0.08508083941352775,0.8005699470265853,0.03237942401829305,4,4,15149,1,1,source_response_persistence_baseline
d10_to_d14_time,time,d10_k562,d14_k562_crisprko,CRISPRko,PYGB,0.19025039219954087,0.22311127621604812,-0.10982002808632142,-0.0799346764403453,0.1160771898353107,0.08321630581880346,0.9294643187133292,0.03286088401650725,4,4,14924,1,1,source_response_persistence_baseline
d10_to_d14_time,time,d10_k562,d14_k562_crisprko,CRISPRko,RPL29,0.21658484402330028,0.24449552226980825,-0.10786418183304507,-0.08248811782736237,0.1138964477385061,0.08598576949199813,0.8613170711369305,0.027910678246507975,3,3,13433,1,1,source_response_persistence_baseline
d10_to_d14_time,time,d10_k562,d14_k562_crisprko,CRISPRko,SH3KBP1,0.192446706563953,0.2179658820400093,-0.1039330366762372,-0.08066434155090894,0.10952615486878949,0.08400697939273316,0.9263116562898492,0.02551917547605631,4,4,15314,1,1,source_response_persistence_baseline
d10_to_d14_time,time,d10_k562,d14_k562_crisprko,CRISPRko,SPAG7,0.15424214415102847,0.24944567548701344,-0.13499791250239018,-0.04815268845354868,0.14453439513600655,0.04933086380002159,0.8882271833609996,0.09520353133598497,4,3,12758,1,1,source_response_persistence_baseline
d10_to_d14_time,time,d10_k562,d14_k562_crisprko,CRISPRko,STK24,0.1890264278351206,0.21694845761322362,-0.10439839446882566,-0.07892260849495966,0.11004260166798958,0.08212057188988658,0.934307860743173,0.027922029778103014,4,4,15336,1,1,source_response_persistence_baseline
d10_to_d14_time,time,d10_k562,d14_k562_crisprko,CRISPRko,TMED4,0.1910119690651982,0.2202495570433781,-0.10834666568045427,-0.08176100883485796,0.11443401445542696,0.08519642647724708,0.9066434716924511,0.02923758797817988,4,4,15002,1,1,source_response_persistence_baseline
d10_to_d14_time,time,d10_k562,d14_k562_crisprko,CRISPRko,TMSB10,0.19070842204470193,0.20910212053029875,-0.10974143747068109,-0.09312213469026999,0.11598948008848607,0.09759578160288929,0.9244935497400465,0.018393698485596827,4,4,12088,1,1,source_response_persistence_baseline
d10_to_d14_time,time,d10_k562,d14_k562_crisprko,CRISPRko,UBE2E1,0.1841666268598392,0.21113852941352007,-0.1054820241359514,-0.08091084720546084,0.11124612873397692,0.08427422618029605,0.842608664500881,0.02697190255368087,4,4,14403,1,1,source_response_persistence_baseline
d7_to_d10_time,time,d7_k562,d10_k562,CRISPRi,AKT2,0.22787418786243002,0.2545082697744644,-0.129336396636778,-0.10565541175967655,0.1380729036764568,0.11143882176442246,0.6548378909090504,0.02663408191203437,3,3,12452,1,1,source_response_persistence_baseline
d7_to_d10_time,time,d7_k562,d10_k562,CRISPRi,CNIH4,0.20207029107885946,0.3622772885889568,-0.18352551143527404,-0.040410983454956785,0.20144561562278349,0.041238618112686164,0.9308741866506659,0.16020699751009734,3,2,12896,1,1,source_response_persistence_baseline
d7_to_d10_time,time,d7_k562,d10_k562,CRISPRi,COTL1,0.20074486949292747,0.236176615460171,-0.11331149651269729,-0.08116423490999718,0.11998074871583106,0.08454900274858757,0.7467823474893589,0.03543174596724352,3,3,14057,1,1,source_response_persistence_baseline
d7_to_d10_time,time,d7_k562,d10_k562,CRISPRi,CTBP1,0.18966768537156226,0.2207712542753663,-0.12501559041165392,-0.0971834700559828,0.13316611945538742,0.10206255055158334,0.3325818417343087,0.031103568903804057,4,4,13709,1,1,source_response_persistence_baseline
d7_to_d10_time,time,d7_k562,d10_k562,CRISPRi,EPB41L2,0.1675447500331482,0.2085278178037251,-0.11272244300063154,-0.07542110291128616,0.11932121439192955,0.07833814662135265,0.7042996656440705,0.04098306777057689,4,4,14283,1,1,source_response_persistence_baseline
d7_to_d10_time,time,d7_k562,d10_k562,CRISPRi,ETHE1,0.16969007849790804,0.21119893775988324,-0.114748365413644,-0.07703725273849699,0.12159117092904555,0.08008231166707033,0.6914095910049672,0.0415088592619752,4,4,13853,1,1,source_response_persistence_baseline
d7_to_d10_time,time,d7_k562,d10_k562,CRISPRi,GNG5,0.16236512491642177,0.20045007370443632,-0.10952274675621715,-0.0747924891632828,0.11574545023625521,0.07766050144824063,0.7256835252675377,0.03808494878801455,4,4,14217,1,1,source_response_persistence_baseline
d7_to_d10_time,time,d7_k562,d10_k562,CRISPRi,IFT25,0.1942213372036072,0.21747748074234163,-0.12778987535356107,-0.10711124204617276,0.13631420998820484,0.1130580664494704,0.6763926185596656,0.023256143538734425,4,4,12947,1,1,source_response_persistence_baseline
d7_to_d10_time,time,d7_k562,d10_k562,CRISPRi,MGAT4B,0.17327926949842404,0.21402296344709418,-0.12193049997892112,-0.08519730078860968,0.12967558657486683,0.08893189262619669,0.7407771619892064,0.04074369394867014,4,4,13638,1,1,source_response_persistence_baseline
d7_to_d10_time,time,d7_k562,d10_k562,CRISPRi,MOSMO,0.17415560203353272,0.3147900689960843,-0.1599990985653801,-0.03234651120692436,0.17350981314896108,0.03287534618640956,0.9113175927864159,0.14063446696255158,3,2,13235,1,1,source_response_persistence_baseline
d7_to_d10_time,time,d7_k562,d10_k562,CRISPRi,MPG,0.15162933605619655,0.20409365608468247,-0.11512053443038948,-0.06723271672088757,0.12200867009762918,0.06954435006914332,0.6814410829457437,0.05246432002848592,4,4,13601,1,1,source_response_persistence_baseline
d7_to_d10_time,time,d7_k562,d10_k562,CRISPRi,NAMPT,0.29955000119979586,0.302412863285152,-0.1342726424334539,-0.1317663561414543,0.1437045995456727,0.14084173746031659,0.5412176113084519,0.0028628620853561326,4,3,10867,1,1,source_response_persistence_baseline
d7_to_d10_time,time,d7_k562,d10_k562,CRISPRi,NDUFV2,0.19159239710844814,0.22369918655428392,-0.12292960801387838,-0.09412586887846149,0.13080481854874318,0.09869802910290744,0.5445881416419684,0.03210678944583578,4,4,12678,1,1,source_response_persistence_baseline
d7_to_d10_time,time,d7_k562,d10_k562,CRISPRi,OGFOD1,0.3368134088538032,0.2787337913116647,-0.11218207085674332,-0.16279561474089027,0.11871652778022354,0.17679614532236207,0.3907178955529762,0.05807961754213847,4,4,10773,1,1,source_response_persistence_baseline
d7_to_d10_time,time,d7_k562,d10_k562,CRISPRi,PDHA1,0.1906189795145317,0.21537909229375127,-0.1222820621239714,-0.10012827664646502,0.13007280756713482,0.10531269478791523,0.567166775797598,0.02476011277921958,4,4,13696,1,1,source_response_persistence_baseline
d7_to_d10_time,time,d7_k562,d10_k562,CRISPRi,PYGB,0.17008643686919758,0.20852400586418252,-0.1280702303634953,-0.0936681570002444,0.13663282603054944,0.09819525703556455,0.7561151105638051,0.03843756899498493,4,4,11802,1,1,source_response_persistence_baseline
d7_to_d10_time,time,d7_k562,d10_k562,CRISPRi,RPL29,0.17223552917467214,0.20675147819744666,-0.11690579397078149,-0.08571666046472078,0.12401353585069572,0.08949758682792118,0.6227217308322412,0.03451594902277452,4,4,13093,1,1,source_response_persistence_baseline
d7_to_d10_time,time,d7_k562,d10_k562,CRISPRi,SH3KBP1,0.16767187749082768,0.20440456368420912,-0.11357303764125123,-0.08023440178539878,0.12027370805359684,0.0835410218602154,0.7001641416293494,0.036732686193381436,4,4,14270,1,1,source_response_persistence_baseline
d7_to_d10_time,time,d7_k562,d10_k562,CRISPRi,SPAG7,0.17172649994509775,0.21054679513375008,-0.11528342766064785,-0.0800776215984127,0.1221914526008913,0.08337115741223898,0.6642310495058728,0.03882029518865232,4,4,14201,1,1,source_response_persistence_baseline
d7_to_d10_time,time,d7_k562,d10_k562,CRISPRi,STK24,0.23418870216302531,0.2665385816148663,-0.16642858961674833,-0.13865638546297843,0.1810791915411606,0.14872931208931964,0.580366498799106,0.03234987945184101,4,4,13436,1,1,source_response_persistence_baseline
d7_to_d10_time,time,d7_k562,d10_k562,CRISPRi,TMED4,0.16081953387050282,0.20531908193606876,-0.1110039029122374,-0.07036500158462186,0.11739926795722473,0.0728997198916588,0.7136297619331402,0.04449954806556594,4,4,14579,1,1,source_response_persistence_baseline
d7_to_d10_time,time,d7_k562,d10_k562,CRISPRi,TMSB10,0.16502825752035472,0.20904404562238812,-0.11449349616193107,-0.07444822011620662,0.12130534825183617,0.07728956014980277,0.7274134543277597,0.04401578810203341,4,4,14408,1,1,source_response_persistence_baseline
d7_to_d10_time,time,d7_k562,d10_k562,CRISPRi,UBE2E1,0.1793503908510653,0.2185967462852446,-0.12965342270543723,-0.09457118337565186,0.13843375965231028,0.09918740421813102,0.7116985184817566,0.039246355434179286,4,4,11970,1,1,source_response_persistence_baseline
d7_to_d10_time,time,d7_k562,d10_k562,CRISPRko,AKT2,0.181140498197437,0.22190438377549926,-0.1232508713155925,-0.08654852419309335,0.13116816299983833,0.0904042774217761,0.6290004861723387,0.040763885578062264,4,4,13011,1,1,source_response_persistence_baseline
d7_to_d10_time,time,d7_k562,d10_k562,CRISPRko,CNIH4,0.160783060065608,0.2093822127906984,-0.11841542111635624,-0.0742838550350179,0.12571165864004089,0.07711250591495045,0.6818380955393237,0.04859915272509041,4,4,13430,1,1,source_response_persistence_baseline
d7_to_d10_time,time,d7_k562,d10_k562,CRISPRko,COTL1,0.26393490528166397,0.2966919520996946,-0.0906754884538787,-0.06030135890534909,0.0949136354840663,0.062156588666035656,0.801454271274832,0.032757046818030655,2,2,14610,1,1,source_response_persistence_baseline
d7_to_d10_time,time,d7_k562,d10_k562,CRISPRko,CTBP1,0.1802035000521366,0.21430247172627304,-0.11635476582453877,-0.08553103921580595,0.12339434336759447,0.089295371693458,0.3033841532443461,0.03409897167413645,4,4,13985,1,1,source_response_persistence_baseline
d7_to_d10_time,time,d7_k562,d10_k562,CRISPRko,DCAF13,0.33007992247132634,0.40023746398690063,-0.16138529966577608,-0.09982734406560989,0.17513766174536496,0.10498012022979065,0.8348151856909904,0.0701575415155743,3,2,10614,1,1,source_response_persistence_baseline
d7_to_d10_time,time,d7_k562,d10_k562,CRISPRko,EPB41L2,0.16560843531209624,0.21230331516380022,-0.11548064370030588,-0.07298826075824717,0.12241278857969654,0.07571790872799254,0.689790180162869,0.04669487985170398,4,4,13930,1,1,source_response_persistence_baseline
d7_to_d10_time,time,d7_k562,d10_k562,CRISPRko,ETHE1,0.16937284176073605,0.2145477054003303,-0.12059356477072575,-0.079727053868096,0.12816629264823992,0.08299142900864567,0.6580034415531135,0.04517486363959425,4,4,13485,1,1,source_response_persistence_baseline
d7_to_d10_time,time,d7_k562,d10_k562,CRISPRko,GNG5,0.1682690006667459,0.21832281122910394,-0.12220870841928783,-0.07690187736564799,0.12998991558039194,0.0799361050180339,0.6205649054969896,0.050053810562358025,4,4,13044,1,1,source_response_persistence_baseline
d7_to_d10_time,time,d7_k562,d10_k562,CRISPRko,IFT25,0.16940265770590826,0.20912553561932734,-0.1141225510028867,-0.07804064767354162,0.12088948259753583,0.08116660468411675,0.6983849891925833,0.03972287791341908,4,4,14001,1,1,source_response_persistence_baseline
d7_to_d10_time,time,d7_k562,d10_k562,CRISPRko,MGAT4B,0.15791291268872687,0.20479451682825028,-0.11589295532144335,-0.07324494471257874,0.12287566783483182,0.07599406369530841,0.6722415263021442,0.046881604139523414,4,4,13616,1,1,source_response_persistence_baseline
d7_to_d10_time,time,d7_k562,d10_k562,CRISPRko,MOSMO,0.20409616449245777,0.23965147260321895,-0.10850057834559809,-0.0760812515074913,0.1146055531653701,0.07905024505460892,0.7304763505987231,0.035555308110761186,3,3,14297,1,1,source_response_persistence_baseline
d7_to_d10_time,time,d7_k562,d10_k562,CRISPRko,MPG,0.16261579403312276,0.21581651268410898,-0.11998063212537449,-0.07164536005412118,0.1274750145731825,0.0742742959221963,0.6907220351366787,0.05320071865098622,4,4,13626,1,1,source_response_persistence_baseline
d7_to_d10_time,time,d7_k562,d10_k562,CRISPRko,NDUFV2,0.19839332619962832,0.19911858042582878,-0.11361058556273836,-0.1129630100330448,0.12031577279254774,0.11959051856634728,0.6061418774257081,0.0007252542262004558,4,4,11903,1,1,source_response_persistence_baseline
d7_to_d10_time,time,d7_k562,d10_k562,CRISPRko,OGFOD1,0.17580961126238692,0.21403080762396962,-0.1140205553227533,-0.07932303293685909,0.12077516254257892,0.0825539661809962,0.7099079790571344,0.03822119636158269,4,4,13857,1,1,source_response_persistence_baseline
d7_to_d10_time,time,d7_k562,d10_k562,CRISPRko,PDHA1,0.17980985761870044,0.21708696887927387,-0.11641933466805725,-0.08267594908432518,0.12346688198300297,0.08618977072242953,0.5770669875071828,0.037277111260573426,4,4,13747,1,1,source_response_persistence_baseline
d7_to_d10_time,time,d7_k562,d10_k562,CRISPRko,PYGB,0.16990573553460636,0.21366113687869842,-0.11775661494866536,-0.07808529388301465,0.12497027709646895,0.08121487575237683,0.6994684811849402,0.04375540134409206,4,4,13376,1,1,source_response_persistence_baseline
d7_to_d10_time,time,d7_k562,d10_k562,CRISPRko,RPL29,0.16664653531447315,0.2404958934029249,-0.13722537814651659,-0.07067958511121335,0.14708664765181811,0.07323728956336634,0.6428517626430115,0.07384935808845175,4,3,11542,1,1,source_response_persistence_baseline
d7_to_d10_time,time,d7_k562,d10_k562,CRISPRko,RPL9,0.3364396462503091,0.3240122709392699,-0.09731977212418699,-0.10853161695189292,0.10221277419417793,0.11464014950521714,0.6545244827082535,0.012427375311039213,2,2,11904,1,1,source_response_persistence_baseline
d7_to_d10_time,time,d7_k562,d10_k562,CRISPRko,SH3KBP1,0.16629262351210916,0.2143175909763646,-0.11858373689807265,-0.07499260704058942,0.12590114962456642,0.077876182160311,0.6787542951801186,0.04802496746425544,4,4,13855,1,1,source_response_persistence_baseline
d7_to_d10_time,time,d7_k562,d10_k562,CRISPRko,SPAG7,0.18057710359929066,0.19883478523025697,-0.11619540222950911,-0.09980700648854776,0.12321532947092736,0.1049576478399611,0.5872537111998989,0.018257681630966305,4,4,11792,1,1,source_response_persistence_baseline
d7_to_d10_time,time,d7_k562,d10_k562,CRISPRko,STK24,0.16211054408119785,0.20394671052648197,-0.11141621999192074,-0.0732726913344659,0.11786008575522507,0.0760239193099409,0.667411213461411,0.04183616644528412,4,4,13798,1,1,source_response_persistence_baseline
d7_to_d10_time,time,d7_k562,d10_k562,CRISPRko,TMED4,0.16966524408935238,0.2088234083169506,-0.11601182259166311,-0.08052042558426283,0.12300914893337325,0.08385098470577503,0.6311207847010208,0.03915816422759821,4,4,13640,1,1,source_response_persistence_baseline
d7_to_d10_time,time,d7_k562,d10_k562,CRISPRko,TMSB10,0.18328995221796882,0.2255913312712068,-0.13221751368550896,-0.09445087787944327,0.1413565529394556,0.09905517388621765,0.6922492373065207,0.042301379053238,4,4,11349,1,1,source_response_persistence_baseline
d7_to_d10_time,time,d7_k562,d10_k562,CRISPRko,UBE2E1,0.17350741200214734,0.21206119987349265,-0.11740457758217777,-0.08252012313068947,0.1245743152235199,0.0860205273521746,0.6466707427685864,0.03855378787134531,4,4,13345,1,1,source_response_persistence_baseline
