dataset,evidence_tier,source_environment_id,left_target_environment_id,right_target_environment_id,metric,observed_D,observed_D_ci_low,observed_D_ci_high,measurement_identifiable,measurement_identifiable_ci_low,measurement_identifiable_ci_high,joint_identifiable,joint_identifiable_ci_low,joint_identifiable_ci_high,stable_fraction_both,status,availability,provenance
NormanWeissman2019_filtered,1,norman_k562,,,,,,,,,,,,,,unavailable,registered_metadata_only,artifacts/manifests/environment_registry.csv
ReplogleWeissman2022_rpe1,1,replogle_rpe1,,,,,,,,,,,,,,unavailable,registered_metadata_only,artifacts/manifests/environment_registry.csv
FrangiehIzar2021_RNA,2,frangieh_melanoma_coculture,frangieh_melanoma_coculture,frangieh_melanoma_ifng,absolute_effect_rank_agreement,0.2786213705928628,0.2469762390045054,0.3116315347207323,0.0573937280984052,0.028408603304012,0.0849983015089751,-0.0512422539869842,-0.0888348798541085,-0.0144789655295716,0.7601730672960023,available,canonical_fullsize_claim_lock,artifacts/manifests/formal_v2_claim_lock_measurement_fullsize_summary.csv
FrangiehIzar2021_RNA,2,frangieh_melanoma_coculture,frangieh_melanoma_coculture,frangieh_melanoma_ifng,delta_cosine,0.3153157137238074,0.2810193627976828,0.3511362011013372,0.1139888972323535,0.0816343953371951,0.1500263713080168,0.0363818118429521,-0.0025039333476363,0.0760854698562539,0.7755846384895945,available,canonical_fullsize_claim_lock,artifacts/manifests/formal_v2_claim_lock_measurement_fullsize_summary.csv
FrangiehIzar2021_RNA,2,frangieh_melanoma_coculture,frangieh_melanoma_coculture,frangieh_melanoma_ifng,systema_centroid_accuracy,0.0969033871486805,0.0826872362869198,0.1140239487234499,0.0255232201601945,0.0153212829864836,0.0364288332260602,0.0219503548952299,0.0117014857326753,0.0330778892226274,0.9291997425445184,available,canonical_fullsize_claim_lock,artifacts/manifests/formal_v2_claim_lock_measurement_fullsize_summary.csv
FrangiehIzar2021_RNA,2,frangieh_melanoma_coculture,frangieh_melanoma_control,frangieh_melanoma_coculture,absolute_effect_rank_agreement,0.2847871134587873,0.2570127654891603,0.3129021312497707,0.058339569348153,0.0332269542569971,0.0834823557463042,-0.0450684815303914,-0.0835800227431128,-0.0106865118667693,0.7559150434686915,available,canonical_fullsize_claim_lock,artifacts/manifests/formal_v2_claim_lock_measurement_fullsize_summary.csv
FrangiehIzar2021_RNA,2,frangieh_melanoma_coculture,frangieh_melanoma_control,frangieh_melanoma_coculture,delta_cosine,0.3591701423278676,0.322767414988445,0.3998573970140494,0.127843989582187,0.0934796962693958,0.1645225780418913,0.0496368071604123,0.0072330893951065,0.0901661256006749,0.7362165731264444,available,canonical_fullsize_claim_lock,artifacts/manifests/formal_v2_claim_lock_measurement_fullsize_summary.csv
FrangiehIzar2021_RNA,2,frangieh_melanoma_coculture,frangieh_melanoma_control,frangieh_melanoma_coculture,systema_centroid_accuracy,0.1269926543413668,0.1045263838450533,0.1521865026961593,0.0474177946517002,0.0278048310773632,0.0705772440482741,0.0445353802134918,0.0254383551593852,0.0677251843292615,0.9231502879571548,available,canonical_fullsize_claim_lock,artifacts/manifests/formal_v2_claim_lock_measurement_fullsize_summary.csv
FrangiehIzar2021_RNA,2,frangieh_melanoma_coculture,frangieh_melanoma_control,frangieh_melanoma_ifng,absolute_effect_rank_agreement,0.2801482542280414,0.25102336788507,0.3087847790507365,0.0526672394980905,0.0236570285506455,0.0816584833606109,-0.0554537415893798,-0.0976475268230587,-0.0142825968357883,0.7606110201854883,available,canonical_fullsize_claim_lock,artifacts/manifests/formal_v2_claim_lock_measurement_fullsize_summary.csv
FrangiehIzar2021_RNA,2,frangieh_melanoma_coculture,frangieh_melanoma_control,frangieh_melanoma_ifng,delta_cosine,0.3039456810329151,0.2636611202036734,0.3404887252227677,0.0876888888888888,0.0571894889979996,0.1209369885433714,0.0012751773049645,-0.0432464993635206,0.0436099745408255,0.7655937443171486,available,canonical_fullsize_claim_lock,artifacts/manifests/formal_v2_claim_lock_measurement_fullsize_summary.csv
FrangiehIzar2021_RNA,2,frangieh_melanoma_coculture,frangieh_melanoma_control,frangieh_melanoma_ifng,systema_centroid_accuracy,0.1174283824331696,0.0965784688125113,0.1409549463538825,0.0386191080196399,0.0207671849427168,0.0598517912347699,0.0362533551554828,0.0184576741225677,0.0574947717766866,0.922349518094199,available,canonical_fullsize_claim_lock,artifacts/manifests/formal_v2_claim_lock_measurement_fullsize_summary.csv
FrangiehIzar2021_RNA,2,frangieh_melanoma_control,frangieh_melanoma_coculture,frangieh_melanoma_ifng,absolute_effect_rank_agreement,0.3225559071729958,0.2876881749266967,0.3568654795108346,0.0730548880783808,0.0415647572051777,0.1055647929628834,0.0064366015876421,-0.0387005649717513,0.0481350121576199,0.7194092827004219,available,canonical_fullsize_claim_lock,artifacts/manifests/formal_v2_claim_lock_measurement_fullsize_summary.csv
FrangiehIzar2021_RNA,2,frangieh_melanoma_control,frangieh_melanoma_coculture,frangieh_melanoma_ifng,delta_cosine,0.3651433705213474,0.3307198920117285,0.4027126689551597,0.1426655134806551,0.1067318350854608,0.179900593577916,0.111717558821426,0.07396347350354,0.1495887863834656,0.74565543874705,available,canonical_fullsize_claim_lock,artifacts/manifests/formal_v2_claim_lock_measurement_fullsize_summary.csv
FrangiehIzar2021_RNA,2,frangieh_melanoma_control,frangieh_melanoma_coculture,frangieh_melanoma_ifng,systema_centroid_accuracy,0.0938483739183294,0.081025173424873,0.1092583404848744,0.0225911151040549,0.0138111903740256,0.0322538975899306,0.0179735437674318,0.00899932060359,0.0275783540728026,0.9308445970106558,available,canonical_fullsize_claim_lock,artifacts/manifests/formal_v2_claim_lock_measurement_fullsize_summary.csv
FrangiehIzar2021_RNA,2,frangieh_melanoma_control,frangieh_melanoma_control,frangieh_melanoma_coculture,absolute_effect_rank_agreement,0.3459032959172444,0.3128613220351418,0.3804001137155644,0.0860169839697736,0.0548026484721763,0.1229265250724478,0.0265385486592568,-0.0126928120758593,0.0682637284032133,0.7031290121418877,available,canonical_fullsize_claim_lock,artifacts/manifests/formal_v2_claim_lock_measurement_fullsize_summary.csv
FrangiehIzar2021_RNA,2,frangieh_melanoma_control,frangieh_melanoma_control,frangieh_melanoma_coculture,delta_cosine,0.374313909981292,0.3386169803015297,0.4119295880561974,0.1313577454972305,0.091263618355893,0.1727596199699203,0.1028366806059939,0.0628702633799199,0.1450435145445875,0.7259821723341037,available,canonical_fullsize_claim_lock,artifacts/manifests/formal_v2_claim_lock_measurement_fullsize_summary.csv
FrangiehIzar2021_RNA,2,frangieh_melanoma_control,frangieh_melanoma_control,frangieh_melanoma_coculture,systema_centroid_accuracy,0.1239194912145555,0.1015546476651626,0.1490684952863064,0.0452794926818531,0.0265654231319467,0.0674344759913429,0.0421326758005942,0.0232461208319577,0.0650847364366677,0.9233337001577344,available,canonical_fullsize_claim_lock,artifacts/manifests/formal_v2_claim_lock_measurement_fullsize_summary.csv
FrangiehIzar2021_RNA,2,frangieh_melanoma_control,frangieh_melanoma_control,frangieh_melanoma_ifng,absolute_effect_rank_agreement,0.3282960992907801,0.2928327877795963,0.366126568466994,0.073299618112384,0.0356382978723404,0.1118589743589743,0.0128322149481723,-0.0278261956719403,0.0513761593016911,0.7133296963084197,available,canonical_fullsize_claim_lock,artifacts/manifests/formal_v2_claim_lock_measurement_fullsize_summary.csv
FrangiehIzar2021_RNA,2,frangieh_melanoma_control,frangieh_melanoma_control,frangieh_melanoma_ifng,delta_cosine,0.3241747863247863,0.2882692307692307,0.3640739225313693,0.0933313329696308,0.0567480450991089,0.1343889798145117,0.0602742862338607,0.0220540098199672,0.100967221312966,0.7419530823786143,available,canonical_fullsize_claim_lock,artifacts/manifests/formal_v2_claim_lock_measurement_fullsize_summary.csv
FrangiehIzar2021_RNA,2,frangieh_melanoma_control,frangieh_melanoma_control,frangieh_melanoma_ifng,systema_centroid_accuracy,0.1101963629750863,0.0895140025459174,0.1350172758683397,0.0351813602473176,0.0171099290780141,0.057823240589198,0.0313695080923804,0.0131282960538279,0.0540941534824513,0.9290780141843972,available,canonical_fullsize_claim_lock,artifacts/manifests/formal_v2_claim_lock_measurement_fullsize_summary.csv
FrangiehIzar2021_RNA,2,frangieh_melanoma_ifng,frangieh_melanoma_coculture,frangieh_melanoma_ifng,absolute_effect_rank_agreement,0.2389617660730887,0.2086640921118501,0.2702241114210112,0.0615886791103482,0.0373650146606593,0.0873100371880139,-0.0183904383894729,-0.0520370718014732,0.0167893602946434,0.8026889794750769,available,canonical_fullsize_claim_lock,artifacts/manifests/formal_v2_claim_lock_measurement_fullsize_summary.csv
FrangiehIzar2021_RNA,2,frangieh_melanoma_ifng,frangieh_melanoma_coculture,frangieh_melanoma_ifng,delta_cosine,0.3433214081384537,0.307743331187871,0.3795372058928699,0.1324787062862046,0.0954355288564686,0.1703720589286991,0.1002102284917399,0.0639336605163412,0.1389683007938211,0.7615318601158549,available,canonical_fullsize_claim_lock,artifacts/manifests/formal_v2_claim_lock_measurement_fullsize_summary.csv
FrangiehIzar2021_RNA,2,frangieh_melanoma_ifng,frangieh_melanoma_coculture,frangieh_melanoma_ifng,systema_centroid_accuracy,0.0961434599156118,0.0833489773296145,0.1113242419366373,0.0249938407351784,0.0160811342344275,0.0345153489952084,0.0219000706214689,0.0131675516698848,0.0315682435814917,0.928520346134592,available,canonical_fullsize_claim_lock,artifacts/manifests/formal_v2_claim_lock_measurement_fullsize_summary.csv
FrangiehIzar2021_RNA,2,frangieh_melanoma_ifng,frangieh_melanoma_control,frangieh_melanoma_coculture,absolute_effect_rank_agreement,0.2518598914199773,0.2264026448039323,0.2806967829500018,0.0592878746194196,0.0336543046843476,0.0868099115953193,-0.0129994451780932,-0.0457175543817175,0.0206107167748798,0.7949451597520267,available,canonical_fullsize_claim_lock,artifacts/manifests/formal_v2_claim_lock_measurement_fullsize_summary.csv
FrangiehIzar2021_RNA,2,frangieh_melanoma_ifng,frangieh_melanoma_control,frangieh_melanoma_coculture,delta_cosine,0.3765748321778365,0.3391470415612047,0.4138522064487729,0.131478164777521,0.0965477238545908,0.1694939657386009,0.1033980182311727,0.0690913759583287,0.1427520083635963,0.7188290965115,available,canonical_fullsize_claim_lock,artifacts/manifests/formal_v2_claim_lock_measurement_fullsize_summary.csv
FrangiehIzar2021_RNA,2,frangieh_melanoma_ifng,frangieh_melanoma_control,frangieh_melanoma_coculture,systema_centroid_accuracy,0.1292464601445288,0.1064244708558013,0.1559384285242654,0.0484046256556986,0.0277044128975459,0.0720903947030556,0.0461284252228458,0.0258510326106892,0.0697365283738674,0.9202523751879976,available,canonical_fullsize_claim_lock,artifacts/manifests/formal_v2_claim_lock_measurement_fullsize_summary.csv
FrangiehIzar2021_RNA,2,frangieh_melanoma_ifng,frangieh_melanoma_control,frangieh_melanoma_ifng,absolute_effect_rank_agreement,0.2494909074377159,0.2212174940898345,0.280942444080742,0.0556384433533369,0.0317853246044735,0.0823436079287142,-0.0200217130387343,-0.0513218312420439,0.01157778687034,0.7953082378614293,available,canonical_fullsize_claim_lock,artifacts/manifests/formal_v2_claim_lock_measurement_fullsize_summary.csv
FrangiehIzar2021_RNA,2,frangieh_melanoma_ifng,frangieh_melanoma_control,frangieh_melanoma_ifng,delta_cosine,0.3186633933442444,0.2867425895617385,0.3538284233496999,0.0995269958174213,0.0699163484269867,0.1320085470085469,0.066340943807965,0.0372424531733042,0.0974015730132751,0.7602473176941262,available,canonical_fullsize_claim_lock,artifacts/manifests/formal_v2_claim_lock_measurement_fullsize_summary.csv
FrangiehIzar2021_RNA,2,frangieh_melanoma_ifng,frangieh_melanoma_control,frangieh_melanoma_ifng,systema_centroid_accuracy,0.1127473540643753,0.0917614566284779,0.1381523913438807,0.0372557101291143,0.0194485360974722,0.0582389979996362,0.0348971767594108,0.0169644480814693,0.0565571012911438,0.92675031823968,available,canonical_fullsize_claim_lock,artifacts/manifests/formal_v2_claim_lock_measurement_fullsize_summary.csv
Nadig2021,2,nadig_hepg2,nadig_hepg2,nadig_jurkat,absolute_effect_rank_agreement,0.4778705992444778,0.4646888931807573,0.4901701218124254,0.141977271107371,0.1253143860750326,0.1601896191579814,0.0828316716329716,0.0616620826062064,0.1066050304531063,,available,canonical_nadig_replication,artifacts/manifests/formal_v2_claim_lock_replication_nadig_fullsize.csv
Nadig2021,2,nadig_hepg2,nadig_hepg2,nadig_jurkat,delta_cosine,0.4656016665861941,0.44564531212997,0.4825075931584549,0.1767427487348567,0.1569090384451787,0.1957933873419002,0.1522037409382177,0.1312321724595395,0.1725223311283858,,available,canonical_nadig_replication,artifacts/manifests/formal_v2_claim_lock_replication_nadig_fullsize.csv
Nadig2021,2,nadig_hepg2,nadig_hepg2,nadig_jurkat,systema_centroid_accuracy,0.4994588314008429,0.4760643383663155,0.5205937436053075,0.1385779985790849,0.1107431035037741,0.1613948448144647,0.1106092938305156,0.0797446520252637,0.140972800858067,,available,canonical_nadig_replication,artifacts/manifests/formal_v2_claim_lock_replication_nadig_fullsize.csv
Nadig2021,2,nadig_jurkat,nadig_hepg2,nadig_jurkat,absolute_effect_rank_agreement,0.4173201894093546,0.4031854305625489,0.4317303233156523,0.116253833826515,0.0984938559219738,0.1335948345829568,0.0455823293235018,0.0272309573242651,0.0645655575252166,,available,canonical_nadig_replication,artifacts/manifests/formal_v2_claim_lock_replication_nadig_fullsize.csv
Nadig2021,2,nadig_jurkat,nadig_hepg2,nadig_jurkat,delta_cosine,0.4623728879983261,0.4446902554658095,0.4790122829828179,0.1745496491397486,0.1556145342594572,0.1941744322662674,0.1441019532983392,0.1239634735164888,0.1643720699375302,,available,canonical_nadig_replication,artifacts/manifests/formal_v2_claim_lock_replication_nadig_fullsize.csv
Nadig2021,2,nadig_jurkat,nadig_hepg2,nadig_jurkat,systema_centroid_accuracy,0.5020798759458397,0.4716969042215892,0.533061083252286,0.1381028871821047,0.1086929363508234,0.167597880468396,0.1040591781799871,0.0664551129949348,0.144736892173701,,available,canonical_nadig_replication,artifacts/manifests/formal_v2_claim_lock_replication_nadig_fullsize.csv
TianKampmann2021_CRISPRa,2,tian_neuron_crispra,,,,,,,,,,,,,,unavailable,registered_metadata_only,artifacts/manifests/environment_registry.csv
TianKampmann2021_CRISPRi,2,tian_neuron_crispri,,,,,,,,,,,,,,unavailable,registered_metadata_only,artifacts/manifests/environment_registry.csv
XuCao2023,2,xu_he293,,,,,,,,,,,,,,unavailable,registered_metadata_only,artifacts/manifests/environment_registry.csv
