source_environment_id,left_target_environment_id,right_target_environment_id,metric,cell_budget_label,model,status,n_labels,spearman,auroc_high_identifiable,mean_absolute_error,observed_positive_fraction,predicted_mean,outcome_not_used_as_feature
frangieh_melanoma_coculture,frangieh_melanoma_coculture,frangieh_melanoma_ifng,absolute_effect_rank_agreement,10,source_u_only,executed,243,0.1009880020113582,0.534886871697602,0.01791850135599696,0.551440329218107,0.004700546730465934,True
frangieh_melanoma_coculture,frangieh_melanoma_coculture,frangieh_melanoma_ifng,absolute_effect_rank_agreement,10,ridge_source_features,executed,243,0.17930056858991356,0.5901639344262295,0.017694410787393887,0.551440329218107,0.004643195123919597,True
frangieh_melanoma_coculture,frangieh_melanoma_coculture,frangieh_melanoma_ifng,absolute_effect_rank_agreement,20,source_u_only,executed,237,0.09043261049415512,0.543369890329013,0.018435612491649118,0.5864978902953587,0.006918635460612925,True
frangieh_melanoma_coculture,frangieh_melanoma_coculture,frangieh_melanoma_ifng,absolute_effect_rank_agreement,20,ridge_source_features,executed,237,0.044641402339411995,0.5195128899017234,0.01856813845387151,0.5864978902953587,0.006897091809506093,True
frangieh_melanoma_coculture,frangieh_melanoma_coculture,frangieh_melanoma_ifng,absolute_effect_rank_agreement,40,source_u_only,executed,225,-0.10727138643067849,0.44864096080910243,0.01860394634794584,0.5111111111111111,0.004050256622676862,True
frangieh_melanoma_coculture,frangieh_melanoma_coculture,frangieh_melanoma_ifng,absolute_effect_rank_agreement,40,ridge_source_features,executed,225,0.11689633375474086,0.5609987357774968,0.01813692443550408,0.5111111111111111,0.004063340818279182,True
frangieh_melanoma_coculture,frangieh_melanoma_coculture,frangieh_melanoma_ifng,absolute_effect_rank_agreement,80,source_u_only,executed,209,-0.10361553158389741,0.4601648351648352,0.020961412068029775,0.7320574162679426,0.016719114978142095,True
frangieh_melanoma_coculture,frangieh_melanoma_coculture,frangieh_melanoma_ifng,absolute_effect_rank_agreement,80,ridge_source_features,executed,209,0.0043042497976531705,0.5018315018315018,0.021028347439455964,0.7320574162679426,0.016676189660631474,True
frangieh_melanoma_coculture,frangieh_melanoma_coculture,frangieh_melanoma_ifng,absolute_effect_rank_agreement,160,source_u_only,executed,186,-0.5343791683393054,0.30546884032836163,0.02126305471253005,0.7419354838709677,0.015155610443344366,True
frangieh_melanoma_coculture,frangieh_melanoma_coculture,frangieh_melanoma_ifng,absolute_effect_rank_agreement,160,ridge_source_features,executed,186,0.002616452413155464,0.5030639380275177,0.021614880941456173,0.7419354838709677,0.014944003767378165,True
frangieh_melanoma_coculture,frangieh_melanoma_coculture,frangieh_melanoma_ifng,absolute_effect_rank_agreement,full,source_u_only,executed,243,-0.18260538854676717,0.44281842818428185,0.0464786311220211,0.8477366255144033,0.05532605796580219,True
frangieh_melanoma_coculture,frangieh_melanoma_coculture,frangieh_melanoma_ifng,absolute_effect_rank_agreement,full,ridge_source_features,executed,243,-0.0822487995669869,0.46788617886178857,0.04659616024401229,0.8477366255144033,0.05527806977567584,True
frangieh_melanoma_coculture,frangieh_melanoma_coculture,frangieh_melanoma_ifng,delta_cosine,10,source_u_only,executed,243,0.025695772094182424,0.5344804227069503,0.037264217882586805,0.5349794238683128,0.012998536215059607,True
frangieh_melanoma_coculture,frangieh_melanoma_coculture,frangieh_melanoma_ifng,delta_cosine,10,ridge_source_features,executed,243,0.004535335136428033,0.511041864246037,0.038184083834397316,0.5349794238683128,0.013062347018319473,True
frangieh_melanoma_coculture,frangieh_melanoma_coculture,frangieh_melanoma_ifng,delta_cosine,20,source_u_only,executed,237,-0.4602194592621139,0.28678250961401514,0.038678657633487164,0.7468354430379747,0.032357012338064664,True
frangieh_melanoma_coculture,frangieh_melanoma_coculture,frangieh_melanoma_ifng,delta_cosine,20,ridge_source_features,executed,237,-0.2588212439582863,0.37181313203247396,0.039132169250960865,0.7468354430379747,0.03237672815077699,True
frangieh_melanoma_coculture,frangieh_melanoma_coculture,frangieh_melanoma_ifng,delta_cosine,40,source_u_only,executed,225,0.03501685630004214,0.5060840707964602,0.03718938529317054,0.8933333333333333,0.05070448625470816,True
frangieh_melanoma_coculture,frangieh_melanoma_coculture,frangieh_melanoma_ifng,delta_cosine,40,ridge_source_features,executed,225,-0.005226506531816267,0.4918615676359039,0.037509188630019265,0.8933333333333333,0.05061516268203738,True
frangieh_melanoma_coculture,frangieh_melanoma_coculture,frangieh_melanoma_ifng,delta_cosine,80,source_u_only,executed,209,-0.21980731098334771,0.3759157509157509,0.048263928971080255,0.9617224880382775,0.0890953781719507,True
frangieh_melanoma_coculture,frangieh_melanoma_coculture,frangieh_melanoma_ifng,delta_cosine,80,ridge_source_features,executed,209,-0.2301988999152003,0.370970695970696,0.0490387602831329,0.9617224880382775,0.08898211687127537,True
frangieh_melanoma_coculture,frangieh_melanoma_coculture,frangieh_melanoma_ifng,delta_cosine,160,source_u_only,executed,186,-0.03765328320486051,0.49427679500520283,0.06009045291667024,0.9946236559139785,0.10659100534328145,True
frangieh_melanoma_coculture,frangieh_melanoma_coculture,frangieh_melanoma_ifng,delta_cosine,160,ridge_source_features,executed,186,0.013728468552664899,0.5377500289050757,0.05984198198941517,0.9946236559139785,0.10663794538785568,True
frangieh_melanoma_coculture,frangieh_melanoma_coculture,frangieh_melanoma_ifng,delta_cosine,full,source_u_only,executed,243,-0.040631273074574044,0.46212737127371273,0.0768406705711079,0.9753086419753086,0.14144025140023245,True
frangieh_melanoma_coculture,frangieh_melanoma_coculture,frangieh_melanoma_ifng,delta_cosine,full,ridge_source_features,executed,243,0.08505671521229623,0.553319783197832,0.07583049817419807,0.9753086419753086,0.14137440514245486,True
frangieh_melanoma_coculture,frangieh_melanoma_coculture,frangieh_melanoma_ifng,systema_centroid_accuracy,10,source_u_only,executed,243,-0.40293111670839016,0.26812085083322046,0.034742510435918465,0.5020576131687243,0.006928315608511061,True
frangieh_melanoma_coculture,frangieh_melanoma_coculture,frangieh_melanoma_ifng,systema_centroid_accuracy,10,ridge_source_features,executed,243,-0.10794400954904669,0.4574583389784583,0.034872995845348774,0.5020576131687243,0.006954986727513711,True
frangieh_melanoma_coculture,frangieh_melanoma_coculture,frangieh_melanoma_ifng,systema_centroid_accuracy,20,source_u_only,executed,237,0.029217050476058264,0.5151687793761572,0.029304628476579643,0.569620253164557,0.008383074639052412,True
frangieh_melanoma_coculture,frangieh_melanoma_coculture,frangieh_melanoma_ifng,systema_centroid_accuracy,20,ridge_source_features,executed,237,0.026682159669274272,0.512533827090158,0.029776439182365794,0.569620253164557,0.008433608190093313,True
frangieh_melanoma_coculture,frangieh_melanoma_coculture,frangieh_melanoma_ifng,systema_centroid_accuracy,40,source_u_only,executed,225,-0.6857606405394018,0.18623577749683945,0.026117779984647982,0.5777777777777777,0.005433706294359409,True
frangieh_melanoma_coculture,frangieh_melanoma_coculture,frangieh_melanoma_ifng,systema_centroid_accuracy,40,ridge_source_features,executed,225,-0.2601949009692373,0.4233565107458912,0.026367379100140576,0.5777777777777777,0.0053696368017415765,True
frangieh_melanoma_coculture,frangieh_melanoma_coculture,frangieh_melanoma_ifng,systema_centroid_accuracy,80,source_u_only,executed,209,-0.19915873600084127,0.4152014652014652,0.028512727643027896,0.7655502392344498,0.02371139085996885,True
frangieh_melanoma_coculture,frangieh_melanoma_coculture,frangieh_melanoma_ifng,systema_centroid_accuracy,80,ridge_source_features,executed,209,-0.031688048793311954,0.5097069597069597,0.028744717395746803,0.7655502392344498,0.02372448856853681,True
frangieh_melanoma_coculture,frangieh_melanoma_coculture,frangieh_melanoma_ifng,systema_centroid_accuracy,160,source_u_only,executed,186,-0.10457878958827724,0.42421089143253554,0.03074101784877891,0.9086021505376344,0.039299399212569995,True
frangieh_melanoma_coculture,frangieh_melanoma_coculture,frangieh_melanoma_ifng,systema_centroid_accuracy,160,ridge_source_features,executed,186,-0.19171612530246304,0.37356919875130074,0.03112585354728595,0.9086021505376344,0.039382010693079984,True
frangieh_melanoma_coculture,frangieh_melanoma_coculture,frangieh_melanoma_ifng,systema_centroid_accuracy,full,source_u_only,executed,243,-0.03639474751345513,0.5018290204579325,0.028357189544474973,0.8106995884773662,0.033181059954989156,True
frangieh_melanoma_coculture,frangieh_melanoma_coculture,frangieh_melanoma_ifng,systema_centroid_accuracy,full,ridge_source_features,executed,243,0.12563139381238322,0.5781059477035633,0.027401368358319137,0.8106995884773662,0.03323009820415252,True
frangieh_melanoma_coculture,frangieh_melanoma_control,frangieh_melanoma_coculture,absolute_effect_rank_agreement,10,source_u_only,executed,243,-0.22387524522323515,0.41268120850833223,0.01728662108544296,0.48559670781893005,0.0016604915934598787,True
frangieh_melanoma_coculture,frangieh_melanoma_control,frangieh_melanoma_coculture,absolute_effect_rank_agreement,10,ridge_source_features,executed,243,-0.16281794597740945,0.4603712234114619,0.017439759370618018,0.48559670781893005,0.001643594811224749,True
frangieh_melanoma_coculture,frangieh_melanoma_control,frangieh_melanoma_coculture,absolute_effect_rank_agreement,20,source_u_only,executed,234,-0.0023170830789951296,0.49448462268975096,0.01880321448276591,0.5598290598290598,0.004525571849546867,True
frangieh_melanoma_coculture,frangieh_melanoma_control,frangieh_melanoma_coculture,absolute_effect_rank_agreement,20,ridge_source_features,executed,234,-0.024086331481025562,0.48469574110599745,0.01894823236110004,0.5598290598290598,0.0044916945295956434,True
frangieh_melanoma_coculture,frangieh_melanoma_control,frangieh_melanoma_coculture,absolute_effect_rank_agreement,40,source_u_only,executed,223,-0.1282426417158723,0.4323519948519949,0.018438139245917456,0.6188340807174888,0.009316340065367051,True
frangieh_melanoma_coculture,frangieh_melanoma_control,frangieh_melanoma_coculture,absolute_effect_rank_agreement,40,ridge_source_features,executed,223,-0.12949249089532758,0.45358751608751613,0.018682168279016767,0.6188340807174888,0.009263693978290992,True
frangieh_melanoma_coculture,frangieh_melanoma_control,frangieh_melanoma_coculture,absolute_effect_rank_agreement,80,source_u_only,executed,207,-0.21345640637102528,0.4116878267363705,0.02432921291313186,0.7922705314009661,0.023538372548783566,True
frangieh_melanoma_coculture,frangieh_melanoma_control,frangieh_melanoma_coculture,absolute_effect_rank_agreement,80,ridge_source_features,executed,207,-0.019052863324372282,0.505134428678118,0.02449629307275112,0.7922705314009661,0.023360855831349076,True
frangieh_melanoma_coculture,frangieh_melanoma_control,frangieh_melanoma_coculture,absolute_effect_rank_agreement,160,source_u_only,executed,139,-0.01356628982528263,0.5331262939958592,0.0337334721789899,0.7913669064748201,0.03279558669000487,True
frangieh_melanoma_coculture,frangieh_melanoma_control,frangieh_melanoma_coculture,absolute_effect_rank_agreement,160,ridge_source_features,executed,139,0.14661513025604359,0.5935817805383022,0.033020134308341734,0.7913669064748201,0.032862699872557084,True
frangieh_melanoma_coculture,frangieh_melanoma_control,frangieh_melanoma_coculture,absolute_effect_rank_agreement,full,source_u_only,executed,243,-0.8629326757769996,0.07045115837962336,0.053185639359490125,0.831275720164609,0.05628475324807693,True
frangieh_melanoma_coculture,frangieh_melanoma_control,frangieh_melanoma_coculture,absolute_effect_rank_agreement,full,ridge_source_features,executed,243,0.00968793540949414,0.5064354423519848,0.05487796578318877,0.831275720164609,0.05598304710446225,True
frangieh_melanoma_coculture,frangieh_melanoma_control,frangieh_melanoma_coculture,delta_cosine,10,source_u_only,executed,243,0.05066980451977968,0.5148353881587862,0.04167001304899302,0.6790123456790124,0.029289021365459706,True
frangieh_melanoma_coculture,frangieh_melanoma_control,frangieh_melanoma_coculture,delta_cosine,10,ridge_source_features,executed,243,0.07178591679336835,0.5319739872645983,0.042092205582528006,0.6790123456790124,0.0292329921164158,True
frangieh_melanoma_coculture,frangieh_melanoma_control,frangieh_melanoma_coculture,delta_cosine,20,source_u_only,executed,234,-0.23459044836088033,0.3810358682153554,0.038732280614160876,0.8547008547008547,0.04638518335166612,True
frangieh_melanoma_coculture,frangieh_melanoma_control,frangieh_melanoma_coculture,delta_cosine,20,ridge_source_features,executed,234,-0.3472283294582629,0.3282927898312514,0.039522336966737445,0.8547008547008547,0.04626475953188292,True
frangieh_melanoma_coculture,frangieh_melanoma_control,frangieh_melanoma_coculture,delta_cosine,40,source_u_only,executed,223,-0.26723492390532744,0.3819980694980695,0.042355017522436936,0.9013452914798207,0.06458065033561296,True
frangieh_melanoma_coculture,frangieh_melanoma_control,frangieh_melanoma_coculture,delta_cosine,40,ridge_source_features,executed,223,-0.015047959554686012,0.5048262548262548,0.04248236063827283,0.9013452914798207,0.06448037332732391,True
frangieh_melanoma_coculture,frangieh_melanoma_control,frangieh_melanoma_coculture,delta_cosine,80,source_u_only,executed,207,-0.02173981426079716,0.5000933532486931,0.053557360131616244,0.9758454106280193,0.10007504246311223,True
frangieh_melanoma_coculture,frangieh_melanoma_control,frangieh_melanoma_coculture,delta_cosine,80,ridge_source_features,executed,207,-0.02385649841992945,0.48646377893950715,0.05426883179010613,0.9758454106280193,0.09994780422269081,True
frangieh_melanoma_coculture,frangieh_melanoma_control,frangieh_melanoma_coculture,delta_cosine,160,source_u_only,executed,139,-0.18740623153362157,0.36391880695940343,0.06869557150158805,1.0,0.1398328002019715,True
frangieh_melanoma_coculture,frangieh_melanoma_control,frangieh_melanoma_coculture,delta_cosine,160,ridge_source_features,executed,139,-0.007826560033646995,0.44366197183098594,0.06717717546071798,1.0,0.13990995709999585,True
frangieh_melanoma_coculture,frangieh_melanoma_control,frangieh_melanoma_coculture,delta_cosine,full,source_u_only,executed,243,-0.27218318929451135,0.3721717924400488,0.08118452183998023,0.9794238683127572,0.13800837425270443,True
frangieh_melanoma_coculture,frangieh_melanoma_control,frangieh_melanoma_coculture,delta_cosine,full,ridge_source_features,executed,243,-0.04001020311136604,0.46240346836472024,0.08251944416063907,0.9794238683127572,0.13800234693938904,True
frangieh_melanoma_coculture,frangieh_melanoma_control,frangieh_melanoma_coculture,systema_centroid_accuracy,10,source_u_only,executed,243,-0.9709857307969577,0.0010161224766291825,0.03586227314929152,0.6090534979423868,0.01429378353261148,True
frangieh_melanoma_coculture,frangieh_melanoma_control,frangieh_melanoma_coculture,systema_centroid_accuracy,10,ridge_source_features,executed,243,-0.12900908405130956,0.43808427042406173,0.036128289731194155,0.6090534979423868,0.014242691076944048,True
frangieh_melanoma_coculture,frangieh_melanoma_control,frangieh_melanoma_coculture,systema_centroid_accuracy,20,source_u_only,executed,234,-0.33691346227917407,0.3502081963620425,0.03879877209314279,0.7307692307692307,0.03129086454702562,True
frangieh_melanoma_coculture,frangieh_melanoma_control,frangieh_melanoma_coculture,systema_centroid_accuracy,20,ridge_source_features,executed,234,-0.0815722440925085,0.47768281101614424,0.039318773082220426,0.7307692307692307,0.031206627267758857,True
frangieh_melanoma_coculture,frangieh_melanoma_control,frangieh_melanoma_coculture,systema_centroid_accuracy,40,source_u_only,executed,223,-0.02879737520993126,0.5137548262548263,0.034666946308752444,0.8834080717488789,0.043370244235789175,True
frangieh_melanoma_coculture,frangieh_melanoma_control,frangieh_melanoma_coculture,systema_centroid_accuracy,40,ridge_source_features,executed,223,-0.12539497376941322,0.46903153153153154,0.03613063606284883,0.8834080717488789,0.04307090960225656,True
frangieh_melanoma_coculture,frangieh_melanoma_control,frangieh_melanoma_coculture,systema_centroid_accuracy,80,source_u_only,executed,207,-0.19785016793453558,0.4285847647498133,0.04011169079578442,0.9082125603864735,0.05685049005471092,True
frangieh_melanoma_coculture,frangieh_melanoma_control,frangieh_melanoma_coculture,systema_centroid_accuracy,80,ridge_source_features,executed,207,-0.2577701411462076,0.39955190440627336,0.04172846168812723,0.9082125603864735,0.05658318635405147,True
frangieh_melanoma_coculture,frangieh_melanoma_control,frangieh_melanoma_coculture,systema_centroid_accuracy,160,source_u_only,executed,139,-0.2417430685344973,0.4275362318840579,0.04873524400706246,0.9280575539568345,0.06972294592774966,True
frangieh_melanoma_coculture,frangieh_melanoma_control,frangieh_melanoma_coculture,systema_centroid_accuracy,160,ridge_source_features,executed,139,-0.24301211966184225,0.39461697722567285,0.04807682343341659,0.9280575539568345,0.06997056178347442,True
frangieh_melanoma_coculture,frangieh_melanoma_control,frangieh_melanoma_coculture,systema_centroid_accuracy,full,source_u_only,executed,243,-0.6647827562262092,0.17253759653163525,0.04830810178549415,0.7901234567901234,0.0510173094066343,True
frangieh_melanoma_coculture,frangieh_melanoma_control,frangieh_melanoma_coculture,systema_centroid_accuracy,full,ridge_source_features,executed,243,0.11199497648977298,0.5054193198753556,0.04799521971495586,0.7901234567901234,0.0508784274373682,True
frangieh_melanoma_coculture,frangieh_melanoma_control,frangieh_melanoma_ifng,absolute_effect_rank_agreement,10,source_u_only,executed,243,-0.0779044284141416,0.47324210811543155,0.018183749014502006,0.49382716049382713,-7.380656481420809e-05,True
frangieh_melanoma_coculture,frangieh_melanoma_control,frangieh_melanoma_ifng,absolute_effect_rank_agreement,10,ridge_source_features,executed,243,-0.012236960647408411,0.5027774014361198,0.018365430786613603,0.49382716049382713,-9.166656277267225e-05,True
frangieh_melanoma_coculture,frangieh_melanoma_control,frangieh_melanoma_ifng,absolute_effect_rank_agreement,20,source_u_only,executed,235,-0.05995684575478088,0.4578444154715341,0.018159097661229435,0.4723404255319149,0.0006257087278845844,True
frangieh_melanoma_coculture,frangieh_melanoma_control,frangieh_melanoma_ifng,absolute_effect_rank_agreement,20,ridge_source_features,executed,235,-0.04436878608948727,0.45154280747501085,0.01834737578674718,0.4723404255319149,0.0006199094085505693,True
frangieh_melanoma_coculture,frangieh_melanoma_control,frangieh_melanoma_ifng,absolute_effect_rank_agreement,40,source_u_only,executed,226,-0.022168856314893508,0.4660505912757459,0.018493911902402693,0.6194690265486725,0.007896824318405684,True
frangieh_melanoma_coculture,frangieh_melanoma_control,frangieh_melanoma_ifng,absolute_effect_rank_agreement,40,ridge_source_features,executed,226,-0.12867646485517134,0.40919414206280835,0.019020235532975185,0.6194690265486725,0.007871615312241762,True
frangieh_melanoma_coculture,frangieh_melanoma_control,frangieh_melanoma_ifng,absolute_effect_rank_agreement,80,source_u_only,executed,208,-0.2540460006394398,0.38711168639053256,0.022423017622317833,0.6826923076923077,0.01482029681004559,True
frangieh_melanoma_coculture,frangieh_melanoma_control,frangieh_melanoma_ifng,absolute_effect_rank_agreement,80,ridge_source_features,executed,208,0.006129551365247391,0.4740199704142012,0.02232468366401911,0.6826923076923077,0.014749868312621971,True
frangieh_melanoma_coculture,frangieh_melanoma_control,frangieh_melanoma_ifng,absolute_effect_rank_agreement,160,source_u_only,executed,139,-0.7176951606416729,0.18074534161490682,0.024107248170384763,0.7482014388489209,0.019469398375079293,True
frangieh_melanoma_coculture,frangieh_melanoma_control,frangieh_melanoma_ifng,absolute_effect_rank_agreement,160,ridge_source_features,executed,139,-0.3584029670673399,0.34720496894409936,0.024651097930249808,0.7482014388489209,0.019498897028542548,True
frangieh_melanoma_coculture,frangieh_melanoma_control,frangieh_melanoma_ifng,absolute_effect_rank_agreement,full,source_u_only,executed,243,-0.18166175117796274,0.4494648421623087,0.04001808410655281,0.8271604938271605,0.04481302946788987,True
frangieh_melanoma_coculture,frangieh_melanoma_control,frangieh_melanoma_ifng,absolute_effect_rank_agreement,full,ridge_source_features,executed,243,-0.15882985719363124,0.45373255656415123,0.040792709198511995,0.8271604938271605,0.04472879859861071,True
frangieh_melanoma_coculture,frangieh_melanoma_control,frangieh_melanoma_ifng,delta_cosine,10,source_u_only,executed,243,-0.06660957421941482,0.45644221650182903,0.04450757895912144,0.757201646090535,0.03650420702291014,True
frangieh_melanoma_coculture,frangieh_melanoma_control,frangieh_melanoma_ifng,delta_cosine,10,ridge_source_features,executed,243,0.04272315026468417,0.5071805988348462,0.044173642087377195,0.757201646090535,0.036439846504442555,True
frangieh_melanoma_coculture,frangieh_melanoma_control,frangieh_melanoma_ifng,delta_cosine,20,source_u_only,executed,235,-0.13394413804551628,0.4671157467767637,0.039616795983572727,0.7319148936170212,0.02765845678939603,True
frangieh_melanoma_coculture,frangieh_melanoma_control,frangieh_melanoma_ifng,delta_cosine,20,ridge_source_features,executed,235,-0.21511702364239108,0.4058380414312618,0.040495017473486626,0.7319148936170212,0.027633526945626107,True
frangieh_melanoma_coculture,frangieh_melanoma_control,frangieh_melanoma_ifng,delta_cosine,40,source_u_only,executed,226,0.06239602416956643,0.5206359151068995,0.03383853136997989,0.8185840707964602,0.036023259236194906,True
frangieh_melanoma_coculture,frangieh_melanoma_control,frangieh_melanoma_ifng,delta_cosine,40,ridge_source_features,executed,226,0.007468456712137975,0.48555094369175344,0.03433420046831497,0.8185840707964602,0.0359869482237565,True
frangieh_melanoma_coculture,frangieh_melanoma_control,frangieh_melanoma_ifng,delta_cosine,80,source_u_only,executed,208,0.0517114636879285,0.5302329881656804,0.039884835456402076,0.9038461538461539,0.05184667291002733,True
frangieh_melanoma_coculture,frangieh_melanoma_control,frangieh_melanoma_ifng,delta_cosine,80,ridge_source_features,executed,208,0.05629545864453416,0.521819526627219,0.040272599315821535,0.9038461538461539,0.0517681099164904,True
frangieh_melanoma_coculture,frangieh_melanoma_control,frangieh_melanoma_ifng,delta_cosine,160,source_u_only,executed,139,-0.07699654920911869,0.4530020703933747,0.05858494551362548,0.9784172661870504,0.09278314719675089,True
frangieh_melanoma_coculture,frangieh_melanoma_control,frangieh_melanoma_ifng,delta_cosine,160,ridge_source_features,executed,139,-0.014609727679137227,0.47639751552795034,0.05931344969312649,0.9784172661870504,0.09304312354720942,True
frangieh_melanoma_coculture,frangieh_melanoma_control,frangieh_melanoma_ifng,delta_cosine,full,source_u_only,executed,243,-0.026503818428620082,0.4961387345888091,0.06909937173590897,0.9670781893004116,0.11620311170344214,True
frangieh_melanoma_coculture,frangieh_melanoma_control,frangieh_melanoma_ifng,delta_cosine,full,ridge_source_features,executed,243,-0.00034121864818920875,0.5054193198753556,0.07057039143998947,0.9670781893004116,0.11624538559374038,True
frangieh_melanoma_coculture,frangieh_melanoma_control,frangieh_melanoma_ifng,systema_centroid_accuracy,10,source_u_only,executed,243,-0.1987122003927797,0.41647473242108113,0.03705065886077994,0.6831275720164609,0.022432404045054453,True
frangieh_melanoma_coculture,frangieh_melanoma_control,frangieh_melanoma_ifng,systema_centroid_accuracy,10,ridge_source_features,executed,243,-0.2248474143655465,0.4093618750846769,0.03750996954298616,0.6831275720164609,0.022278192617548497,True
frangieh_melanoma_coculture,frangieh_melanoma_control,frangieh_melanoma_ifng,systema_centroid_accuracy,20,source_u_only,executed,235,-0.12279631492235778,0.4483557873388382,0.03318496982317667,0.6808510638297872,0.02307937093840442,True
frangieh_melanoma_coculture,frangieh_melanoma_control,frangieh_melanoma_ifng,systema_centroid_accuracy,20,ridge_source_features,executed,235,-0.10990275040055736,0.46740547588005216,0.03394440261828338,0.6808510638297872,0.022861893906839605,True
frangieh_melanoma_coculture,frangieh_melanoma_control,frangieh_melanoma_ifng,systema_centroid_accuracy,40,source_u_only,executed,226,-0.07436437159418899,0.5061477014644843,0.030096534144266936,0.7123893805309734,0.021168403005779896,True
frangieh_melanoma_coculture,frangieh_melanoma_control,frangieh_melanoma_ifng,systema_centroid_accuracy,40,ridge_source_features,executed,226,-0.13481271290598948,0.4695747513509281,0.031486262776295355,0.7123893805309734,0.02078398331682648,True
frangieh_melanoma_coculture,frangieh_melanoma_control,frangieh_melanoma_ifng,systema_centroid_accuracy,80,source_u_only,executed,208,-0.10275949828759189,0.4837278106508876,0.035791150487831,0.8701923076923077,0.04380732037592628,True
frangieh_melanoma_coculture,frangieh_melanoma_control,frangieh_melanoma_ifng,systema_centroid_accuracy,80,ridge_source_features,executed,208,0.005186748620717879,0.5507581360946745,0.036660422787868505,0.8701923076923077,0.04359409028566662,True
frangieh_melanoma_coculture,frangieh_melanoma_control,frangieh_melanoma_ifng,systema_centroid_accuracy,160,source_u_only,executed,139,-0.19003530095178514,0.4685300207039337,0.04002392519369222,0.9424460431654677,0.05581263328359526,True
frangieh_melanoma_coculture,frangieh_melanoma_control,frangieh_melanoma_ifng,systema_centroid_accuracy,160,ridge_source_features,executed,139,-0.09069663523839312,0.4685300207039337,0.041163613440482756,0.9424460431654677,0.056027818534293665,True
frangieh_melanoma_coculture,frangieh_melanoma_control,frangieh_melanoma_ifng,systema_centroid_accuracy,full,source_u_only,executed,243,-0.18151942688741207,0.4272456306733506,0.04247080191167968,0.7366255144032922,0.04108743707085124,True
frangieh_melanoma_coculture,frangieh_melanoma_control,frangieh_melanoma_ifng,systema_centroid_accuracy,full,ridge_source_features,executed,243,0.047654379982079074,0.5196450345481642,0.042834880915818316,0.7366255144032922,0.040936791587592766,True
frangieh_melanoma_control,frangieh_melanoma_coculture,frangieh_melanoma_ifng,absolute_effect_rank_agreement,10,source_u_only,executed,243,-0.288107162055058,0.3621460506706408,0.02255654193478244,0.5555555555555556,0.004988376000045239,True
frangieh_melanoma_control,frangieh_melanoma_coculture,frangieh_melanoma_ifng,absolute_effect_rank_agreement,10,ridge_source_features,executed,243,-0.028815232306346146,0.49356455764801516,0.022512332495154393,0.5555555555555556,0.004996493952446036,True
frangieh_melanoma_control,frangieh_melanoma_coculture,frangieh_melanoma_ifng,absolute_effect_rank_agreement,20,source_u_only,executed,237,-0.09624924869362517,0.4600484261501211,0.0231350651692943,0.5654008438818565,0.006175874795703086,True
frangieh_melanoma_control,frangieh_melanoma_coculture,frangieh_melanoma_ifng,absolute_effect_rank_agreement,20,ridge_source_features,executed,237,-0.11174120309532878,0.453211793191853,0.023292231918799026,0.5654008438818565,0.006249585044393249,True
frangieh_melanoma_control,frangieh_melanoma_coculture,frangieh_melanoma_ifng,absolute_effect_rank_agreement,40,source_u_only,executed,225,-0.20176996464654215,0.43426042983565105,0.021665839070664248,0.6355555555555555,0.009596162610766604,True
frangieh_melanoma_control,frangieh_melanoma_coculture,frangieh_melanoma_ifng,absolute_effect_rank_agreement,40,ridge_source_features,executed,225,-0.26046256333296397,0.3905657395701643,0.021898650431669886,0.6355555555555555,0.00956870156608645,True
frangieh_melanoma_control,frangieh_melanoma_coculture,frangieh_melanoma_ifng,absolute_effect_rank_agreement,80,source_u_only,executed,209,0.0193181881665017,0.47316849816849815,0.02579132699175793,0.6985645933014354,0.016509826966061177,True
frangieh_melanoma_control,frangieh_melanoma_coculture,frangieh_melanoma_ifng,absolute_effect_rank_agreement,80,ridge_source_features,executed,209,0.03178137651821863,0.4826923076923077,0.025980783593286517,0.6985645933014354,0.016902662726613497,True
frangieh_melanoma_control,frangieh_melanoma_coculture,frangieh_melanoma_ifng,absolute_effect_rank_agreement,160,source_u_only,executed,186,-0.11698968245457808,0.4332292750607007,0.030468123094642707,0.7849462365591398,0.028302952368864306,True
frangieh_melanoma_control,frangieh_melanoma_coculture,frangieh_melanoma_ifng,absolute_effect_rank_agreement,160,ridge_source_features,executed,186,-0.08424208234454912,0.46213435079199905,0.030497238018518124,0.7849462365591398,0.02791024575719029,True
frangieh_melanoma_control,frangieh_melanoma_coculture,frangieh_melanoma_ifng,absolute_effect_rank_agreement,full,source_u_only,executed,243,-0.4504994940372321,0.312220566318927,0.04942612149231497,0.9382716049382716,0.06980138166130972,True
frangieh_melanoma_control,frangieh_melanoma_coculture,frangieh_melanoma_ifng,absolute_effect_rank_agreement,full,ridge_source_features,executed,243,-0.06414364845557322,0.4811678634331391,0.04976105925358851,0.9382716049382716,0.07011163110236003,True
frangieh_melanoma_control,frangieh_melanoma_coculture,frangieh_melanoma_ifng,delta_cosine,10,source_u_only,executed,243,-0.08424453353059956,0.44418100528383686,0.038859818445367254,0.7119341563786008,0.027594802492440083,True
frangieh_melanoma_control,frangieh_melanoma_coculture,frangieh_melanoma_ifng,delta_cosine,10,ridge_source_features,executed,243,-0.24808656361733528,0.3750169353746105,0.03911565941951677,0.7119341563786008,0.02793328382544291,True
frangieh_melanoma_control,frangieh_melanoma_coculture,frangieh_melanoma_ifng,delta_cosine,20,source_u_only,executed,237,-0.21105184043341962,0.37907705455063384,0.04052081977325785,0.8481012658227848,0.043705047220277335,True
frangieh_melanoma_control,frangieh_melanoma_coculture,frangieh_melanoma_ifng,delta_cosine,20,ridge_source_features,executed,237,0.011345261535750526,0.5274889616863694,0.039975759544149975,0.8481012658227848,0.04362188388929357,True
frangieh_melanoma_control,frangieh_melanoma_coculture,frangieh_melanoma_ifng,delta_cosine,40,source_u_only,executed,225,-0.35591990935519874,0.32530025284450065,0.040887558161021395,0.9022222222222223,0.054212030390066814,True
frangieh_melanoma_control,frangieh_melanoma_coculture,frangieh_melanoma_ifng,delta_cosine,40,ridge_source_features,executed,225,-0.39152138419759686,0.2865044247787611,0.04152947422642533,0.9022222222222223,0.053923160086261676,True
frangieh_melanoma_control,frangieh_melanoma_coculture,frangieh_melanoma_ifng,delta_cosine,80,source_u_only,executed,209,-0.07657150518660968,0.4778388278388278,0.05516515626928709,0.9904306220095693,0.10095899920296174,True
frangieh_melanoma_control,frangieh_melanoma_coculture,frangieh_melanoma_ifng,delta_cosine,80,ridge_source_features,executed,209,-0.05418203781879675,0.4881868131868132,0.0551336183377646,0.9904306220095693,0.10090165430883216,True
frangieh_melanoma_control,frangieh_melanoma_coculture,frangieh_melanoma_ifng,delta_cosine,160,source_u_only,executed,186,-0.514962778959713,0.2543646664354261,0.06532718878669967,0.9946236559139785,0.12294522241513497,True
frangieh_melanoma_control,frangieh_melanoma_coculture,frangieh_melanoma_ifng,delta_cosine,160,ridge_source_features,executed,186,-0.1303983562785908,0.43843218869233436,0.06590797846914338,0.9946236559139785,0.12313806772969699,True
frangieh_melanoma_control,frangieh_melanoma_coculture,frangieh_melanoma_ifng,delta_cosine,full,source_u_only,executed,243,-0.411763906467851,0.32001083863975066,0.08506819257124475,0.9753086419753086,0.14965656928877263,True
frangieh_melanoma_control,frangieh_melanoma_coculture,frangieh_melanoma_ifng,delta_cosine,full,ridge_source_features,executed,243,-0.1460156295938759,0.43158108657363503,0.08527292533405047,0.9753086419753086,0.14984214408952448,True
frangieh_melanoma_control,frangieh_melanoma_coculture,frangieh_melanoma_ifng,systema_centroid_accuracy,10,source_u_only,executed,243,-0.9558902487367464,0.005012870884703969,0.035088169028135496,0.4897119341563786,0.0077157507453889385,True
frangieh_melanoma_control,frangieh_melanoma_coculture,frangieh_melanoma_ifng,systema_centroid_accuracy,10,ridge_source_features,executed,243,-0.56554031789998,0.21223411461861535,0.03553523450994631,0.4897119341563786,0.0077373565596837715,True
frangieh_melanoma_control,frangieh_melanoma_coculture,frangieh_melanoma_ifng,systema_centroid_accuracy,20,source_u_only,executed,237,-0.18580925077598842,0.3680387409200968,0.02794768514096585,0.5822784810126582,0.0074372745170064,True
frangieh_melanoma_control,frangieh_melanoma_coculture,frangieh_melanoma_ifng,systema_centroid_accuracy,20,ridge_source_features,executed,237,-0.1667042272819877,0.43576413616293974,0.02809794997383386,0.5822784810126582,0.007302673815746098,True
frangieh_melanoma_control,frangieh_melanoma_coculture,frangieh_melanoma_ifng,systema_centroid_accuracy,40,source_u_only,executed,225,-0.14403392330383485,0.4063685208596713,0.02512012398116803,0.56,0.003185230391970318,True
frangieh_melanoma_control,frangieh_melanoma_coculture,frangieh_melanoma_ifng,systema_centroid_accuracy,40,ridge_source_features,executed,225,0.013525073746312686,0.493362831858407,0.02519268238326894,0.56,0.003007791493030141,True
frangieh_melanoma_control,frangieh_melanoma_coculture,frangieh_melanoma_ifng,systema_centroid_accuracy,80,source_u_only,executed,209,-0.12713207844786795,0.46236263736263733,0.02606911232016585,0.7464114832535885,0.018102521959975106,True
frangieh_melanoma_control,frangieh_melanoma_coculture,frangieh_melanoma_ifng,systema_centroid_accuracy,80,ridge_source_features,executed,209,-0.028792260371207738,0.5063186813186813,0.025974461195039076,0.7464114832535885,0.01825352270050191,True
frangieh_melanoma_control,frangieh_melanoma_coculture,frangieh_melanoma_ifng,systema_centroid_accuracy,160,source_u_only,executed,186,-0.12078014293514869,0.4465256098970979,0.031066708612936863,0.8548387096774194,0.03440932249219632,True
frangieh_melanoma_control,frangieh_melanoma_coculture,frangieh_melanoma_ifng,systema_centroid_accuracy,160,ridge_source_features,executed,186,-0.19010960473947336,0.4144987859868193,0.031657402203047275,0.8548387096774194,0.0345839083097003,True
frangieh_melanoma_control,frangieh_melanoma_coculture,frangieh_melanoma_ifng,systema_centroid_accuracy,full,source_u_only,executed,243,-0.9229535202180821,0.04145779704647067,0.02529952259524529,0.7860082304526749,0.026808913550027607,True
frangieh_melanoma_control,frangieh_melanoma_coculture,frangieh_melanoma_ifng,systema_centroid_accuracy,full,ridge_source_features,executed,243,0.17454045359197365,0.6379894323262431,0.024087477195233176,0.7860082304526749,0.026892221613359864,True
frangieh_melanoma_control,frangieh_melanoma_control,frangieh_melanoma_coculture,absolute_effect_rank_agreement,10,source_u_only,executed,243,-0.48468540346334676,0.32502370952445475,0.023477027598426146,0.48148148148148145,-7.289727303892893e-05,True
frangieh_melanoma_control,frangieh_melanoma_control,frangieh_melanoma_coculture,absolute_effect_rank_agreement,10,ridge_source_features,executed,243,-0.189319089219735,0.44512938626202414,0.02358324319756999,0.48148148148148145,-0.00032855671372334505,True
frangieh_melanoma_control,frangieh_melanoma_control,frangieh_melanoma_coculture,absolute_effect_rank_agreement,20,source_u_only,executed,234,-0.15654445713761664,0.4402074658484915,0.024882293627724223,0.6538461538461539,0.015090254143561813,True
frangieh_melanoma_control,frangieh_melanoma_control,frangieh_melanoma_coculture,absolute_effect_rank_agreement,20,ridge_source_features,executed,234,-0.22117029471608968,0.42413616772591134,0.02503005798390158,0.6538461538461539,0.015153361558775938,True
frangieh_melanoma_control,frangieh_melanoma_control,frangieh_melanoma_coculture,absolute_effect_rank_agreement,40,source_u_only,executed,223,-0.07727201897605483,0.444015444015444,0.02562781143374986,0.6412556053811659,0.014049968312345798,True
frangieh_melanoma_control,frangieh_melanoma_control,frangieh_melanoma_coculture,absolute_effect_rank_agreement,40,ridge_source_features,executed,223,-0.12123530481153798,0.4329150579150579,0.025949519894046334,0.6412556053811659,0.014224828045490289,True
frangieh_melanoma_control,frangieh_melanoma_control,frangieh_melanoma_coculture,absolute_effect_rank_agreement,80,source_u_only,executed,207,0.02457559757958425,0.585604929051531,0.03092960276098676,0.8743961352657005,0.03708357784832763,True
frangieh_melanoma_control,frangieh_melanoma_control,frangieh_melanoma_coculture,absolute_effect_rank_agreement,80,ridge_source_features,executed,207,-0.02053164034622372,0.547890216579537,0.03120048283559979,0.8743961352657005,0.03712742266498825,True
frangieh_melanoma_control,frangieh_melanoma_control,frangieh_melanoma_coculture,absolute_effect_rank_agreement,160,source_u_only,executed,139,-0.20290696959994073,0.4496894409937888,0.04676301274493133,0.8129496402877698,0.05585083219745674,True
frangieh_melanoma_control,frangieh_melanoma_control,frangieh_melanoma_coculture,absolute_effect_rank_agreement,160,ridge_source_features,executed,139,0.0076321636714865885,0.5316770186335404,0.04573491013551072,0.8129496402877698,0.0560643890674306,True
frangieh_melanoma_control,frangieh_melanoma_control,frangieh_melanoma_coculture,absolute_effect_rank_agreement,full,source_u_only,executed,243,-0.24323704996098597,0.376913697330985,0.05560445265591164,0.9259259259259259,0.07931646357379044,True
frangieh_melanoma_control,frangieh_melanoma_control,frangieh_melanoma_coculture,absolute_effect_rank_agreement,full,ridge_source_features,executed,243,-0.10131402495119045,0.4399132908819943,0.05600309878808353,0.9259259259259259,0.07961447977467895,True
frangieh_melanoma_control,frangieh_melanoma_control,frangieh_melanoma_coculture,delta_cosine,10,source_u_only,executed,243,-0.27050195216862793,0.4119360520254708,0.04057048241695154,0.6625514403292181,0.028105891354846285,True
frangieh_melanoma_control,frangieh_melanoma_control,frangieh_melanoma_coculture,delta_cosine,10,ridge_source_features,executed,243,-0.3736409356192057,0.36709118005690283,0.04106928752743761,0.6625514403292181,0.028119756201234688,True
frangieh_melanoma_control,frangieh_melanoma_control,frangieh_melanoma_coculture,delta_cosine,20,source_u_only,executed,234,-0.06305854894814138,0.48820220615092413,0.039019250456871615,0.8632478632478633,0.04464569489223168,True
frangieh_melanoma_control,frangieh_melanoma_control,frangieh_melanoma_coculture,delta_cosine,20,ridge_source_features,executed,234,-0.06947877572036162,0.5040543502081964,0.039191191564641806,0.8632478632478633,0.044531312482471004,True
frangieh_melanoma_control,frangieh_melanoma_control,frangieh_melanoma_coculture,delta_cosine,40,source_u_only,executed,223,-0.12035121284000207,0.4828667953667954,0.047383456810635084,0.8834080717488789,0.060648250682452526,True
frangieh_melanoma_control,frangieh_melanoma_control,frangieh_melanoma_coculture,delta_cosine,40,ridge_source_features,executed,223,-0.06343386948768115,0.49983912483912474,0.04783470721816801,0.8834080717488789,0.060369139040443026,True
frangieh_melanoma_control,frangieh_melanoma_control,frangieh_melanoma_coculture,delta_cosine,80,source_u_only,executed,207,-0.2640369002516969,0.3735063480209111,0.05650545461503278,0.9855072463768116,0.10127928719986955,True
frangieh_melanoma_control,frangieh_melanoma_control,frangieh_melanoma_coculture,delta_cosine,80,ridge_source_features,executed,207,-0.10540938288408797,0.4473487677371173,0.05658256323211837,0.9855072463768116,0.10095972173993617,True
frangieh_melanoma_control,frangieh_melanoma_control,frangieh_melanoma_coculture,delta_cosine,160,source_u_only,executed,139,-0.10976175129062422,0.4788819875776398,0.06606726631372838,0.9928057553956835,0.10569575074343684,True
frangieh_melanoma_control,frangieh_melanoma_control,frangieh_melanoma_coculture,delta_cosine,160,ridge_source_features,executed,139,-0.012576564781381394,0.5244306418219462,0.06603712865381657,0.9928057553956835,0.10542096377511578,True
frangieh_melanoma_control,frangieh_melanoma_control,frangieh_melanoma_coculture,delta_cosine,full,source_u_only,executed,243,-0.953792555251483,0.006233062330623307,0.07406097585655921,0.9711934156378601,0.14396057319592362,True
frangieh_melanoma_control,frangieh_melanoma_control,frangieh_melanoma_coculture,delta_cosine,full,ridge_source_features,executed,243,-0.25279875321759404,0.37350948509485093,0.07489589334329948,0.9711934156378601,0.1441024421975356,True
frangieh_melanoma_control,frangieh_melanoma_control,frangieh_melanoma_coculture,systema_centroid_accuracy,10,source_u_only,executed,243,-0.3565536136326002,0.3322043083593009,0.03500149607956659,0.6090534979423868,0.013918516120734756,True
frangieh_melanoma_control,frangieh_melanoma_control,frangieh_melanoma_coculture,systema_centroid_accuracy,10,ridge_source_features,executed,243,-0.08512931935684047,0.46626473377591116,0.035307190779581644,0.6090534979423868,0.013959699162500559,True
frangieh_melanoma_control,frangieh_melanoma_control,frangieh_melanoma_coculture,systema_centroid_accuracy,20,source_u_only,executed,234,-0.2930466483566657,0.3933084958725984,0.03932944021550264,0.7222222222222222,0.029371218992546876,True
frangieh_melanoma_control,frangieh_melanoma_control,frangieh_melanoma_coculture,systema_centroid_accuracy,20,ridge_source_features,executed,234,-0.05888561868837644,0.45174957995470816,0.03960885990152962,0.7222222222222222,0.029154547450657146,True
frangieh_melanoma_control,frangieh_melanoma_control,frangieh_melanoma_coculture,systema_centroid_accuracy,40,source_u_only,executed,223,0.0011156656336028534,0.5300836550836551,0.034011047010939176,0.8878923766816144,0.04187435480722289,True
frangieh_melanoma_control,frangieh_melanoma_control,frangieh_melanoma_coculture,systema_centroid_accuracy,40,ridge_source_features,executed,223,-0.016645168550998145,0.4936454311454311,0.03445464706593435,0.8878923766816144,0.04173441699017487,True
frangieh_melanoma_control,frangieh_melanoma_control,frangieh_melanoma_coculture,systema_centroid_accuracy,80,source_u_only,executed,207,-0.7407214988472904,0.14833831217326363,0.04157108594264023,0.893719806763285,0.05368858480623309,True
frangieh_melanoma_control,frangieh_melanoma_control,frangieh_melanoma_coculture,systema_centroid_accuracy,80,ridge_source_features,executed,207,-0.2017553116645561,0.4282113517550411,0.042350881168718726,0.893719806763285,0.05367362390288873,True
frangieh_melanoma_control,frangieh_melanoma_control,frangieh_melanoma_coculture,systema_centroid_accuracy,160,source_u_only,executed,139,-0.6826630799672252,0.18737060041407871,0.049274099170586554,0.935251798561151,0.06699760055053647,True
frangieh_melanoma_control,frangieh_melanoma_control,frangieh_melanoma_coculture,systema_centroid_accuracy,160,ridge_source_features,executed,139,-0.12471750828631523,0.4318840579710145,0.05034924584522781,0.935251798561151,0.06739048758658253,True
frangieh_melanoma_control,frangieh_melanoma_control,frangieh_melanoma_coculture,systema_centroid_accuracy,full,source_u_only,executed,243,-0.8608630560470977,0.05161902181276249,0.04604877920612413,0.7736625514403292,0.04574348940853674,True
frangieh_melanoma_control,frangieh_melanoma_control,frangieh_melanoma_coculture,systema_centroid_accuracy,full,ridge_source_features,executed,243,-0.32705092707378774,0.3263785394932936,0.046358982808594476,0.7736625514403292,0.0454184695180992,True
frangieh_melanoma_control,frangieh_melanoma_control,frangieh_melanoma_ifng,absolute_effect_rank_agreement,10,source_u_only,executed,243,-0.9519486971051799,0.02059341552635144,0.023588653417075254,0.5432098765432098,0.006274962434747616,True
frangieh_melanoma_control,frangieh_melanoma_control,frangieh_melanoma_ifng,absolute_effect_rank_agreement,10,ridge_source_features,executed,243,-0.3410826262291736,0.3530686898794201,0.02365399046746579,0.5432098765432098,0.006246865032576111,True
frangieh_melanoma_control,frangieh_melanoma_control,frangieh_melanoma_ifng,absolute_effect_rank_agreement,20,source_u_only,executed,235,-0.728543556455565,0.14790670722874114,0.020933303105179223,0.4765957446808511,0.0011990600309741578,True
frangieh_melanoma_control,frangieh_melanoma_control,frangieh_melanoma_ifng,absolute_effect_rank_agreement,20,ridge_source_features,executed,235,0.010089045465893644,0.5158626684050412,0.021097909170203124,0.4765957446808511,0.0012512582854916079,True
frangieh_melanoma_control,frangieh_melanoma_control,frangieh_melanoma_ifng,absolute_effect_rank_agreement,40,source_u_only,executed,226,0.02744064558886593,0.5035633174093508,0.024209200484340228,0.5575221238938053,0.007607832153466046,True
frangieh_melanoma_control,frangieh_melanoma_control,frangieh_melanoma_ifng,absolute_effect_rank_agreement,40,ridge_source_features,executed,226,-0.008206047847387366,0.4785809382097267,0.024493407024061185,0.5575221238938053,0.007732902234211728,True
frangieh_melanoma_control,frangieh_melanoma_control,frangieh_melanoma_ifng,absolute_effect_rank_agreement,80,source_u_only,executed,208,-0.1221836759051143,0.45025887573964496,0.026993582120849593,0.75,0.022470296578714005,True
frangieh_melanoma_control,frangieh_melanoma_control,frangieh_melanoma_ifng,absolute_effect_rank_agreement,80,ridge_source_features,executed,208,-0.0645479830922299,0.48687130177514787,0.026938403695441974,0.75,0.022605293213173137,True
frangieh_melanoma_control,frangieh_melanoma_control,frangieh_melanoma_ifng,absolute_effect_rank_agreement,160,source_u_only,executed,139,-0.1310672182261176,0.4515527950310559,0.03936546744827721,0.8705035971223022,0.046269533017418464,True
frangieh_melanoma_control,frangieh_melanoma_control,frangieh_melanoma_ifng,absolute_effect_rank_agreement,160,ridge_source_features,executed,139,0.04357214751795417,0.5664596273291925,0.03863199688122103,0.8705035971223022,0.04582239255367531,True
frangieh_melanoma_control,frangieh_melanoma_control,frangieh_melanoma_ifng,absolute_effect_rank_agreement,full,source_u_only,executed,243,-0.20158959416892952,0.422910174773066,0.04980516580128749,0.8847736625514403,0.06378746125824054,True
frangieh_melanoma_control,frangieh_melanoma_control,frangieh_melanoma_ifng,absolute_effect_rank_agreement,full,ridge_source_features,executed,243,-0.2133738418823971,0.388091044573906,0.05043437837395728,0.8847736625514403,0.06411564626037584,True
frangieh_melanoma_control,frangieh_melanoma_control,frangieh_melanoma_ifng,delta_cosine,10,source_u_only,executed,243,-0.4317079687870839,0.32495596802601273,0.04352382477089782,0.7160493827160493,0.03391226165128529,True
frangieh_melanoma_control,frangieh_melanoma_control,frangieh_melanoma_ifng,delta_cosine,10,ridge_source_features,executed,243,-0.21504338593896863,0.40556835117192785,0.04411595790438598,0.7160493827160493,0.0341767178077575,True
frangieh_melanoma_control,frangieh_melanoma_control,frangieh_melanoma_ifng,delta_cosine,20,source_u_only,executed,235,-0.94396861308421,0.0343328987396784,0.04216772041669741,0.6340425531914894,0.0254836611839725,True
frangieh_melanoma_control,frangieh_melanoma_control,frangieh_melanoma_ifng,delta_cosine,20,ridge_source_features,executed,235,-0.30946080553802724,0.34738519484282193,0.04253197858711623,0.6340425531914894,0.025030222042469644,True
frangieh_melanoma_control,frangieh_melanoma_control,frangieh_melanoma_ifng,delta_cosine,40,source_u_only,executed,226,-0.4477025964953134,0.27331819249745476,0.037168763478970135,0.8053097345132744,0.037329762673560106,True
frangieh_melanoma_control,frangieh_melanoma_control,frangieh_melanoma_ifng,delta_cosine,40,ridge_source_features,executed,226,-0.09681550911102053,0.45250215365337926,0.03687615745500119,0.8053097345132744,0.03702113843556226,True
frangieh_melanoma_control,frangieh_melanoma_control,frangieh_melanoma_ifng,delta_cosine,80,source_u_only,executed,208,-0.015930293962330574,0.49593195266272183,0.04742714502475361,0.9519230769230769,0.06724454118645606,True
frangieh_melanoma_control,frangieh_melanoma_control,frangieh_melanoma_ifng,delta_cosine,80,ridge_source_features,executed,208,0.028690798141599055,0.5194156804733728,0.04745886051230286,0.9519230769230769,0.06687424614965587,True
frangieh_melanoma_control,frangieh_melanoma_control,frangieh_melanoma_ifng,delta_cosine,160,source_u_only,executed,139,-0.4417070040073849,0.2737060041407868,0.05839190167726185,1.0,0.11335889661973639,True
frangieh_melanoma_control,frangieh_melanoma_control,frangieh_melanoma_ifng,delta_cosine,160,ridge_source_features,executed,139,-0.08712428420457617,0.4530020703933747,0.05899564225367809,1.0,0.11211243236165208,True
frangieh_melanoma_control,frangieh_melanoma_control,frangieh_melanoma_ifng,delta_cosine,full,source_u_only,executed,243,0.003629003256693789,0.4853339655873188,0.06790672908384385,0.9423868312757202,0.1024760450072408,True
frangieh_melanoma_control,frangieh_melanoma_control,frangieh_melanoma_ifng,delta_cosine,full,ridge_source_features,executed,243,0.04420016914653873,0.50626608860588,0.06794282187942506,0.9423868312757202,0.10192786493234796,True
frangieh_melanoma_control,frangieh_melanoma_control,frangieh_melanoma_ifng,systema_centroid_accuracy,10,source_u_only,executed,243,-0.7958405047327054,0.14408616718601816,0.03737266795433967,0.691358024691358,0.022152580827165966,True
frangieh_melanoma_control,frangieh_melanoma_control,frangieh_melanoma_ifng,systema_centroid_accuracy,10,ridge_source_features,executed,243,-0.31810153196144253,0.3576751117734724,0.03778513316654145,0.691358024691358,0.02222662030103249,True
frangieh_melanoma_control,frangieh_melanoma_control,frangieh_melanoma_ifng,systema_centroid_accuracy,20,source_u_only,executed,235,-0.9218020198900863,0.030059394466174127,0.032364990215071526,0.6936170212765957,0.021732638125535265,True
frangieh_melanoma_control,frangieh_melanoma_control,frangieh_melanoma_ifng,systema_centroid_accuracy,20,ridge_source_features,executed,235,-0.14423242074038978,0.42481529769665366,0.033184350712954565,0.6936170212765957,0.0215149787033223,True
frangieh_melanoma_control,frangieh_melanoma_control,frangieh_melanoma_ifng,systema_centroid_accuracy,40,source_u_only,executed,226,-0.4284534344098584,0.2989270890437779,0.0295227187684899,0.7123893805309734,0.020128436997168882,True
frangieh_melanoma_control,frangieh_melanoma_control,frangieh_melanoma_ifng,systema_centroid_accuracy,40,ridge_source_features,executed,226,-0.060030439374919746,0.5171117550317175,0.030114771059133117,0.7123893805309734,0.020279883074034118,True
frangieh_melanoma_control,frangieh_melanoma_control,frangieh_melanoma_ifng,systema_centroid_accuracy,80,source_u_only,executed,208,-0.013896667786827969,0.5140532544378699,0.03503233787180019,0.8461538461538461,0.03778062616365117,True
frangieh_melanoma_control,frangieh_melanoma_control,frangieh_melanoma_ifng,systema_centroid_accuracy,80,ridge_source_features,executed,208,0.06588415398484049,0.5134985207100592,0.03609600351636297,0.8461538461538461,0.037638982111473714,True
frangieh_melanoma_control,frangieh_melanoma_control,frangieh_melanoma_ifng,systema_centroid_accuracy,160,source_u_only,executed,139,-0.1885517672818267,0.43250517598343685,0.03850704578458387,0.8633093525179856,0.04404296251355761,True
frangieh_melanoma_control,frangieh_melanoma_control,frangieh_melanoma_ifng,systema_centroid_accuracy,160,ridge_source_features,executed,139,0.03848250592072925,0.5178053830227742,0.039258014014348044,0.8633093525179856,0.044538060056881025,True
frangieh_melanoma_control,frangieh_melanoma_control,frangieh_melanoma_ifng,systema_centroid_accuracy,full,source_u_only,executed,243,-0.9036525213861037,0.03210947026148218,0.04264118937236334,0.7160493827160493,0.037147757808252184,True
frangieh_melanoma_control,frangieh_melanoma_control,frangieh_melanoma_ifng,systema_centroid_accuracy,full,ridge_source_features,executed,243,-0.35918999149074454,0.2893239398455493,0.04301274029956594,0.7160493827160493,0.03661038123724352,True
frangieh_melanoma_ifng,frangieh_melanoma_coculture,frangieh_melanoma_ifng,absolute_effect_rank_agreement,10,source_u_only,executed,243,-0.022555837626071253,0.5158515106354153,0.013728909379117875,0.48148148148148145,0.0023199252706291224,True
frangieh_melanoma_ifng,frangieh_melanoma_coculture,frangieh_melanoma_ifng,absolute_effect_rank_agreement,10,ridge_source_features,executed,243,0.09122065631504454,0.5900284514293456,0.013646268527890273,0.48148148148148145,0.002338318710131468,True
frangieh_melanoma_ifng,frangieh_melanoma_coculture,frangieh_melanoma_ifng,absolute_effect_rank_agreement,20,source_u_only,executed,237,-0.657989864042592,0.2009685230024213,0.015112316036126982,0.48523206751054854,0.0010277753360011862,True
frangieh_melanoma_ifng,frangieh_melanoma_coculture,frangieh_melanoma_ifng,absolute_effect_rank_agreement,20,ridge_source_features,executed,237,-0.34907393551713756,0.29155390969947304,0.015527726797763727,0.48523206751054854,0.0010207863821862942,True
frangieh_melanoma_ifng,frangieh_melanoma_coculture,frangieh_melanoma_ifng,absolute_effect_rank_agreement,40,source_u_only,executed,225,-0.3726334664104322,0.3414981036662453,0.015716670120400008,0.6088888888888889,0.005857362535181478,True
frangieh_melanoma_ifng,frangieh_melanoma_coculture,frangieh_melanoma_ifng,absolute_effect_rank_agreement,40,ridge_source_features,executed,225,-0.2654326092671087,0.4058944374209861,0.015896970199250744,0.6088888888888889,0.005835559300244632,True
frangieh_melanoma_ifng,frangieh_melanoma_coculture,frangieh_melanoma_ifng,absolute_effect_rank_agreement,80,source_u_only,executed,209,-0.2944502865555497,0.3758241758241758,0.018628838004413454,0.7033492822966507,0.014838171459573779,True
frangieh_melanoma_ifng,frangieh_melanoma_coculture,frangieh_melanoma_ifng,absolute_effect_rank_agreement,80,ridge_source_features,executed,209,-0.03836558178663441,0.5111721611721611,0.01836339694905441,0.7033492822966507,0.014846625293986896,True
frangieh_melanoma_ifng,frangieh_melanoma_coculture,frangieh_melanoma_ifng,absolute_effect_rank_agreement,160,source_u_only,executed,186,-0.9009415423228986,0.03757659845068794,0.019970536409229633,0.7580645161290323,0.017034404446755805,True
frangieh_melanoma_ifng,frangieh_melanoma_coculture,frangieh_melanoma_ifng,absolute_effect_rank_agreement,160,ridge_source_features,executed,186,-0.26326912631751087,0.3670944617874899,0.020179868687801455,0.7580645161290323,0.016904642736626067,True
frangieh_melanoma_ifng,frangieh_melanoma_coculture,frangieh_melanoma_ifng,absolute_effect_rank_agreement,full,source_u_only,executed,243,0.031955933813076084,0.5056225443706814,0.04728826940583912,0.9218106995884774,0.06715182133924412,True
frangieh_melanoma_ifng,frangieh_melanoma_coculture,frangieh_melanoma_ifng,absolute_effect_rank_agreement,full,ridge_source_features,executed,243,0.04543858868467117,0.5138870071805988,0.04774139769054772,0.9218106995884774,0.06702705474391553,True
frangieh_melanoma_ifng,frangieh_melanoma_coculture,frangieh_melanoma_ifng,delta_cosine,10,source_u_only,executed,243,-0.2545058055964186,0.3593686492345211,0.041124640334186946,0.6954732510288066,0.02821640671326228,True
frangieh_melanoma_ifng,frangieh_melanoma_coculture,frangieh_melanoma_ifng,delta_cosine,10,ridge_source_features,executed,243,-0.07385082434555874,0.4584744614550874,0.04160736130515,0.6954732510288066,0.02825990712921096,True
frangieh_melanoma_ifng,frangieh_melanoma_coculture,frangieh_melanoma_ifng,delta_cosine,20,source_u_only,executed,237,-0.4955479382593855,0.2460475715710013,0.04025219177374046,0.7510548523206751,0.034083651450218584,True
frangieh_melanoma_ifng,frangieh_melanoma_coculture,frangieh_melanoma_ifng,delta_cosine,20,ridge_source_features,executed,237,-0.26893743225003686,0.3753738783649053,0.040124999109010906,0.7510548523206751,0.03403349996930758,True
frangieh_melanoma_ifng,frangieh_melanoma_coculture,frangieh_melanoma_ifng,delta_cosine,40,source_u_only,executed,225,-0.12232149300542194,0.43963337547408343,0.04096216834402384,0.8755555555555555,0.05418126609316006,True
frangieh_melanoma_ifng,frangieh_melanoma_coculture,frangieh_melanoma_ifng,delta_cosine,40,ridge_source_features,executed,225,-0.04989941524410832,0.47400442477876115,0.04159353912318096,0.8755555555555555,0.05412570473828752,True
frangieh_melanoma_ifng,frangieh_melanoma_coculture,frangieh_melanoma_ifng,delta_cosine,80,source_u_only,executed,209,-0.9616248756588917,0.004945054945054946,0.049719425469846,0.9808612440191388,0.08879388647320065,True
frangieh_melanoma_ifng,frangieh_melanoma_coculture,frangieh_melanoma_ifng,delta_cosine,80,ridge_source_features,executed,209,-0.27379734535115885,0.3426739926739926,0.050893597444168985,0.9808612440191388,0.08872754354855908,True
frangieh_melanoma_ifng,frangieh_melanoma_coculture,frangieh_melanoma_ifng,delta_cosine,160,source_u_only,executed,186,-0.8002150230831597,0.09376806567233206,0.05601346830542374,0.9838709677419355,0.11579254939251585,True
frangieh_melanoma_ifng,frangieh_melanoma_coculture,frangieh_melanoma_ifng,delta_cosine,160,ridge_source_features,executed,186,-0.27901715988647424,0.35691987513007284,0.05611830461994039,0.9838709677419355,0.11550833267069274,True
frangieh_melanoma_ifng,frangieh_melanoma_coculture,frangieh_melanoma_ifng,delta_cosine,full,source_u_only,executed,243,-0.38142014488273024,0.2979948516461184,0.07632586061149617,0.9753086419753086,0.14977856910887907,True
frangieh_melanoma_ifng,frangieh_melanoma_coculture,frangieh_melanoma_ifng,delta_cosine,full,ridge_source_features,executed,243,-0.1880117645690773,0.4299552906110283,0.07727198946832288,0.9753086419753086,0.14998619107780695,True
frangieh_melanoma_ifng,frangieh_melanoma_coculture,frangieh_melanoma_ifng,systema_centroid_accuracy,10,source_u_only,executed,243,-0.9522528966291907,0.013209592196179377,0.035001916162291896,0.5061728395061729,0.008187581661466607,True
frangieh_melanoma_ifng,frangieh_melanoma_coculture,frangieh_melanoma_ifng,systema_centroid_accuracy,10,ridge_source_features,executed,243,-0.07054944011849065,0.4607776724021134,0.035291080251219256,0.5061728395061729,0.008318013903107893,True
frangieh_melanoma_ifng,frangieh_melanoma_coculture,frangieh_melanoma_ifng,systema_centroid_accuracy,20,source_u_only,executed,237,-0.13040943408685535,0.4569861843042302,0.02903624168428353,0.5822784810126582,0.008785867750328006,True
frangieh_melanoma_ifng,frangieh_melanoma_coculture,frangieh_melanoma_ifng,systema_centroid_accuracy,20,ridge_source_features,executed,237,-0.14162263246937495,0.45620282011109525,0.029224454094220927,0.5822784810126582,0.00884148667799389,True
frangieh_melanoma_ifng,frangieh_melanoma_coculture,frangieh_melanoma_ifng,systema_centroid_accuracy,40,source_u_only,executed,225,-0.09757935438739887,0.47289823008849563,0.025308741946997254,0.6088888888888889,0.007274256341839523,True
frangieh_melanoma_ifng,frangieh_melanoma_coculture,frangieh_melanoma_ifng,systema_centroid_accuracy,40,ridge_source_features,executed,225,0.0012033827460357133,0.5022123893805309,0.025625371782396215,0.6088888888888889,0.007240285991200002,True
frangieh_melanoma_ifng,frangieh_melanoma_coculture,frangieh_melanoma_ifng,systema_centroid_accuracy,80,source_u_only,executed,209,-0.22149502520343523,0.4095238095238095,0.026347620027901274,0.7559808612440191,0.02120834363809923,True
frangieh_melanoma_ifng,frangieh_melanoma_coculture,frangieh_melanoma_ifng,systema_centroid_accuracy,80,ridge_source_features,executed,209,-0.16535706574908413,0.4530219780219781,0.026928174578565483,0.7559808612440191,0.021336008716434537,True
frangieh_melanoma_ifng,frangieh_melanoma_coculture,frangieh_melanoma_ifng,systema_centroid_accuracy,160,source_u_only,executed,186,-0.8114736060810634,0.14579720198866922,0.03218195707338042,0.9193548387096774,0.04302345161034441,True
frangieh_melanoma_ifng,frangieh_melanoma_coculture,frangieh_melanoma_ifng,systema_centroid_accuracy,160,ridge_source_features,executed,186,-0.18363849301222257,0.45646895594866455,0.03239563742700056,0.9193548387096774,0.04303560277090156,True
frangieh_melanoma_ifng,frangieh_melanoma_coculture,frangieh_melanoma_ifng,systema_centroid_accuracy,full,source_u_only,executed,243,-0.004927523811117428,0.509890258772524,0.024939357361597147,0.8148148148148148,0.029648157471909898,True
frangieh_melanoma_ifng,frangieh_melanoma_coculture,frangieh_melanoma_ifng,systema_centroid_accuracy,full,ridge_source_features,executed,243,0.0648234071794997,0.5510093483267849,0.02505605176125194,0.8148148148148148,0.029756244880531885,True
frangieh_melanoma_ifng,frangieh_melanoma_control,frangieh_melanoma_coculture,absolute_effect_rank_agreement,10,source_u_only,executed,243,-0.2152315568466591,0.386736214605067,0.012937483781807714,0.5637860082304527,0.0036693832059775315,True
frangieh_melanoma_ifng,frangieh_melanoma_control,frangieh_melanoma_coculture,absolute_effect_rank_agreement,10,ridge_source_features,executed,243,-0.04087615719881617,0.4978322720498577,0.013019735612142416,0.5637860082304527,0.0037051152012783483,True
frangieh_melanoma_ifng,frangieh_melanoma_control,frangieh_melanoma_coculture,absolute_effect_rank_agreement,20,source_u_only,executed,234,-0.1847901420032555,0.4082109723135364,0.014318787027740447,0.5470085470085471,0.004095657553957574,True
frangieh_melanoma_ifng,frangieh_melanoma_control,frangieh_melanoma_coculture,absolute_effect_rank_agreement,20,ridge_source_features,executed,234,-0.06549128296240143,0.4732266783548834,0.014387331273276424,0.5470085470085471,0.004098086059067684,True
frangieh_melanoma_ifng,frangieh_melanoma_control,frangieh_melanoma_coculture,absolute_effect_rank_agreement,40,source_u_only,executed,223,-0.23593737445715623,0.43581081081081086,0.019847333959510608,0.726457399103139,0.01450428264373989,True
frangieh_melanoma_ifng,frangieh_melanoma_control,frangieh_melanoma_coculture,absolute_effect_rank_agreement,40,ridge_source_features,executed,223,0.06429740118080926,0.5687741312741313,0.019722015845566935,0.726457399103139,0.014499622984375321,True
frangieh_melanoma_ifng,frangieh_melanoma_control,frangieh_melanoma_coculture,absolute_effect_rank_agreement,80,source_u_only,executed,207,-0.20322677751808718,0.4316654219566841,0.02060877176402277,0.7632850241545893,0.018365818529558854,True
frangieh_melanoma_ifng,frangieh_melanoma_control,frangieh_melanoma_coculture,absolute_effect_rank_agreement,80,ridge_source_features,executed,207,-0.10435006138994964,0.48571695294996264,0.02051653223950008,0.7632850241545893,0.018392611297310704,True
frangieh_melanoma_ifng,frangieh_melanoma_control,frangieh_melanoma_coculture,absolute_effect_rank_agreement,160,source_u_only,executed,139,-0.7096728067308672,0.14430641821946166,0.03366290756386133,0.8057553956834532,0.035258246616102655,True
frangieh_melanoma_ifng,frangieh_melanoma_control,frangieh_melanoma_coculture,absolute_effect_rank_agreement,160,ridge_source_features,executed,139,0.05719654273713602,0.5082815734989647,0.03318378672195207,0.8057553956834532,0.03528784405414859,True
frangieh_melanoma_ifng,frangieh_melanoma_control,frangieh_melanoma_coculture,absolute_effect_rank_agreement,full,source_u_only,executed,243,-0.09468081259317097,0.4871273712737128,0.051157668939390416,0.8477366255144033,0.06005675123298665,True
frangieh_melanoma_ifng,frangieh_melanoma_control,frangieh_melanoma_coculture,absolute_effect_rank_agreement,full,ridge_source_features,executed,243,-0.07428197113036056,0.4609078590785908,0.05154388959283813,0.8477366255144033,0.059978909472371285,True
frangieh_melanoma_ifng,frangieh_melanoma_control,frangieh_melanoma_coculture,delta_cosine,10,source_u_only,executed,243,-0.09791573626645657,0.4640292643273269,0.04140170807350634,0.6954732510288066,0.027489202905825252,True
frangieh_melanoma_ifng,frangieh_melanoma_control,frangieh_melanoma_coculture,delta_cosine,10,ridge_source_features,executed,243,-0.1307118209751096,0.43551009348326786,0.04182151627416981,0.6954732510288066,0.027580097954389246,True
frangieh_melanoma_ifng,frangieh_melanoma_control,frangieh_melanoma_coculture,delta_cosine,20,source_u_only,executed,234,-0.2361462618889821,0.3987142961501936,0.041164002074825116,0.8632478632478633,0.05473141691471806,True
frangieh_melanoma_ifng,frangieh_melanoma_control,frangieh_melanoma_coculture,delta_cosine,20,ridge_source_features,executed,234,-0.12262558105614345,0.43166045730148295,0.041656272047743755,0.8632478632478633,0.05464663280404195,True
frangieh_melanoma_ifng,frangieh_melanoma_control,frangieh_melanoma_coculture,delta_cosine,40,source_u_only,executed,223,-0.06319746047961589,0.5004826254826256,0.04549378802954436,0.9103139013452914,0.0656761801825718,True
frangieh_melanoma_ifng,frangieh_melanoma_control,frangieh_melanoma_coculture,delta_cosine,40,ridge_source_features,executed,223,-0.040048738707402096,0.5137548262548263,0.04578734978127301,0.9103139013452914,0.06572886741360967,True
frangieh_melanoma_ifng,frangieh_melanoma_control,frangieh_melanoma_coculture,delta_cosine,80,source_u_only,executed,207,-0.6011080632233298,0.22451456310679613,0.04888518021742704,0.9951690821256038,0.09541255270030342,True
frangieh_melanoma_ifng,frangieh_melanoma_control,frangieh_melanoma_coculture,delta_cosine,80,ridge_source_features,executed,207,-0.3280179427832134,0.3191747572815534,0.049361208365002435,0.9951690821256038,0.09558300541049616,True
frangieh_melanoma_ifng,frangieh_melanoma_control,frangieh_melanoma_coculture,delta_cosine,160,source_u_only,executed,139,-0.17846925176265135,0.4229813664596273,0.0703048824178216,1.0,0.1389755955441838,True
frangieh_melanoma_ifng,frangieh_melanoma_control,frangieh_melanoma_coculture,delta_cosine,160,ridge_source_features,executed,139,0.007759532685332668,0.4788819875776397,0.07194564045830802,1.0,0.13959323833814263,True
frangieh_melanoma_ifng,frangieh_melanoma_control,frangieh_melanoma_coculture,delta_cosine,full,source_u_only,executed,243,-0.10358056613838258,0.4294133586234927,0.0833502253690373,0.9794238683127572,0.14330592972469414,True
frangieh_melanoma_ifng,frangieh_melanoma_control,frangieh_melanoma_coculture,delta_cosine,full,ridge_source_features,executed,243,-0.39356893499842277,0.2980625931445603,0.08470524332761643,0.9794238683127572,0.14310683092410575,True
frangieh_melanoma_ifng,frangieh_melanoma_control,frangieh_melanoma_coculture,systema_centroid_accuracy,10,source_u_only,executed,243,-0.15329817465932716,0.43063270559544775,0.03564322590867141,0.6172839506172839,0.014619981861345742,True
frangieh_melanoma_ifng,frangieh_melanoma_control,frangieh_melanoma_coculture,systema_centroid_accuracy,10,ridge_source_features,executed,243,0.07564634588976367,0.557241566183444,0.035458926288921666,0.6172839506172839,0.014693820181589377,True
frangieh_melanoma_ifng,frangieh_melanoma_control,frangieh_melanoma_coculture,systema_centroid_accuracy,20,source_u_only,executed,234,-0.18156262512029112,0.39805683395426983,0.03881907229276197,0.7264957264957265,0.031277356755002386,True
frangieh_melanoma_ifng,frangieh_melanoma_control,frangieh_melanoma_coculture,systema_centroid_accuracy,20,ridge_source_features,executed,234,-0.04699114236142819,0.47169259989772805,0.03907509013506435,0.7264957264957265,0.03131045944350139,True
frangieh_melanoma_ifng,frangieh_melanoma_control,frangieh_melanoma_coculture,systema_centroid_accuracy,40,source_u_only,executed,223,-0.4507535075584071,0.2685810810810811,0.03440307457630051,0.8878923766816144,0.044012151329656746,True
frangieh_melanoma_ifng,frangieh_melanoma_control,frangieh_melanoma_coculture,systema_centroid_accuracy,40,ridge_source_features,executed,223,-0.10221331516815214,0.4554375804375804,0.03462095237599303,0.8878923766816144,0.04401175309032512,True
frangieh_melanoma_ifng,frangieh_melanoma_control,frangieh_melanoma_coculture,systema_centroid_accuracy,80,source_u_only,executed,207,-0.23862451382729183,0.3400858849887976,0.04028330991110213,0.9082125603864735,0.05695518688348427,True
frangieh_melanoma_ifng,frangieh_melanoma_control,frangieh_melanoma_coculture,systema_centroid_accuracy,80,ridge_source_features,executed,207,-0.052885986218217676,0.45593726661687833,0.03880409464503623,0.9082125603864735,0.0569623854620981,True
frangieh_melanoma_ifng,frangieh_melanoma_control,frangieh_melanoma_coculture,systema_centroid_accuracy,160,source_u_only,executed,139,-0.3134277671030877,0.3420289855072464,0.05210172636330951,0.935251798561151,0.07583644043846034,True
frangieh_melanoma_ifng,frangieh_melanoma_control,frangieh_melanoma_coculture,systema_centroid_accuracy,160,ridge_source_features,executed,139,-0.28516913177532505,0.37598343685300206,0.0531943307018586,0.935251798561151,0.07494185860709984,True
frangieh_melanoma_ifng,frangieh_melanoma_control,frangieh_melanoma_coculture,systema_centroid_accuracy,full,source_u_only,executed,243,-0.17464109176587153,0.42765207966400215,0.05224311967606366,0.7860082304526749,0.051333264323776044,True
frangieh_melanoma_ifng,frangieh_melanoma_control,frangieh_melanoma_coculture,systema_centroid_accuracy,full,ridge_source_features,executed,243,-0.018485919751006018,0.5015580544641648,0.051950860064572515,0.7860082304526749,0.0513504005647532,True
frangieh_melanoma_ifng,frangieh_melanoma_control,frangieh_melanoma_ifng,absolute_effect_rank_agreement,10,source_u_only,executed,243,-0.1649652876872756,0.39283294946484215,0.014933051927961901,0.5637860082304527,0.00453220089375102,True
frangieh_melanoma_ifng,frangieh_melanoma_control,frangieh_melanoma_ifng,absolute_effect_rank_agreement,10,ridge_source_features,executed,243,0.020951371400320037,0.5205256740279094,0.014963473117963194,0.5637860082304527,0.004571308248432209,True
frangieh_melanoma_ifng,frangieh_melanoma_control,frangieh_melanoma_ifng,absolute_effect_rank_agreement,20,source_u_only,executed,235,0.01090090591993009,0.5320150659133709,0.014427205170907596,0.5276595744680851,0.0024313437328190536,True
frangieh_melanoma_ifng,frangieh_melanoma_control,frangieh_melanoma_ifng,absolute_effect_rank_agreement,20,ridge_source_features,executed,235,0.024687699309204635,0.5283210198464436,0.01458971670881553,0.5276595744680851,0.0024297710172507805,True
frangieh_melanoma_ifng,frangieh_melanoma_control,frangieh_melanoma_ifng,absolute_effect_rank_agreement,40,source_u_only,executed,226,-0.8796573906968619,0.05857937191635994,0.01569505375200669,0.5796460176991151,0.0066001076109354784,True
frangieh_melanoma_ifng,frangieh_melanoma_control,frangieh_melanoma_ifng,absolute_effect_rank_agreement,40,ridge_source_features,executed,226,-0.1545214115220519,0.4149111128514371,0.015921403956514552,0.5796460176991151,0.006574118820116462,True
frangieh_melanoma_ifng,frangieh_melanoma_control,frangieh_melanoma_ifng,absolute_effect_rank_agreement,80,source_u_only,executed,208,-0.3759635974125808,0.35909763313609466,0.019227220063508278,0.75,0.017883095021321092,True
frangieh_melanoma_ifng,frangieh_melanoma_control,frangieh_melanoma_ifng,absolute_effect_rank_agreement,80,ridge_source_features,executed,208,-0.05873714439451087,0.5141457100591715,0.019058172688838138,0.75,0.017893287451252342,True
frangieh_melanoma_ifng,frangieh_melanoma_control,frangieh_melanoma_ifng,absolute_effect_rank_agreement,160,source_u_only,executed,139,-0.011711911988688995,0.46045548654244306,0.028153419692065012,0.8345323741007195,0.030479897974394023,True
frangieh_melanoma_ifng,frangieh_melanoma_control,frangieh_melanoma_ifng,absolute_effect_rank_agreement,160,ridge_source_features,executed,139,0.02923286082792957,0.479296066252588,0.028251970237838882,0.8345323741007195,0.03059996989113179,True
frangieh_melanoma_ifng,frangieh_melanoma_control,frangieh_melanoma_ifng,absolute_effect_rank_agreement,160,source_u_only,executed,139,-0.09231422315563696,0.3993788819875776,0.02717908055282177,0.8776978417266187,0.030129558413953664,True
frangieh_melanoma_ifng,frangieh_melanoma_control,frangieh_melanoma_ifng,absolute_effect_rank_agreement,160,ridge_source_features,executed,139,0.09084409491040707,0.5281573498964803,0.02690553102771833,0.8776978417266187,0.03010749423486697,True
frangieh_melanoma_ifng,frangieh_melanoma_control,frangieh_melanoma_ifng,absolute_effect_rank_agreement,full,source_u_only,executed,243,-0.9531588129488259,0.012735401707085762,0.047936036917940836,0.8806584362139918,0.06314624042487947,True
frangieh_melanoma_ifng,frangieh_melanoma_control,frangieh_melanoma_ifng,absolute_effect_rank_agreement,full,ridge_source_features,executed,243,-0.13675190446945867,0.451497087115567,0.04871095335528004,0.8806584362139918,0.06304686477918024,True
frangieh_melanoma_ifng,frangieh_melanoma_control,frangieh_melanoma_ifng,delta_cosine,10,source_u_only,executed,243,-0.2295705501718991,0.4105812220566319,0.04197917957049105,0.7242798353909465,0.030744519535845966,True
frangieh_melanoma_ifng,frangieh_melanoma_control,frangieh_melanoma_ifng,delta_cosine,10,ridge_source_features,executed,243,-0.25326168065438853,0.37440726188863294,0.04247505083534105,0.7242798353909465,0.03068330127411471,True
frangieh_melanoma_ifng,frangieh_melanoma_control,frangieh_melanoma_ifng,delta_cosine,20,source_u_only,executed,235,-0.034908041831950946,0.4876865131102419,0.0414842416880635,0.7276595744680852,0.03279266380048978,True
frangieh_melanoma_ifng,frangieh_melanoma_control,frangieh_melanoma_ifng,delta_cosine,20,ridge_source_features,executed,235,-0.13077755277538905,0.4398812110676517,0.04167727419003059,0.7276595744680852,0.03267633526562677,True
frangieh_melanoma_ifng,frangieh_melanoma_control,frangieh_melanoma_ifng,delta_cosine,40,source_u_only,executed,226,-0.08880123940619623,0.45915890046205654,0.03909483856221203,0.8097345132743363,0.03905441573040073,True
frangieh_melanoma_ifng,frangieh_melanoma_control,frangieh_melanoma_ifng,delta_cosine,40,ridge_source_features,executed,226,0.05471289091078918,0.5226720964836714,0.03932615100856306,0.8097345132743363,0.039207063062710434,True
frangieh_melanoma_ifng,frangieh_melanoma_control,frangieh_melanoma_ifng,delta_cosine,80,source_u_only,executed,208,0.06293443784868943,0.5637943786982249,0.04377553311518513,0.9134615384615384,0.06244318770073698,True
frangieh_melanoma_ifng,frangieh_melanoma_control,frangieh_melanoma_ifng,delta_cosine,80,ridge_source_features,executed,208,0.0628964323505607,0.5659208579881657,0.04359023736724811,0.9134615384615384,0.062489271519080805,True
frangieh_melanoma_ifng,frangieh_melanoma_control,frangieh_melanoma_ifng,delta_cosine,160,source_u_only,executed,139,-0.6253771676320624,0.21511387163561077,0.06515084404608769,0.9856115107913669,0.12384549933185598,True
frangieh_melanoma_ifng,frangieh_melanoma_control,frangieh_melanoma_ifng,delta_cosine,160,ridge_source_features,executed,139,-0.1272086858313116,0.460455486542443,0.06506781486730992,0.9856115107913669,0.12322896192433432,True
frangieh_melanoma_ifng,frangieh_melanoma_control,frangieh_melanoma_ifng,delta_cosine,full,source_u_only,executed,243,-0.9056300567694534,0.041661021541796496,0.074703736967449,0.9794238683127572,0.11946175632625604,True
frangieh_melanoma_ifng,frangieh_melanoma_control,frangieh_melanoma_ifng,delta_cosine,full,ridge_source_features,executed,243,-0.3577463381227121,0.328207559951226,0.07596178650214855,0.9794238683127572,0.11941741945354416,True
frangieh_melanoma_ifng,frangieh_melanoma_control,frangieh_melanoma_ifng,systema_centroid_accuracy,10,source_u_only,executed,243,-0.5598790019500897,0.26886600731608185,0.03726965141098034,0.6831275720164609,0.02205011349105858,True
frangieh_melanoma_ifng,frangieh_melanoma_control,frangieh_melanoma_ifng,systema_centroid_accuracy,10,ridge_source_features,executed,243,-0.07943403220690941,0.4757485435577835,0.038070393654633876,0.6831275720164609,0.022120345965880542,True
frangieh_melanoma_ifng,frangieh_melanoma_control,frangieh_melanoma_ifng,systema_centroid_accuracy,20,source_u_only,executed,235,-0.5938537361184313,0.20273794002607565,0.03292976238428958,0.6936170212765957,0.02311133411862798,True
frangieh_melanoma_ifng,frangieh_melanoma_control,frangieh_melanoma_ifng,systema_centroid_accuracy,20,ridge_source_features,executed,235,-0.04988487891481039,0.4360423004490801,0.032810271149937106,0.6936170212765957,0.023181824084976668,True
frangieh_melanoma_ifng,frangieh_melanoma_control,frangieh_melanoma_ifng,systema_centroid_accuracy,40,source_u_only,executed,226,-0.1674824893116578,0.4213329156551022,0.030671086262548632,0.7212389380530974,0.022623758408209526,True
frangieh_melanoma_ifng,frangieh_melanoma_control,frangieh_melanoma_ifng,systema_centroid_accuracy,40,ridge_source_features,executed,226,-0.035122217457409066,0.4904847677970084,0.030670779435142313,0.7212389380530974,0.022776613484815654,True
frangieh_melanoma_ifng,frangieh_melanoma_control,frangieh_melanoma_ifng,systema_centroid_accuracy,80,source_u_only,executed,208,-0.08989161105865912,0.4311205621301775,0.03565660358465904,0.8605769230769231,0.039330912964905776,True
frangieh_melanoma_ifng,frangieh_melanoma_control,frangieh_melanoma_ifng,systema_centroid_accuracy,80,ridge_source_features,executed,208,0.011269622825686897,0.4810465976331361,0.03667514471380085,0.8605769230769231,0.0393044047869545,True
frangieh_melanoma_ifng,frangieh_melanoma_control,frangieh_melanoma_ifng,systema_centroid_accuracy,160,source_u_only,executed,139,-0.6100413446106677,0.21821946169772255,0.03827731710162813,0.935251798561151,0.053976099870317804,True
frangieh_melanoma_ifng,frangieh_melanoma_control,frangieh_melanoma_ifng,systema_centroid_accuracy,160,ridge_source_features,executed,139,-0.08014665551041185,0.4745341614906833,0.03827620811870792,0.935251798561151,0.053539945525186095,True
frangieh_melanoma_ifng,frangieh_melanoma_control,frangieh_melanoma_ifng,systema_centroid_accuracy,full,source_u_only,executed,243,-0.3824390593392425,0.31391410377997564,0.04545515536855662,0.7654320987654321,0.040477809815927954,True
frangieh_melanoma_ifng,frangieh_melanoma_control,frangieh_melanoma_ifng,systema_centroid_accuracy,full,ridge_source_features,executed,243,-0.08407572062683367,0.46728085625254023,0.046274176921179334,0.7654320987654321,0.04053358574581746,True
